customer_id,frequency,monetary_total,avg_order_value,first_purchase,last_purchase,category_diversity,recency_days,tenure_days,r_score,f_score,m_score,avg_days_between_orders,rfm_total_score
3667,1,33.9,33.9,2022-12-19 00:00:00,2022-12-19 00:00:00,1,1288,0,1,1,1,,3
3854,1,37.95,37.95,2022-12-19 00:00:00,2022-12-19 00:00:00,1,1288,0,1,1,1,,3
3833,1,53.85,53.85,2023-01-21 00:00:00,2023-01-21 00:00:00,1,1255,0,1,1,1,,3
3882,1,31.33,31.33,2023-02-05 00:00:00,2023-02-05 00:00:00,1,1240,0,1,1,1,,3
3372,1,36.83,36.83,2023-02-07 00:00:00,2023-02-07 00:00:00,1,1238,0,1,1,1,,3
3990,1,61.02,61.02,2023-04-06 00:00:00,2023-04-06 00:00:00,1,1180,0,1,1,1,,3
3612,1,44.67,44.67,2023-04-30 00:00:00,2023-04-30 00:00:00,1,1156,0,1,1,1,,3
3797,1,64.28,64.28,2023-05-01 00:00:00,2023-05-01 00:00:00,1,1155,0,1,1,1,,3
3722,1,57.28,57.28,2023-05-02 00:00:00,2023-05-02 00:00:00,1,1154,0,1,1,1,,3
3716,1,46.69,46.69,2023-05-03 00:00:00,2023-05-03 00:00:00,1,1153,0,1,1,1,,3
3676,1,14.82,14.82,2023-05-08 00:00:00,2023-05-08 00:00:00,1,1148,0,1,1,1,,3
2950,1,36.33,36.33,2023-05-12 00:00:00,2023-05-12 00:00:00,1,1144,0,1,1,1,,3
3621,1,33.29,33.29,2023-05-28 00:00:00,2023-05-28 00:00:00,1,1128,0,1,1,1,,3
3754,1,37.79,37.79,2023-06-13 00:00:00,2023-06-13 00:00:00,1,1112,0,1,1,1,,3
3880,1,47.83,47.83,2023-06-16 00:00:00,2023-06-16 00:00:00,1,1109,0,1,1,1,,3
3739,1,27.39,27.39,2023-07-09 00:00:00,2023-07-09 00:00:00,1,1086,0,1,1,1,,3
3049,2,69.92,34.96,2023-07-01 00:00:00,2023-07-18 00:00:00,2,1077,17,1,1,1,17.0,3
3981,1,22.6,22.6,2023-07-25 00:00:00,2023-07-25 00:00:00,1,1070,0,1,1,1,,3
3059,1,26.87,26.87,2023-08-08 00:00:00,2023-08-08 00:00:00,1,1056,0,1,1,1,,3
3878,1,52.74,52.74,2023-08-10 00:00:00,2023-08-10 00:00:00,1,1054,0,1,1,1,,3
3614,1,71.99,71.99,2023-08-16 00:00:00,2023-08-16 00:00:00,1,1048,0,1,1,1,,3
3870,1,37.24,37.24,2023-08-17 00:00:00,2023-08-17 00:00:00,1,1047,0,1,1,1,,3
3777,2,46.43,23.21,2023-06-15 00:00:00,2023-08-27 00:00:00,2,1037,73,1,1,1,73.0,3
3728,1,17.04,17.04,2023-08-31 00:00:00,2023-08-31 00:00:00,1,1033,0,1,1,1,,3
3296,1,46.56,46.56,2023-09-15 00:00:00,2023-09-15 00:00:00,1,1018,0,1,1,1,,3
3976,2,84.42,42.21,2023-08-16 00:00:00,2023-09-19 00:00:00,2,1014,34,1,1,2,34.0,4
3619,1,45.75,45.75,2023-09-25 00:00:00,2023-09-25 00:00:00,1,1008,0,1,1,1,,3
3904,1,53.05,53.05,2023-09-26 00:00:00,2023-09-26 00:00:00,1,1007,0,1,1,1,,3
3842,1,39.86,39.86,2023-10-02 00:00:00,2023-10-02 00:00:00,1,1001,0,1,1,1,,3
3732,1,32.34,32.34,2023-10-04 00:00:00,2023-10-04 00:00:00,1,999,0,1,1,1,,3
3969,1,35.5,35.5,2023-10-07 00:00:00,2023-10-07 00:00:00,1,996,0,1,1,1,,3
3943,1,44.97,44.97,2023-10-08 00:00:00,2023-10-08 00:00:00,1,995,0,1,1,1,,3
3930,1,14.24,14.24,2023-10-15 00:00:00,2023-10-15 00:00:00,1,988,0,1,1,1,,3
3788,1,66.54,66.54,2023-10-23 00:00:00,2023-10-23 00:00:00,1,980,0,1,1,1,,3
3000,1,51.49,51.49,2023-11-11 00:00:00,2023-11-11 00:00:00,1,961,0,1,1,1,,3
3987,1,45.76,45.76,2023-11-18 00:00:00,2023-11-18 00:00:00,1,954,0,1,1,1,,3
3204,1,44.62,44.62,2023-11-19 00:00:00,2023-11-19 00:00:00,1,953,0,1,1,1,,3
3703,2,75.87,37.94,2023-09-28 00:00:00,2023-11-22 00:00:00,2,950,55,1,1,1,55.0,3
3724,1,57.87,57.87,2023-11-27 00:00:00,2023-11-27 00:00:00,1,945,0,1,1,1,,3
3605,1,26.52,26.52,2023-11-28 00:00:00,2023-11-28 00:00:00,1,944,0,1,1,1,,3
3848,1,31.06,31.06,2023-11-29 00:00:00,2023-11-29 00:00:00,1,943,0,1,1,1,,3
3570,3,103.45,34.48,2023-03-16 00:00:00,2023-11-29 00:00:00,3,943,258,1,2,2,129.0,5
3646,1,42.19,42.19,2023-11-30 00:00:00,2023-11-30 00:00:00,1,942,0,1,1,1,,3
3507,1,43.76,43.76,2023-12-06 00:00:00,2023-12-06 00:00:00,1,936,0,1,1,1,,3
3629,3,112.9,37.63,2023-10-01 00:00:00,2023-12-08 00:00:00,3,934,68,1,2,2,34.0,5
3819,1,40.89,40.89,2023-12-10 00:00:00,2023-12-10 00:00:00,1,932,0,1,1,1,,3
3887,1,35.64,35.64,2023-12-13 00:00:00,2023-12-13 00:00:00,1,929,0,1,1,1,,3
2802,3,170.25,56.75,2023-03-18 00:00:00,2023-12-13 00:00:00,2,929,270,1,2,2,135.0,5
3865,4,120.07,30.02,2023-04-04 00:00:00,2023-12-14 00:00:00,2,928,254,1,2,2,84.7,5
2817,1,45.61,45.61,2023-12-17 00:00:00,2023-12-17 00:00:00,1,925,0,1,1,1,,3
3743,1,28.52,28.52,2023-12-19 00:00:00,2023-12-19 00:00:00,1,923,0,1,1,1,,3
3923,1,36.9,36.9,2023-12-22 00:00:00,2023-12-22 00:00:00,1,920,0,1,1,1,,3
3831,1,58.07,58.07,2023-12-22 00:00:00,2023-12-22 00:00:00,1,920,0,1,1,1,,3
3835,2,24.61,12.3,2023-10-09 00:00:00,2023-12-26 00:00:00,2,916,78,1,1,1,78.0,3
3774,1,33.11,33.11,2024-01-04 00:00:00,2024-01-04 00:00:00,1,907,0,1,1,1,,3
3853,2,69.62,34.81,2023-12-20 00:00:00,2024-01-04 00:00:00,2,907,15,1,1,1,15.0,3
3604,1,23.1,23.1,2024-01-19 00:00:00,2024-01-19 00:00:00,1,892,0,1,1,1,,3
3092,2,74.23,37.11,2023-08-28 00:00:00,2024-01-20 00:00:00,2,891,145,1,1,1,145.0,3
3189,3,163.81,54.6,2023-07-01 00:00:00,2024-01-25 00:00:00,3,886,208,1,2,2,104.0,5
3688,1,42.5,42.5,2024-01-30 00:00:00,2024-01-30 00:00:00,1,881,0,1,1,1,,3
2940,1,50.81,50.81,2024-02-01 00:00:00,2024-02-01 00:00:00,1,879,0,1,1,1,,3
3230,4,214.65,53.66,2023-07-16 00:00:00,2024-02-06 00:00:00,3,874,205,1,2,3,68.3,6
3755,1,48.68,48.68,2024-02-09 00:00:00,2024-02-09 00:00:00,1,871,0,1,1,1,,3
2946,2,79.7,39.85,2023-06-27 00:00:00,2024-02-09 00:00:00,2,871,227,1,1,1,227.0,3
3664,1,47.87,47.87,2024-02-11 00:00:00,2024-02-11 00:00:00,1,869,0,1,1,1,,3
3668,3,72.61,24.2,2023-04-01 00:00:00,2024-02-12 00:00:00,2,868,317,1,2,1,158.5,4
3183,2,78.91,39.45,2024-02-18 00:00:00,2024-02-27 00:00:00,2,853,9,1,1,1,9.0,3
3628,1,58.88,58.88,2024-03-01 00:00:00,2024-03-01 00:00:00,1,850,0,1,1,1,,3
3606,1,47.79,47.79,2024-03-02 00:00:00,2024-03-02 00:00:00,1,849,0,1,1,1,,3
3647,3,113.31,37.77,2022-12-11 00:00:00,2024-03-02 00:00:00,2,849,447,1,2,2,223.5,5
3935,1,6.57,6.57,2024-03-06 00:00:00,2024-03-06 00:00:00,1,845,0,1,1,1,,3
3795,1,22.17,22.17,2024-03-06 00:00:00,2024-03-06 00:00:00,1,845,0,1,1,1,,3
2959,1,64.72,64.72,2024-03-06 00:00:00,2024-03-06 00:00:00,1,845,0,1,1,1,,3
2914,3,129.73,43.24,2023-12-11 00:00:00,2024-03-09 00:00:00,3,842,89,1,2,2,44.5,5
3867,2,52.23,26.12,2023-01-18 00:00:00,2024-03-16 00:00:00,2,835,423,1,1,1,423.0,3
3748,2,61.53,30.77,2024-01-04 00:00:00,2024-03-24 00:00:00,2,827,80,1,1,1,80.0,3
3071,3,172.74,57.58,2023-08-20 00:00:00,2024-03-29 00:00:00,3,822,222,1,2,2,111.0,5
2865,1,49.66,49.66,2024-04-03 00:00:00,2024-04-03 00:00:00,1,817,0,1,1,1,,3
3639,1,28.94,28.94,2024-04-06 00:00:00,2024-04-06 00:00:00,1,814,0,1,1,1,,3
3888,2,111.29,55.64,2024-01-05 00:00:00,2024-04-06 00:00:00,2,814,92,1,2,2,92.0,5
3735,1,57.26,57.26,2024-04-08 00:00:00,2024-04-08 00:00:00,1,812,0,1,1,1,,3
3798,1,53.02,53.02,2024-04-09 00:00:00,2024-04-09 00:00:00,1,811,0,1,1,1,,3
3940,1,65.77,65.77,2024-04-10 00:00:00,2024-04-10 00:00:00,1,810,0,1,1,1,,3
3697,1,33.43,33.43,2024-04-11 00:00:00,2024-04-11 00:00:00,1,809,0,1,1,1,,3
3626,1,54.74,54.74,2024-04-12 00:00:00,2024-04-12 00:00:00,1,808,0,1,1,1,,3
3915,1,17.9,17.9,2024-04-13 00:00:00,2024-04-13 00:00:00,1,807,0,1,1,1,,3
3719,1,31.86,31.86,2024-04-15 00:00:00,2024-04-15 00:00:00,1,805,0,1,1,1,,3
1443,1,56.95,56.95,2024-04-15 00:00:00,2024-04-15 00:00:00,1,805,0,1,1,1,,3
3276,2,94.62,47.31,2023-04-17 00:00:00,2024-04-19 00:00:00,2,801,368,1,1,2,368.0,4
3455,2,84.24,42.12,2023-09-07 00:00:00,2024-04-27 00:00:00,2,793,233,1,1,2,233.0,4
3687,1,82.6,82.6,2024-04-29 00:00:00,2024-04-29 00:00:00,1,791,0,1,1,2,,4
3609,1,25.77,25.77,2024-05-01 00:00:00,2024-05-01 00:00:00,1,789,0,1,1,1,,3
3363,2,65.09,32.55,2023-11-25 00:00:00,2024-05-03 00:00:00,2,787,160,1,1,1,160.0,3
3858,1,21.29,21.29,2024-05-05 00:00:00,2024-05-05 00:00:00,1,785,0,1,1,1,,3
3665,1,47.86,47.86,2024-05-05 00:00:00,2024-05-05 00:00:00,1,785,0,1,1,1,,3
3386,2,62.78,31.39,2024-05-09 00:00:00,2024-05-10 00:00:00,2,780,1,1,1,1,1.0,3
2926,2,84.45,42.22,2024-03-20 00:00:00,2024-05-12 00:00:00,2,778,53,1,1,2,53.0,4
3756,1,18.85,18.85,2024-05-13 00:00:00,2024-05-13 00:00:00,1,777,0,1,1,1,,3
2895,1,78.33,78.33,2024-05-13 00:00:00,2024-05-13 00:00:00,1,777,0,1,1,1,,3
3827,2,76.99,38.49,2023-12-31 00:00:00,2024-05-13 00:00:00,1,777,134,1,1,1,134.0,3
3801,1,39.48,39.48,2024-05-15 00:00:00,2024-05-15 00:00:00,1,775,0,1,1,1,,3
3946,1,42.18,42.18,2024-05-15 00:00:00,2024-05-15 00:00:00,1,775,0,1,1,1,,3
3625,1,37.21,37.21,2024-05-19 00:00:00,2024-05-19 00:00:00,1,771,0,1,1,1,,3
3876,1,45.15,45.15,2024-05-19 00:00:00,2024-05-19 00:00:00,1,771,0,1,1,1,,3
3837,1,27.49,27.49,2024-05-21 00:00:00,2024-05-21 00:00:00,1,769,0,1,1,1,,3
3006,3,74.36,24.79,2023-02-15 00:00:00,2024-05-21 00:00:00,2,769,461,1,2,1,230.5,4
3942,1,21.88,21.88,2024-05-23 00:00:00,2024-05-23 00:00:00,1,767,0,1,1,1,,3
3063,2,111.51,55.75,2024-04-29 00:00:00,2024-05-23 00:00:00,1,767,24,1,2,2,24.0,5
3950,2,57.69,28.84,2024-05-24 00:00:00,2024-05-25 00:00:00,2,765,1,1,1,1,1.0,3
3804,1,20.47,20.47,2024-05-27 00:00:00,2024-05-27 00:00:00,1,763,0,1,1,1,,3
3810,4,170.91,42.73,2023-05-11 00:00:00,2024-05-28 00:00:00,3,762,383,1,2,2,127.7,5
3289,3,15.0,5.0,2024-04-12 00:00:00,2024-05-30 00:00:00,3,760,48,1,2,1,24.0,4
3851,1,16.38,16.38,2024-05-31 00:00:00,2024-05-31 00:00:00,1,759,0,1,1,1,,3
3649,1,19.64,19.64,2024-05-31 00:00:00,2024-05-31 00:00:00,1,759,0,1,1,1,,3
3731,1,56.14,56.14,2024-06-01 00:00:00,2024-06-01 00:00:00,1,758,0,1,1,1,,3
3035,4,142.44,35.61,2024-04-23 00:00:00,2024-06-01 00:00:00,3,758,39,1,2,2,13.0,5
3790,3,107.49,35.83,2024-03-25 00:00:00,2024-06-03 00:00:00,3,756,70,1,2,2,35.0,5
3016,4,169.51,42.38,2023-04-16 00:00:00,2024-06-06 00:00:00,3,753,417,1,2,2,139.0,5
3740,1,35.69,35.69,2024-06-07 00:00:00,2024-06-07 00:00:00,1,752,0,1,1,1,,3
3515,3,46.27,15.42,2024-01-18 00:00:00,2024-06-09 00:00:00,2,750,143,1,2,1,71.5,4
3443,3,185.27,61.76,2023-05-27 00:00:00,2024-06-09 00:00:00,3,750,379,1,2,2,189.5,5
1757,1,25.45,25.45,2024-06-11 00:00:00,2024-06-11 00:00:00,1,748,0,1,1,1,,3
3861,1,45.68,45.68,2024-06-12 00:00:00,2024-06-12 00:00:00,1,747,0,1,1,1,,3
3652,1,46.6,46.6,2024-06-12 00:00:00,2024-06-12 00:00:00,1,747,0,1,1,1,,3
3123,1,68.51,68.51,2024-06-12 00:00:00,2024-06-12 00:00:00,1,747,0,1,1,1,,3
2864,2,97.84,48.92,2024-03-14 00:00:00,2024-06-13 00:00:00,2,746,91,1,2,2,91.0,5
2970,2,110.11,55.05,2024-02-27 00:00:00,2024-06-13 00:00:00,1,746,107,1,2,2,107.0,5
3883,1,53.11,53.11,2024-06-14 00:00:00,2024-06-14 00:00:00,1,745,0,1,1,1,,3
3982,1,56.49,56.49,2024-06-15 00:00:00,2024-06-15 00:00:00,1,744,0,1,1,1,,3
3955,2,66.63,33.31,2024-04-03 00:00:00,2024-06-18 00:00:00,2,741,76,1,1,1,76.0,3
3305,2,136.51,68.25,2023-05-15 00:00:00,2024-06-19 00:00:00,2,740,401,1,2,2,401.0,5
3332,1,69.5,69.5,2024-06-21 00:00:00,2024-06-21 00:00:00,1,738,0,1,1,1,,3
1993,1,48.42,48.42,2024-06-25 00:00:00,2024-06-25 00:00:00,1,734,0,1,1,1,,3
1739,2,87.57,43.78,2024-06-16 00:00:00,2024-06-25 00:00:00,2,734,9,1,1,2,9.0,4
3598,5,193.29,38.66,2023-01-15 00:00:00,2024-06-25 00:00:00,3,734,527,1,3,2,131.8,6
2869,3,134.18,44.73,2024-01-27 00:00:00,2024-06-27 00:00:00,3,732,152,1,2,2,76.0,5
3816,1,37.13,37.13,2024-06-30 00:00:00,2024-06-30 00:00:00,1,729,0,1,1,1,,3
2987,10,514.74,51.47,2022-11-10 00:00:00,2024-06-30 00:00:00,4,729,598,1,4,4,66.4,9
3713,1,29.12,29.12,2024-07-01 00:00:00,2024-07-01 00:00:00,1,728,0,1,1,1,,3
3948,2,98.42,49.21,2024-05-29 00:00:00,2024-07-01 00:00:00,2,728,33,1,2,2,33.0,5
3623,1,30.18,30.18,2024-07-02 00:00:00,2024-07-02 00:00:00,1,727,0,1,1,1,,3
3633,1,59.26,59.26,2024-07-04 00:00:00,2024-07-04 00:00:00,1,725,0,1,1,1,,3
3782,1,62.89,62.89,2024-07-04 00:00:00,2024-07-04 00:00:00,1,725,0,1,1,1,,3
3760,1,43.38,43.38,2024-07-06 00:00:00,2024-07-06 00:00:00,1,723,0,1,1,1,,3
2872,1,31.56,31.56,2024-07-09 00:00:00,2024-07-09 00:00:00,1,720,0,1,1,1,,3
3769,1,63.89,63.89,2024-07-09 00:00:00,2024-07-09 00:00:00,1,720,0,1,1,1,,3
3384,3,148.96,49.65,2023-08-09 00:00:00,2024-07-09 00:00:00,2,720,335,1,2,2,167.5,5
3556,1,32.47,32.47,2024-07-10 00:00:00,2024-07-10 00:00:00,1,719,0,1,1,1,,3
3683,1,45.72,45.72,2024-07-10 00:00:00,2024-07-10 00:00:00,1,719,0,1,1,1,,3
2822,2,124.86,62.43,2024-06-12 00:00:00,2024-07-10 00:00:00,2,719,28,1,2,2,28.0,5
2831,3,173.89,57.96,2023-04-02 00:00:00,2024-07-12 00:00:00,2,717,467,1,2,2,233.5,5
3977,4,108.94,27.23,2024-01-08 00:00:00,2024-07-12 00:00:00,3,717,186,1,2,2,62.0,5
2915,1,5.0,5.0,2024-07-13 00:00:00,2024-07-13 00:00:00,1,716,0,1,1,1,,3
3749,1,16.18,16.18,2024-07-14 00:00:00,2024-07-14 00:00:00,1,715,0,1,1,1,,3
3947,1,36.83,36.83,2024-07-14 00:00:00,2024-07-14 00:00:00,1,715,0,1,1,1,,3
3300,2,18.4,9.2,2024-01-29 00:00:00,2024-07-16 00:00:00,2,713,169,1,1,1,169.0,3
3404,2,122.61,61.31,2023-11-24 00:00:00,2024-07-16 00:00:00,1,713,235,1,2,2,235.0,5
3830,1,31.65,31.65,2024-07-17 00:00:00,2024-07-17 00:00:00,1,712,0,1,1,1,,3
3503,2,107.19,53.59,2024-04-04 00:00:00,2024-07-19 00:00:00,2,710,106,1,2,2,106.0,5
3689,1,48.86,48.86,2024-07-21 00:00:00,2024-07-21 00:00:00,1,708,0,1,1,1,,3
3745,1,21.79,21.79,2024-07-23 00:00:00,2024-07-23 00:00:00,1,706,0,1,1,1,,3
3934,1,37.6,37.6,2024-07-24 00:00:00,2024-07-24 00:00:00,1,705,0,1,1,1,,3
3872,1,38.51,38.51,2024-07-24 00:00:00,2024-07-24 00:00:00,1,705,0,1,1,1,,3
3420,3,135.57,45.19,2023-06-22 00:00:00,2024-07-25 00:00:00,3,704,399,1,2,2,199.5,5
3302,6,296.52,49.42,2023-06-05 00:00:00,2024-07-25 00:00:00,4,704,416,1,3,3,83.2,7
3869,1,54.57,54.57,2024-07-26 00:00:00,2024-07-26 00:00:00,1,703,0,1,1,1,,3
3196,4,327.4,81.85,2023-12-28 00:00:00,2024-07-26 00:00:00,4,703,211,1,3,3,70.3,7
3671,2,51.18,25.59,2024-02-13 00:00:00,2024-07-27 00:00:00,2,702,165,1,1,1,165.0,3
2830,2,49.8,24.9,2024-02-09 00:00:00,2024-07-30 00:00:00,2,699,172,1,1,1,172.0,3
3772,1,56.93,56.93,2024-07-31 00:00:00,2024-07-31 00:00:00,1,698,0,1,1,1,,3
3181,1,64.7,64.7,2024-07-31 00:00:00,2024-07-31 00:00:00,1,698,0,1,1,1,,3
3274,3,182.73,60.91,2024-06-08 00:00:00,2024-08-02 00:00:00,3,696,55,1,2,2,27.5,5
3995,1,36.71,36.71,2024-08-04 00:00:00,2024-08-04 00:00:00,1,694,0,1,1,1,,3
3148,2,67.71,33.85,2023-11-01 00:00:00,2024-08-04 00:00:00,2,694,277,1,1,1,277.0,3
3991,2,54.05,27.02,2024-04-23 00:00:00,2024-08-05 00:00:00,2,693,104,1,1,1,104.0,3
3555,3,130.51,43.5,2023-11-02 00:00:00,2024-08-05 00:00:00,3,693,277,1,2,2,138.5,5
3374,4,249.96,62.49,2023-02-02 00:00:00,2024-08-05 00:00:00,2,693,550,1,2,3,183.3,6
3954,1,27.24,27.24,2024-08-06 00:00:00,2024-08-06 00:00:00,1,692,0,1,1,1,,3
1922,1,27.68,27.68,2024-08-06 00:00:00,2024-08-06 00:00:00,1,692,0,1,1,1,,3
3886,1,53.32,53.32,2024-08-06 00:00:00,2024-08-06 00:00:00,1,692,0,1,1,1,,3
3210,3,83.7,27.9,2023-08-23 00:00:00,2024-08-06 00:00:00,3,692,349,1,2,2,174.5,5
2876,3,93.39,31.13,2024-01-09 00:00:00,2024-08-06 00:00:00,3,692,210,1,2,2,105.0,5
2965,3,158.6,52.87,2024-05-09 00:00:00,2024-08-06 00:00:00,3,692,89,1,2,2,44.5,5
3651,1,22.31,22.31,2024-08-07 00:00:00,2024-08-07 00:00:00,1,691,0,1,1,1,,3
3909,1,44.4,44.4,2024-08-08 00:00:00,2024-08-08 00:00:00,1,690,0,1,1,1,,3
3901,1,74.92,74.92,2024-08-08 00:00:00,2024-08-08 00:00:00,1,690,0,1,1,1,,3
3736,1,37.47,37.47,2024-08-11 00:00:00,2024-08-11 00:00:00,1,687,0,1,1,1,,3
3020,2,89.72,44.86,2023-07-22 00:00:00,2024-08-11 00:00:00,2,687,386,1,1,2,386.0,4
3892,1,62.82,62.82,2024-08-12 00:00:00,2024-08-12 00:00:00,1,686,0,1,1,1,,3
2839,4,280.97,70.24,2023-09-11 00:00:00,2024-08-12 00:00:00,3,686,336,1,3,3,112.0,7
3252,2,138.36,69.18,2024-07-27 00:00:00,2024-08-13 00:00:00,2,685,17,1,2,2,17.0,5
1679,1,58.67,58.67,2024-08-17 00:00:00,2024-08-17 00:00:00,1,681,0,1,1,1,,3
3663,1,44.2,44.2,2024-08-19 00:00:00,2024-08-19 00:00:00,1,679,0,1,1,1,,3
3808,1,56.38,56.38,2024-08-19 00:00:00,2024-08-19 00:00:00,1,679,0,1,1,1,,3
2837,4,232.02,58.01,2023-12-02 00:00:00,2024-08-19 00:00:00,3,679,261,1,2,3,87.0,6
3428,1,17.25,17.25,2024-08-20 00:00:00,2024-08-20 00:00:00,1,678,0,1,1,1,,3
3725,1,42.04,42.04,2024-08-20 00:00:00,2024-08-20 00:00:00,1,678,0,1,1,1,,3
1545,1,39.71,39.71,2024-08-21 00:00:00,2024-08-21 00:00:00,1,677,0,1,1,1,,3
3429,4,160.91,40.23,2023-09-01 00:00:00,2024-08-21 00:00:00,3,677,355,1,2,2,118.3,5
3034,1,31.56,31.56,2024-08-22 00:00:00,2024-08-22 00:00:00,1,676,0,1,1,1,,3
3032,1,52.7,52.7,2024-08-22 00:00:00,2024-08-22 00:00:00,1,676,0,1,1,1,,3
3817,3,179.93,59.98,2024-06-24 00:00:00,2024-08-22 00:00:00,2,676,59,1,2,2,29.5,5
3578,3,126.31,42.1,2023-12-05 00:00:00,2024-08-23 00:00:00,3,675,262,1,2,2,131.0,5
3791,2,79.83,39.91,2024-08-04 00:00:00,2024-08-25 00:00:00,2,673,21,1,1,1,21.0,3
3553,1,57.64,57.64,2024-08-28 00:00:00,2024-08-28 00:00:00,1,670,0,1,1,1,,3
3662,2,91.79,45.89,2024-01-20 00:00:00,2024-08-28 00:00:00,2,670,221,1,1,2,221.0,4
1721,1,64.88,64.88,2024-08-30 00:00:00,2024-08-30 00:00:00,1,668,0,1,1,1,,3
3875,2,96.97,48.48,2024-07-15 00:00:00,2024-08-30 00:00:00,2,668,46,1,2,2,46.0,5
2871,4,139.15,34.79,2024-04-17 00:00:00,2024-08-30 00:00:00,2,668,135,1,2,2,45.0,5
3847,1,36.49,36.49,2024-08-31 00:00:00,2024-08-31 00:00:00,1,667,0,1,1,1,,3
2910,4,124.27,31.07,2023-10-20 00:00:00,2024-09-01 00:00:00,4,666,317,1,2,2,105.7,5
3463,5,187.65,37.53,2023-10-29 00:00:00,2024-09-01 00:00:00,3,666,308,1,3,2,77.0,6
2918,3,171.85,57.28,2023-11-30 00:00:00,2024-09-02 00:00:00,2,665,277,1,2,2,138.5,5
3926,1,62.08,62.08,2024-09-05 00:00:00,2024-09-05 00:00:00,1,662,0,1,1,1,,3
3399,1,61.77,61.77,2024-09-06 00:00:00,2024-09-06 00:00:00,1,661,0,1,1,1,,3
3466,5,118.45,23.69,2023-10-04 00:00:00,2024-09-07 00:00:00,4,660,339,1,3,2,84.8,6
3645,1,34.18,34.18,2024-09-08 00:00:00,2024-09-08 00:00:00,1,659,0,1,1,1,,3
3156,1,49.84,49.84,2024-09-08 00:00:00,2024-09-08 00:00:00,1,659,0,1,1,1,,3
3657,1,9.77,9.77,2024-09-11 00:00:00,2024-09-11 00:00:00,1,656,0,1,1,1,,3
3720,2,51.4,25.7,2024-04-07 00:00:00,2024-09-11 00:00:00,2,656,157,1,1,1,157.0,3
3953,1,27.92,27.92,2024-09-12 00:00:00,2024-09-12 00:00:00,1,655,0,1,1,1,,3
1428,2,34.58,17.29,2024-03-14 00:00:00,2024-09-13 00:00:00,2,654,183,1,1,1,183.0,3
3952,1,25.87,25.87,2024-09-14 00:00:00,2024-09-14 00:00:00,1,653,0,1,1,1,,3
1680,1,47.68,47.68,2024-09-15 00:00:00,2024-09-15 00:00:00,1,652,0,1,1,1,,3
3620,1,41.03,41.03,2024-09-16 00:00:00,2024-09-16 00:00:00,1,651,0,1,1,1,,3
3094,3,195.14,65.05,2023-12-14 00:00:00,2024-09-16 00:00:00,2,651,277,1,2,2,138.5,5
2820,2,58.6,29.3,2024-09-07 00:00:00,2024-09-17 00:00:00,1,650,10,1,1,1,10.0,3
3096,3,167.21,55.74,2024-09-07 00:00:00,2024-09-17 00:00:00,1,650,10,1,2,2,5.0,5
3088,1,63.43,63.43,2024-09-18 00:00:00,2024-09-18 00:00:00,1,649,0,1,1,1,,3
3746,1,25.53,25.53,2024-09-19 00:00:00,2024-09-19 00:00:00,1,648,0,1,1,1,,3
3825,1,25.71,25.71,2024-09-20 00:00:00,2024-09-20 00:00:00,1,647,0,1,1,1,,3
1536,1,32.2,32.2,2024-09-20 00:00:00,2024-09-20 00:00:00,1,647,0,1,1,1,,3
3718,1,27.08,27.08,2024-09-21 00:00:00,2024-09-21 00:00:00,1,646,0,1,1,1,,3
3532,1,34.18,34.18,2024-09-22 00:00:00,2024-09-22 00:00:00,1,645,0,1,1,1,,3
3778,1,39.15,39.15,2024-09-23 00:00:00,2024-09-23 00:00:00,1,644,0,1,1,1,,3
1897,1,40.25,40.25,2024-09-23 00:00:00,2024-09-23 00:00:00,1,644,0,1,1,1,,3
2829,4,114.37,28.59,2024-01-05 00:00:00,2024-09-23 00:00:00,3,644,262,1,2,2,87.3,5
2832,1,27.91,27.91,2024-09-24 00:00:00,2024-09-24 00:00:00,1,643,0,1,1,1,,3
3166,3,92.67,30.89,2024-02-04 00:00:00,2024-09-25 00:00:00,3,642,234,1,2,2,117.0,5
3741,1,42.31,42.31,2024-09-26 00:00:00,2024-09-26 00:00:00,1,641,0,1,1,1,,3
2921,3,235.41,78.47,2024-03-30 00:00:00,2024-09-27 00:00:00,2,640,181,1,2,3,90.5,6
3964,1,55.43,55.43,2024-09-28 00:00:00,2024-09-28 00:00:00,1,639,0,1,1,1,,3
3871,1,67.19,67.19,2024-09-28 00:00:00,2024-09-28 00:00:00,1,639,0,1,1,1,,3
1521,1,41.68,41.68,2024-09-30 00:00:00,2024-09-30 00:00:00,1,637,0,1,1,1,,3
3025,3,105.82,35.27,2024-03-17 00:00:00,2024-09-30 00:00:00,3,637,197,1,2,2,98.5,5
1866,1,56.69,56.69,2024-10-01 00:00:00,2024-10-01 00:00:00,1,636,0,1,1,1,,3
2778,2,127.46,63.73,2024-07-28 00:00:00,2024-10-01 00:00:00,2,636,65,1,2,2,65.0,5
3997,2,100.95,50.47,2024-09-07 00:00:00,2024-10-02 00:00:00,2,635,25,1,2,2,25.0,5
3696,1,31.61,31.61,2024-10-03 00:00:00,2024-10-03 00:00:00,1,634,0,1,1,1,,3
1810,1,49.96,49.96,2024-10-05 00:00:00,2024-10-05 00:00:00,1,632,0,1,1,1,,3
3809,2,88.03,44.02,2024-10-02 00:00:00,2024-10-05 00:00:00,2,632,3,1,1,2,3.0,4
3013,2,45.75,22.88,2024-04-05 00:00:00,2024-10-06 00:00:00,2,631,184,1,1,1,184.0,3
2971,2,86.42,43.21,2024-02-26 00:00:00,2024-10-06 00:00:00,2,631,223,1,1,2,223.0,4
3921,3,141.38,47.13,2023-11-15 00:00:00,2024-10-08 00:00:00,2,629,328,1,2,2,164.0,5
2512,5,380.65,76.13,2023-11-11 00:00:00,2024-10-08 00:00:00,3,629,332,1,3,3,83.0,7
2854,2,64.38,32.19,2024-08-21 00:00:00,2024-10-10 00:00:00,1,627,50,1,1,1,50.0,3
3660,1,37.52,37.52,2024-10-11 00:00:00,2024-10-11 00:00:00,1,626,0,1,1,1,,3
2861,6,190.61,31.77,2023-10-05 00:00:00,2024-10-11 00:00:00,4,626,372,1,3,2,74.4,6
3306,6,201.54,33.59,2023-03-05 00:00:00,2024-10-11 00:00:00,3,626,586,1,3,2,117.2,6
3492,6,211.76,35.29,2023-03-12 00:00:00,2024-10-11 00:00:00,4,626,579,1,3,3,115.8,7
2983,3,84.26,28.09,2022-12-10 00:00:00,2024-10-12 00:00:00,2,625,672,1,2,2,336.0,5
3993,3,151.71,50.57,2023-07-15 00:00:00,2024-10-13 00:00:00,3,624,456,1,2,2,228.0,5
3496,4,97.54,24.38,2024-05-30 00:00:00,2024-10-14 00:00:00,3,623,137,1,2,2,45.7,5
2980,3,72.85,24.28,2023-11-27 00:00:00,2024-10-15 00:00:00,2,622,323,1,2,1,161.5,4
1543,2,73.18,36.59,2024-09-24 00:00:00,2024-10-16 00:00:00,1,621,22,1,1,1,22.0,3
3029,4,248.61,62.15,2024-01-02 00:00:00,2024-10-16 00:00:00,3,621,288,1,2,3,96.0,6
3712,1,14.98,14.98,2024-10-17 00:00:00,2024-10-17 00:00:00,1,620,0,1,1,1,,3
4000,1,42.09,42.09,2024-10-17 00:00:00,2024-10-17 00:00:00,1,620,0,1,1,1,,3
3446,1,13.74,13.74,2024-10-18 00:00:00,2024-10-18 00:00:00,1,619,0,1,1,1,,3
3823,1,37.83,37.83,2024-10-19 00:00:00,2024-10-19 00:00:00,1,618,0,1,1,1,,3
3899,1,35.87,35.87,2024-10-20 00:00:00,2024-10-20 00:00:00,1,617,0,1,1,1,,3
3637,1,43.46,43.46,2024-10-20 00:00:00,2024-10-20 00:00:00,1,617,0,1,1,1,,3
3929,2,76.11,38.05,2024-10-13 00:00:00,2024-10-20 00:00:00,2,617,7,1,1,1,7.0,3
3407,4,126.08,31.52,2023-05-03 00:00:00,2024-10-21 00:00:00,3,616,537,1,2,2,179.0,5
3061,1,54.63,54.63,2024-10-22 00:00:00,2024-10-22 00:00:00,1,615,0,1,1,1,,3
3160,1,43.49,43.49,2024-10-23 00:00:00,2024-10-23 00:00:00,1,614,0,1,1,1,,3
1524,2,127.04,63.52,2024-02-27 00:00:00,2024-10-23 00:00:00,1,614,239,1,2,2,239.0,5
3403,4,222.54,55.63,2023-04-20 00:00:00,2024-10-23 00:00:00,3,614,552,1,2,3,184.0,6
3776,1,56.12,56.12,2024-10-24 00:00:00,2024-10-24 00:00:00,1,613,0,1,1,1,,3
2942,3,180.65,60.22,2024-09-15 00:00:00,2024-10-24 00:00:00,2,613,39,1,2,2,19.5,5
2899,5,123.85,24.77,2023-12-04 00:00:00,2024-10-24 00:00:00,3,613,325,1,3,2,81.3,6
1893,3,130.19,43.4,2024-03-02 00:00:00,2024-10-25 00:00:00,3,612,237,1,2,2,118.5,5
2862,4,180.22,45.05,2024-04-02 00:00:00,2024-10-25 00:00:00,3,612,206,1,2,2,68.7,5
3764,1,11.71,11.71,2024-10-26 00:00:00,2024-10-26 00:00:00,1,611,0,1,1,1,,3
3044,1,30.72,30.72,2024-10-31 00:00:00,2024-10-31 00:00:00,1,606,0,1,1,1,,3
3053,6,252.2,42.03,2023-08-27 00:00:00,2024-10-31 00:00:00,3,606,431,1,3,3,86.2,7
3065,2,52.76,26.38,2024-10-28 00:00:00,2024-11-01 00:00:00,2,605,4,1,1,1,4.0,3
1687,1,71.67,71.67,2024-11-02 00:00:00,2024-11-02 00:00:00,1,604,0,1,1,1,,3
3988,2,42.26,21.13,2024-05-17 00:00:00,2024-11-02 00:00:00,2,604,169,1,1,1,169.0,3
3768,1,46.08,46.08,2024-11-04 00:00:00,2024-11-04 00:00:00,1,602,0,1,1,1,,3
3636,1,34.82,34.82,2024-11-06 00:00:00,2024-11-06 00:00:00,1,600,0,1,1,1,,3
2920,2,67.85,33.92,2024-11-01 00:00:00,2024-11-06 00:00:00,1,600,5,1,1,1,5.0,3
3944,2,118.08,59.04,2024-08-27 00:00:00,2024-11-06 00:00:00,2,600,71,1,2,2,71.0,5
3408,5,224.82,44.96,2023-05-10 00:00:00,2024-11-07 00:00:00,5,599,547,1,3,3,136.8,7
3699,2,84.64,42.32,2024-07-30 00:00:00,2024-11-09 00:00:00,2,597,102,1,1,2,102.0,4
3041,4,196.71,49.18,2024-02-18 00:00:00,2024-11-09 00:00:00,3,597,265,1,2,2,88.3,5
3052,1,9.94,9.94,2024-11-10 00:00:00,2024-11-10 00:00:00,1,596,0,1,1,1,,3
3922,2,86.81,43.41,2024-10-30 00:00:00,2024-11-10 00:00:00,2,596,11,1,1,2,11.0,4
2934,3,107.53,35.84,2024-03-26 00:00:00,2024-11-10 00:00:00,2,596,229,1,2,2,114.5,5
2280,4,218.39,54.6,2023-12-28 00:00:00,2024-11-10 00:00:00,2,596,318,1,2,3,106.0,6
3895,2,32.43,16.21,2024-08-21 00:00:00,2024-11-11 00:00:00,2,595,82,1,1,1,82.0,3
3416,4,79.75,19.94,2024-06-20 00:00:00,2024-11-11 00:00:00,3,595,144,1,2,1,48.0,4
2827,1,43.02,43.02,2024-11-12 00:00:00,2024-11-12 00:00:00,1,594,0,1,1,1,,3
3627,3,197.58,65.86,2024-09-15 00:00:00,2024-11-12 00:00:00,3,594,58,1,2,2,29.0,5
3366,1,35.51,35.51,2024-11-14 00:00:00,2024-11-14 00:00:00,1,592,0,1,1,1,,3
3661,2,56.68,28.34,2024-11-03 00:00:00,2024-11-14 00:00:00,2,592,11,1,1,1,11.0,3
3089,3,148.92,49.64,2023-08-01 00:00:00,2024-11-14 00:00:00,2,592,471,1,2,2,235.5,5
3086,2,66.03,33.02,2024-01-31 00:00:00,2024-11-15 00:00:00,2,591,289,1,1,1,289.0,3
3658,1,50.01,50.01,2024-11-16 00:00:00,2024-11-16 00:00:00,1,590,0,1,1,1,,3
3616,2,109.25,54.63,2024-11-02 00:00:00,2024-11-16 00:00:00,1,590,14,1,2,2,14.0,5
3912,2,73.17,36.59,2024-08-25 00:00:00,2024-11-17 00:00:00,2,589,84,1,1,1,84.0,3
3526,5,283.6,56.72,2023-09-13 00:00:00,2024-11-17 00:00:00,3,589,431,1,3,3,107.8,7
2955,6,314.31,52.38,2024-01-03 00:00:00,2024-11-17 00:00:00,4,589,319,1,3,3,63.8,7
3373,2,73.71,36.86,2024-05-18 00:00:00,2024-11-18 00:00:00,2,588,184,1,1,1,184.0,3
1430,1,63.65,63.65,2024-11-19 00:00:00,2024-11-19 00:00:00,1,587,0,1,1,1,,3
3785,1,27.43,27.43,2024-11-20 00:00:00,2024-11-20 00:00:00,1,586,0,1,1,1,,3
2937,3,120.83,40.28,2024-02-22 00:00:00,2024-11-20 00:00:00,3,586,272,1,2,2,136.0,5
3723,1,33.19,33.19,2024-11-21 00:00:00,2024-11-21 00:00:00,1,585,0,1,1,1,,3
3727,1,47.96,47.96,2024-11-22 00:00:00,2024-11-22 00:00:00,1,584,0,1,1,1,,3
2932,7,311.93,44.56,2023-08-18 00:00:00,2024-11-22 00:00:00,4,584,462,1,3,3,77.0,7
3999,1,33.08,33.08,2024-11-23 00:00:00,2024-11-23 00:00:00,1,583,0,1,1,1,,3
2863,1,46.36,46.36,2024-11-23 00:00:00,2024-11-23 00:00:00,1,583,0,1,1,1,,3
3884,2,129.4,64.7,2024-10-13 00:00:00,2024-11-23 00:00:00,2,583,41,1,2,2,41.0,5
1889,3,177.21,59.07,2024-06-08 00:00:00,2024-11-23 00:00:00,3,583,168,1,2,2,84.0,5
3813,2,80.3,40.15,2024-03-04 00:00:00,2024-11-24 00:00:00,2,582,265,1,1,1,265.0,3
3083,1,28.79,28.79,2024-11-26 00:00:00,2024-11-26 00:00:00,1,580,0,1,1,1,,3
3244,5,377.65,75.53,2024-02-27 00:00:00,2024-11-27 00:00:00,5,579,274,1,3,3,68.5,7
3116,7,329.79,47.11,2023-11-26 00:00:00,2024-11-27 00:00:00,4,579,367,1,3,3,61.2,7
3518,1,66.12,66.12,2024-11-28 00:00:00,2024-11-28 00:00:00,1,578,0,1,1,1,,3
3818,2,82.04,41.02,2024-11-20 00:00:00,2024-11-28 00:00:00,1,578,8,1,1,1,8.0,3
3908,1,61.5,61.5,2024-11-29 00:00:00,2024-11-29 00:00:00,1,577,0,1,1,1,,3
3430,2,156.13,78.06,2024-08-28 00:00:00,2024-11-29 00:00:00,2,577,93,1,2,2,93.0,5
2949,3,171.76,57.25,2023-09-04 00:00:00,2024-11-29 00:00:00,1,577,452,1,2,2,226.0,5
3028,4,215.29,53.82,2024-07-02 00:00:00,2024-11-29 00:00:00,4,577,150,1,2,3,50.0,6
3223,1,48.22,48.22,2024-11-30 00:00:00,2024-11-30 00:00:00,1,576,0,1,1,1,,3
3552,4,155.75,38.94,2024-04-21 00:00:00,2024-11-30 00:00:00,4,576,223,1,2,2,74.3,5
2857,3,232.89,77.63,2024-06-14 00:00:00,2024-12-01 00:00:00,2,575,170,1,2,3,85.0,6
3495,5,257.99,51.6,2023-05-16 00:00:00,2024-12-01 00:00:00,4,575,565,1,3,3,141.3,7
3841,1,43.94,43.94,2024-12-03 00:00:00,2024-12-03 00:00:00,1,573,0,1,1,1,,3
3155,2,104.95,52.47,2023-12-20 00:00:00,2024-12-03 00:00:00,1,573,349,1,2,2,349.0,5
3238,3,244.97,81.66,2024-06-08 00:00:00,2024-12-04 00:00:00,2,572,179,1,2,3,89.5,6
3474,6,332.74,55.46,2023-08-25 00:00:00,2024-12-07 00:00:00,4,569,470,1,3,3,94.0,7
3956,1,29.08,29.08,2024-12-08 00:00:00,2024-12-08 00:00:00,1,568,0,1,1,1,,3
1576,1,54.55,54.55,2024-12-08 00:00:00,2024-12-08 00:00:00,1,568,0,1,1,1,,3
3143,6,329.05,54.84,2023-10-15 00:00:00,2024-12-08 00:00:00,3,568,420,1,3,3,84.0,7
3597,2,81.05,40.52,2023-08-24 00:00:00,2024-12-09 00:00:00,2,567,473,1,1,1,473.0,3
3151,5,132.16,26.43,2023-12-08 00:00:00,2024-12-09 00:00:00,3,567,367,1,3,2,91.8,6
3023,5,329.17,65.83,2023-12-17 00:00:00,2024-12-09 00:00:00,2,567,358,1,3,3,89.5,7
3986,1,12.86,12.86,2024-12-10 00:00:00,2024-12-10 00:00:00,1,566,0,1,1,1,,3
3640,2,63.82,31.91,2024-07-23 00:00:00,2024-12-10 00:00:00,2,566,140,1,1,1,140.0,3
3715,2,73.43,36.72,2024-09-12 00:00:00,2024-12-11 00:00:00,2,565,90,1,1,1,90.0,3
3690,1,34.24,34.24,2024-12-12 00:00:00,2024-12-12 00:00:00,1,564,0,1,1,1,,3
3979,1,46.55,46.55,2024-12-12 00:00:00,2024-12-12 00:00:00,1,564,0,1,1,1,,3
3656,1,37.06,37.06,2024-12-13 00:00:00,2024-12-13 00:00:00,1,563,0,1,1,1,,3
3733,1,60.33,60.33,2024-12-13 00:00:00,2024-12-13 00:00:00,1,563,0,1,1,1,,3
3752,3,148.45,49.48,2024-04-27 00:00:00,2024-12-13 00:00:00,3,563,230,1,2,2,115.0,5
3856,1,26.0,26.0,2024-12-14 00:00:00,2024-12-14 00:00:00,1,562,0,1,1,1,,3
3666,1,31.21,31.21,2024-12-15 00:00:00,2024-12-15 00:00:00,1,561,0,1,1,1,,3
3494,4,171.71,42.93,2024-03-31 00:00:00,2024-12-16 00:00:00,4,560,260,1,2,2,86.7,5
2952,4,306.78,76.69,2024-01-26 00:00:00,2024-12-16 00:00:00,3,560,325,1,3,3,108.3,7
3974,1,51.79,51.79,2024-12-18 00:00:00,2024-12-18 00:00:00,1,558,0,1,1,1,,3
2907,3,212.44,70.81,2024-04-17 00:00:00,2024-12-18 00:00:00,2,558,245,1,2,3,122.5,6
2886,4,223.94,55.98,2024-08-14 00:00:00,2024-12-18 00:00:00,3,558,126,1,2,3,42.0,6
2847,1,56.99,56.99,2024-12-19 00:00:00,2024-12-19 00:00:00,1,557,0,1,1,1,,3
3292,3,101.81,33.94,2024-08-13 00:00:00,2024-12-19 00:00:00,2,557,128,1,2,2,64.0,5
2836,4,213.27,53.32,2024-07-26 00:00:00,2024-12-20 00:00:00,3,556,147,1,2,3,49.0,6
3364,7,250.78,35.83,2024-02-17 00:00:00,2024-12-20 00:00:00,5,556,307,1,3,3,51.2,7
3726,1,37.9,37.9,2024-12-21 00:00:00,2024-12-21 00:00:00,1,555,0,1,1,1,,3
3235,4,222.72,55.68,2024-07-14 00:00:00,2024-12-21 00:00:00,3,555,160,1,2,3,53.3,6
3678,4,247.6,61.9,2022-11-10 00:00:00,2024-12-21 00:00:00,3,555,772,1,2,3,257.3,6
3095,4,348.76,87.19,2024-09-04 00:00:00,2024-12-21 00:00:00,3,555,108,1,3,3,36.0,7
3873,1,29.2,29.2,2024-12-22 00:00:00,2024-12-22 00:00:00,1,554,0,1,1,1,,3
3564,3,236.63,78.88,2023-03-29 00:00:00,2024-12-22 00:00:00,2,554,634,1,2,3,317.0,6
3747,1,27.84,27.84,2024-12-23 00:00:00,2024-12-23 00:00:00,1,553,0,1,1,1,,3
3794,2,87.82,43.91,2024-04-20 00:00:00,2024-12-23 00:00:00,2,553,247,1,1,2,247.0,4
3773,3,103.05,34.35,2024-03-01 00:00:00,2024-12-23 00:00:00,3,553,297,1,2,2,148.5,5
3771,1,46.16,46.16,2024-12-24 00:00:00,2024-12-24 00:00:00,1,552,0,1,1,1,,3
3426,3,128.03,42.68,2024-10-04 00:00:00,2024-12-24 00:00:00,3,552,81,1,2,2,40.5,5
3261,3,175.25,58.42,2024-02-18 00:00:00,2024-12-24 00:00:00,3,552,310,1,2,2,155.0,5
3931,1,30.24,30.24,2024-12-26 00:00:00,2024-12-26 00:00:00,1,550,0,1,1,1,,3
2953,3,163.01,54.34,2023-11-12 00:00:00,2024-12-27 00:00:00,3,549,411,1,2,2,205.5,5
3674,1,52.12,52.12,2024-12-28 00:00:00,2024-12-28 00:00:00,1,548,0,1,1,1,,3
3117,3,93.0,31.0,2024-10-30 00:00:00,2024-12-30 00:00:00,3,546,61,1,2,2,30.5,5
2816,4,213.78,53.45,2024-10-09 00:00:00,2024-12-30 00:00:00,3,546,82,1,2,3,27.3,6
3523,5,318.51,63.7,2024-08-02 00:00:00,2024-12-30 00:00:00,5,546,150,1,3,3,37.5,7
3068,3,243.07,81.02,2024-03-01 00:00:00,2024-12-31 00:00:00,1,545,305,1,2,3,152.5,6
3742,1,22.64,22.64,2025-01-01 00:00:00,2025-01-01 00:00:00,1,544,0,1,1,1,,3
2368,7,271.25,38.75,2023-11-20 00:00:00,2025-01-01 00:00:00,4,544,408,1,3,3,68.0,7
1675,1,60.42,60.42,2025-01-02 00:00:00,2025-01-02 00:00:00,1,543,0,1,1,1,,3
3410,3,193.04,64.35,2024-11-21 00:00:00,2025-01-02 00:00:00,3,543,42,1,2,2,21.0,5
3121,4,226.7,56.67,2024-02-08 00:00:00,2025-01-02 00:00:00,2,543,329,1,2,3,109.7,6
3140,7,286.74,40.96,2024-05-29 00:00:00,2025-01-02 00:00:00,4,543,218,1,3,3,36.3,7
3595,8,508.48,63.56,2024-03-01 00:00:00,2025-01-02 00:00:00,5,543,307,1,4,4,43.9,9
3820,1,31.66,31.66,2025-01-03 00:00:00,2025-01-03 00:00:00,1,542,0,1,1,1,,3
3635,2,58.42,29.21,2024-12-17 00:00:00,2025-01-03 00:00:00,1,542,17,1,1,1,17.0,3
3927,1,30.99,30.99,2025-01-04 00:00:00,2025-01-04 00:00:00,1,541,0,1,1,1,,3
1613,1,50.1,50.1,2025-01-04 00:00:00,2025-01-04 00:00:00,1,541,0,1,1,1,,3
3243,4,152.85,38.21,2024-10-12 00:00:00,2025-01-04 00:00:00,3,541,84,1,2,2,28.0,5
3548,4,172.45,43.11,2023-12-12 00:00:00,2025-01-04 00:00:00,3,541,389,1,2,2,129.7,5
3012,6,252.83,42.14,2024-07-05 00:00:00,2025-01-04 00:00:00,4,541,183,1,3,3,36.6,7
3694,1,52.07,52.07,2025-01-05 00:00:00,2025-01-05 00:00:00,1,540,0,1,1,1,,3
3480,2,95.77,47.89,2025-01-04 00:00:00,2025-01-06 00:00:00,2,539,2,1,1,2,2.0,4
3622,2,100.05,50.02,2023-10-08 00:00:00,2025-01-06 00:00:00,1,539,456,1,2,2,456.0,5
3985,1,54.91,54.91,2025-01-08 00:00:00,2025-01-08 00:00:00,1,537,0,1,1,1,,3
3563,2,49.19,24.59,2024-11-07 00:00:00,2025-01-08 00:00:00,1,537,62,1,1,1,62.0,3
3963,1,30.72,30.72,2025-01-09 00:00:00,2025-01-09 00:00:00,1,536,0,1,1,1,,3
3814,1,48.41,48.41,2025-01-09 00:00:00,2025-01-09 00:00:00,1,536,0,1,1,1,,3
3920,1,64.45,64.45,2025-01-09 00:00:00,2025-01-09 00:00:00,1,536,0,1,1,1,,3
3439,2,55.17,27.59,2024-04-20 00:00:00,2025-01-09 00:00:00,1,536,264,1,1,1,264.0,3
3540,3,164.03,54.68,2023-04-07 00:00:00,2025-01-09 00:00:00,2,536,643,1,2,2,321.5,5
3333,7,157.51,22.5,2023-09-27 00:00:00,2025-01-09 00:00:00,2,536,470,1,3,2,78.3,6
3153,2,39.03,19.52,2024-03-07 00:00:00,2025-01-10 00:00:00,1,535,309,1,1,1,309.0,3
3984,1,30.74,30.74,2025-01-11 00:00:00,2025-01-11 00:00:00,1,534,0,1,1,1,,3
3538,4,206.51,51.63,2024-01-11 00:00:00,2025-01-11 00:00:00,3,534,366,1,2,2,122.0,5
3951,1,38.46,38.46,2025-01-12 00:00:00,2025-01-12 00:00:00,1,533,0,1,1,1,,3
3077,4,200.92,50.23,2024-10-03 00:00:00,2025-01-12 00:00:00,3,533,101,1,2,2,33.7,5
3962,2,78.7,39.35,2024-08-26 00:00:00,2025-01-13 00:00:00,2,532,140,1,1,1,140.0,3
3643,2,106.75,53.38,2024-12-06 00:00:00,2025-01-13 00:00:00,2,532,38,1,2,2,38.0,5
3409,5,139.9,27.98,2023-07-04 00:00:00,2025-01-14 00:00:00,4,531,560,1,3,2,140.0,6
3415,6,231.96,38.66,2023-08-15 00:00:00,2025-01-14 00:00:00,4,531,518,1,3,3,103.6,7
3577,6,304.41,50.73,2023-04-30 00:00:00,2025-01-15 00:00:00,5,530,626,1,3,3,125.2,7
3115,7,150.84,21.55,2024-07-06 00:00:00,2025-01-15 00:00:00,6,530,193,1,3,2,32.2,6
3630,1,35.45,35.45,2025-01-16 00:00:00,2025-01-16 00:00:00,1,529,0,1,1,1,,3
1708,1,49.0,49.0,2025-01-16 00:00:00,2025-01-16 00:00:00,1,529,0,1,1,1,,3
3576,1,52.33,52.33,2025-01-16 00:00:00,2025-01-16 00:00:00,1,529,0,1,1,1,,3
3031,3,112.8,37.6,2024-06-11 00:00:00,2025-01-16 00:00:00,3,529,219,1,2,2,109.5,5
3479,3,135.47,45.16,2024-10-06 00:00:00,2025-01-16 00:00:00,3,529,102,1,2,2,51.0,5
3322,4,70.81,17.7,2024-07-18 00:00:00,2025-01-16 00:00:00,4,529,182,1,2,1,60.7,4
3472,1,36.22,36.22,2025-01-17 00:00:00,2025-01-17 00:00:00,1,528,0,1,1,1,,3
3717,2,62.71,31.35,2024-11-08 00:00:00,2025-01-17 00:00:00,2,528,70,1,1,1,70.0,3
3224,2,108.81,54.41,2024-09-06 00:00:00,2025-01-17 00:00:00,2,528,133,1,2,2,133.0,5
2976,4,219.73,54.93,2024-11-09 00:00:00,2025-01-17 00:00:00,4,528,69,1,2,3,23.0,6
3171,6,170.19,28.36,2024-03-16 00:00:00,2025-01-17 00:00:00,5,528,307,1,3,2,61.4,6
3925,1,27.02,27.02,2025-01-18 00:00:00,2025-01-18 00:00:00,1,527,0,1,1,1,,3
3868,2,80.18,40.09,2025-01-14 00:00:00,2025-01-18 00:00:00,2,527,4,1,1,1,4.0,3
3655,3,107.06,35.69,2024-10-29 00:00:00,2025-01-18 00:00:00,3,527,81,1,2,2,40.5,5
3547,4,165.42,41.36,2024-10-10 00:00:00,2025-01-18 00:00:00,3,527,100,1,2,2,33.3,5
3319,5,96.34,19.27,2024-06-13 00:00:00,2025-01-18 00:00:00,5,527,219,1,3,2,54.8,6
3093,5,251.78,50.36,2024-08-02 00:00:00,2025-01-18 00:00:00,3,527,169,1,3,3,42.3,7
3684,2,69.73,34.87,2024-05-20 00:00:00,2025-01-19 00:00:00,2,526,244,1,1,1,244.0,3
3194,5,274.09,54.82,2023-08-18 00:00:00,2025-01-19 00:00:00,2,526,520,1,3,3,130.0,7
3482,9,165.76,18.42,2024-05-12 00:00:00,2025-01-19 00:00:00,5,526,252,1,4,2,31.5,7
3325,3,89.27,29.76,2024-10-19 00:00:00,2025-01-21 00:00:00,3,524,94,1,2,2,47.0,5
2853,5,176.77,35.35,2024-02-25 00:00:00,2025-01-21 00:00:00,2,524,331,1,3,2,82.8,6
2988,3,195.49,65.16,2024-02-23 00:00:00,2025-01-22 00:00:00,2,523,334,1,2,2,167.0,5
3330,4,229.7,57.42,2024-10-10 00:00:00,2025-01-22 00:00:00,4,523,104,1,2,3,34.7,6
3611,1,45.71,45.71,2025-01-23 00:00:00,2025-01-23 00:00:00,1,522,0,1,1,1,,3
3391,4,190.8,47.7,2023-11-21 00:00:00,2025-01-23 00:00:00,3,522,429,1,2,2,143.0,5
3301,5,160.69,32.14,2024-09-19 00:00:00,2025-01-24 00:00:00,4,521,127,1,3,2,31.8,6
3015,4,145.54,36.38,2023-09-01 00:00:00,2025-01-25 00:00:00,3,520,512,1,2,2,170.7,5
3402,5,375.98,75.2,2023-11-29 00:00:00,2025-01-25 00:00:00,3,520,423,1,3,3,105.8,7
3650,1,34.58,34.58,2025-01-26 00:00:00,2025-01-26 00:00:00,1,519,0,1,1,1,,3
3859,1,48.21,48.21,2025-01-26 00:00:00,2025-01-26 00:00:00,1,519,0,1,1,1,,3
2818,3,59.6,19.87,2024-10-30 00:00:00,2025-01-26 00:00:00,3,519,88,1,2,1,44.0,4
2896,3,63.14,21.05,2024-09-01 00:00:00,2025-01-27 00:00:00,3,518,148,1,2,1,74.0,4
3485,5,304.22,60.84,2024-01-01 00:00:00,2025-01-27 00:00:00,4,518,392,1,3,3,98.0,7
3195,6,133.99,22.33,2024-09-29 00:00:00,2025-01-27 00:00:00,4,518,120,1,3,2,24.0,6
3959,1,46.45,46.45,2025-01-28 00:00:00,2025-01-28 00:00:00,1,517,0,1,1,1,,3
2873,7,387.76,55.39,2022-12-10 00:00:00,2025-01-28 00:00:00,5,517,780,1,3,3,130.0,7
3425,1,34.78,34.78,2025-01-29 00:00:00,2025-01-29 00:00:00,1,516,0,1,1,1,,3
3593,4,162.02,40.5,2024-08-14 00:00:00,2025-01-29 00:00:00,3,516,168,1,2,2,56.0,5
3027,1,28.19,28.19,2025-01-30 00:00:00,2025-01-30 00:00:00,1,515,0,1,1,1,,3
1572,1,47.19,47.19,2025-01-30 00:00:00,2025-01-30 00:00:00,1,515,0,1,1,1,,3
3173,2,92.31,46.16,2024-09-15 00:00:00,2025-01-30 00:00:00,2,515,137,1,1,2,137.0,4
3221,7,244.32,34.9,2024-12-24 00:00:00,2025-01-30 00:00:00,5,515,37,1,3,3,6.2,7
1830,1,30.94,30.94,2025-01-31 00:00:00,2025-01-31 00:00:00,1,514,0,1,1,1,,3
1782,2,37.82,18.91,2024-11-22 00:00:00,2025-01-31 00:00:00,1,514,70,1,1,1,70.0,3
3533,2,55.39,27.7,2024-11-17 00:00:00,2025-01-31 00:00:00,2,514,75,1,1,1,75.0,3
3528,2,103.31,51.66,2024-12-26 00:00:00,2025-01-31 00:00:00,2,514,36,1,2,2,36.0,5
1856,2,120.97,60.48,2024-11-22 00:00:00,2025-01-31 00:00:00,2,514,70,1,2,2,70.0,5
3228,4,219.25,54.81,2024-09-07 00:00:00,2025-01-31 00:00:00,4,514,146,1,2,3,48.7,6
2967,4,236.48,59.12,2023-06-10 00:00:00,2025-01-31 00:00:00,3,514,601,1,2,3,200.3,6
3511,4,206.21,51.55,2024-07-18 00:00:00,2025-02-01 00:00:00,3,513,198,1,2,2,66.0,5
3498,4,289.34,72.33,2024-01-13 00:00:00,2025-02-01 00:00:00,2,513,385,1,3,3,128.3,7
3131,5,192.44,38.49,2023-11-11 00:00:00,2025-02-01 00:00:00,3,513,448,1,3,2,112.0,6
2807,3,136.58,45.53,2023-11-14 00:00:00,2025-02-02 00:00:00,2,512,446,1,2,2,223.0,5
3022,6,354.34,59.06,2024-03-04 00:00:00,2025-02-02 00:00:00,4,512,335,1,3,3,67.0,7
3750,1,42.36,42.36,2025-02-03 00:00:00,2025-02-03 00:00:00,1,511,0,1,1,1,,3
3470,1,59.93,59.93,2025-02-03 00:00:00,2025-02-03 00:00:00,1,511,0,1,1,1,,3
1946,2,78.33,39.16,2024-10-17 00:00:00,2025-02-03 00:00:00,2,511,109,1,1,1,109.0,3
3110,4,252.56,63.14,2024-02-18 00:00:00,2025-02-03 00:00:00,4,511,351,1,2,3,117.0,6
3644,1,29.76,29.76,2025-02-04 00:00:00,2025-02-04 00:00:00,1,510,0,1,1,1,,3
3821,3,131.53,43.84,2024-06-23 00:00:00,2025-02-04 00:00:00,3,510,226,1,2,2,113.0,5
3174,1,32.42,32.42,2025-02-05 00:00:00,2025-02-05 00:00:00,1,509,0,1,1,1,,3
3193,2,89.65,44.83,2024-09-12 00:00:00,2025-02-05 00:00:00,2,509,146,1,1,2,146.0,4
3057,3,57.81,19.27,2024-10-14 00:00:00,2025-02-05 00:00:00,2,509,114,1,2,1,57.0,4
3136,3,194.27,64.76,2024-06-02 00:00:00,2025-02-05 00:00:00,2,509,248,1,2,2,124.0,5
3281,5,278.73,55.75,2023-11-06 00:00:00,2025-02-05 00:00:00,4,509,457,1,3,3,114.3,7
3549,7,392.65,56.09,2023-09-27 00:00:00,2025-02-05 00:00:00,3,509,497,1,3,3,82.8,7
3766,1,40.27,40.27,2025-02-06 00:00:00,2025-02-06 00:00:00,1,508,0,1,1,1,,3
3545,2,115.66,57.83,2024-09-30 00:00:00,2025-02-06 00:00:00,1,508,129,1,2,2,129.0,5
2939,3,191.22,63.74,2024-10-09 00:00:00,2025-02-06 00:00:00,3,508,120,1,2,2,60.0,5
3522,4,180.1,45.02,2024-10-10 00:00:00,2025-02-06 00:00:00,4,508,119,1,2,2,39.7,5
3390,7,50.73,7.25,2023-12-22 00:00:00,2025-02-06 00:00:00,5,508,412,1,3,1,68.7,5
3336,2,103.24,51.62,2024-11-10 00:00:00,2025-02-07 00:00:00,2,507,89,1,2,2,89.0,5
3806,1,20.83,20.83,2025-02-08 00:00:00,2025-02-08 00:00:00,1,506,0,1,1,1,,3
3709,4,200.57,50.14,2023-03-29 00:00:00,2025-02-08 00:00:00,3,506,682,1,2,2,227.3,5
3431,5,78.43,15.69,2023-11-25 00:00:00,2025-02-08 00:00:00,5,506,441,1,3,1,110.3,5
3502,3,130.17,43.39,2024-12-10 00:00:00,2025-02-09 00:00:00,3,505,61,1,2,2,30.5,5
3239,5,329.88,65.98,2024-07-26 00:00:00,2025-02-09 00:00:00,4,505,198,1,3,3,49.5,7
3078,6,160.75,26.79,2025-01-16 00:00:00,2025-02-09 00:00:00,4,505,24,1,3,2,4.8,6
1696,1,52.93,52.93,2025-02-10 00:00:00,2025-02-10 00:00:00,1,504,0,1,1,1,,3
3283,2,35.77,17.88,2024-10-23 00:00:00,2025-02-10 00:00:00,2,504,110,1,1,1,110.0,3
2944,3,130.69,43.56,2024-01-05 00:00:00,2025-02-10 00:00:00,2,504,402,1,2,2,201.0,5
2996,3,131.17,43.72,2024-08-28 00:00:00,2025-02-10 00:00:00,3,504,166,1,2,2,83.0,5
3080,4,249.12,62.28,2024-07-26 00:00:00,2025-02-10 00:00:00,3,504,199,1,2,3,66.3,6
1898,1,33.33,33.33,2025-02-11 00:00:00,2025-02-11 00:00:00,1,503,0,1,1,1,,3
3484,4,74.62,18.66,2023-11-04 00:00:00,2025-02-11 00:00:00,2,503,465,1,2,1,155.0,4
3103,6,336.49,56.08,2024-05-19 00:00:00,2025-02-11 00:00:00,4,503,268,1,3,3,53.6,7
3199,8,412.23,51.53,2024-07-28 00:00:00,2025-02-11 00:00:00,4,503,198,1,4,3,28.3,8
3971,1,33.97,33.97,2025-02-13 00:00:00,2025-02-13 00:00:00,1,501,0,1,1,1,,3
3961,1,43.68,43.68,2025-02-13 00:00:00,2025-02-13 00:00:00,1,501,0,1,1,1,,3
3356,4,171.07,42.77,2023-12-01 00:00:00,2025-02-13 00:00:00,4,501,440,1,2,2,146.7,5
3464,4,203.35,50.84,2024-09-12 00:00:00,2025-02-13 00:00:00,2,501,154,1,2,2,51.3,5
3339,2,109.47,54.73,2023-10-11 00:00:00,2025-02-14 00:00:00,2,500,492,1,2,2,492.0,5
3307,3,44.99,15.0,2025-02-05 00:00:00,2025-02-14 00:00:00,3,500,9,1,2,1,4.5,4
3691,3,114.98,38.33,2024-01-31 00:00:00,2025-02-14 00:00:00,3,500,380,1,2,2,190.0,5
3254,5,299.16,59.83,2023-08-26 00:00:00,2025-02-14 00:00:00,5,500,538,1,3,3,134.5,7
3258,2,21.09,10.54,2024-12-14 00:00:00,2025-02-15 00:00:00,2,499,63,1,1,1,63.0,3
2888,2,102.58,51.29,2024-12-10 00:00:00,2025-02-15 00:00:00,2,499,67,1,2,2,67.0,5
3672,5,294.57,58.91,2024-02-08 00:00:00,2025-02-15 00:00:00,5,499,373,1,3,3,93.3,7
3214,2,70.93,35.47,2025-01-11 00:00:00,2025-02-16 00:00:00,1,498,36,1,1,1,36.0,3
3237,4,166.88,41.72,2024-09-27 00:00:00,2025-02-16 00:00:00,3,498,142,1,2,2,47.3,5
2981,5,157.8,31.56,2024-12-19 00:00:00,2025-02-16 00:00:00,4,498,59,1,3,2,14.8,6
3162,4,205.49,51.37,2024-07-05 00:00:00,2025-02-17 00:00:00,3,497,227,1,2,2,75.7,5
2919,4,218.25,54.56,2023-08-16 00:00:00,2025-02-17 00:00:00,4,497,551,1,2,3,183.7,6
3559,10,397.31,39.73,2024-08-03 00:00:00,2025-02-17 00:00:00,6,497,198,1,4,3,22.0,8
3679,1,48.0,48.0,2025-02-18 00:00:00,2025-02-18 00:00:00,1,496,0,1,1,1,,3
3512,3,140.54,46.85,2024-05-10 00:00:00,2025-02-18 00:00:00,3,496,284,1,2,2,142.0,5
3525,3,190.55,63.52,2024-02-01 00:00:00,2025-02-18 00:00:00,3,496,383,1,2,2,191.5,5
3469,4,131.16,32.79,2024-07-15 00:00:00,2025-02-18 00:00:00,2,496,218,1,2,2,72.7,5
3311,4,198.43,49.61,2024-09-02 00:00:00,2025-02-18 00:00:00,3,496,169,1,2,2,56.3,5
2922,5,177.17,35.43,2024-08-27 00:00:00,2025-02-18 00:00:00,3,496,175,1,3,2,43.8,6
2166,6,276.32,46.05,2024-11-01 00:00:00,2025-02-18 00:00:00,5,496,109,1,3,3,21.8,7
2916,1,51.58,51.58,2025-02-19 00:00:00,2025-02-19 00:00:00,1,495,0,1,1,1,,3
3840,2,82.19,41.09,2024-11-17 00:00:00,2025-02-19 00:00:00,2,495,94,1,1,1,94.0,3
2974,4,208.66,52.16,2024-01-12 00:00:00,2025-02-19 00:00:00,4,495,404,1,2,2,134.7,5
3435,2,74.58,37.29,2024-12-11 00:00:00,2025-02-20 00:00:00,2,494,71,1,1,1,71.0,3
3207,4,115.59,28.9,2023-10-27 00:00:00,2025-02-20 00:00:00,2,494,482,1,2,2,160.7,5
3780,4,182.64,45.66,2024-07-02 00:00:00,2025-02-20 00:00:00,3,494,233,1,2,2,77.7,5
2945,1,31.92,31.92,2025-02-21 00:00:00,2025-02-21 00:00:00,1,493,0,1,1,1,,3
3180,1,36.85,36.85,2025-02-21 00:00:00,2025-02-21 00:00:00,1,493,0,1,1,1,,3
3279,1,88.61,88.61,2025-02-21 00:00:00,2025-02-21 00:00:00,1,493,0,1,1,2,,4
3314,3,185.41,61.8,2023-06-23 00:00:00,2025-02-21 00:00:00,3,493,609,1,2,2,304.5,5
2929,4,149.35,37.34,2025-02-11 00:00:00,2025-02-21 00:00:00,4,493,10,1,2,2,3.3,5
3546,7,270.2,38.6,2024-07-05 00:00:00,2025-02-21 00:00:00,5,493,231,1,3,3,38.5,7
3419,4,236.8,59.2,2024-12-30 00:00:00,2025-02-22 00:00:00,3,492,54,1,2,3,18.0,6
3583,5,339.57,67.91,2024-10-06 00:00:00,2025-02-22 00:00:00,5,492,139,1,3,3,34.8,7
3857,2,47.87,23.94,2023-07-27 00:00:00,2025-02-23 00:00:00,2,491,577,1,1,1,577.0,3
3327,3,122.83,40.94,2025-02-04 00:00:00,2025-02-23 00:00:00,3,491,19,1,2,2,9.5,5
2874,4,192.31,48.08,2023-11-17 00:00:00,2025-02-23 00:00:00,3,491,464,1,2,2,154.7,5
3125,4,308.59,77.15,2024-08-14 00:00:00,2025-02-24 00:00:00,3,490,194,1,3,3,64.7,7
3594,3,96.62,32.21,2024-12-14 00:00:00,2025-02-25 00:00:00,2,489,73,1,2,2,36.5,5
3185,6,232.47,38.74,2024-02-29 00:00:00,2025-02-25 00:00:00,5,489,362,1,3,3,72.4,7
3392,3,127.83,42.61,2024-09-01 00:00:00,2025-02-26 00:00:00,2,488,178,1,2,2,89.0,5
3340,3,168.1,56.03,2024-06-13 00:00:00,2025-02-26 00:00:00,2,488,258,1,2,2,129.0,5
3397,4,132.78,33.2,2025-01-04 00:00:00,2025-02-26 00:00:00,2,488,53,1,2,2,17.7,5
3902,1,19.07,19.07,2025-02-27 00:00:00,2025-02-27 00:00:00,1,487,0,1,1,1,,3
3001,5,326.52,65.3,2024-06-25 00:00:00,2025-02-27 00:00:00,3,487,247,1,3,3,61.8,7
3762,1,44.58,44.58,2025-02-28 00:00:00,2025-02-28 00:00:00,1,486,0,1,1,1,,3
2806,3,238.56,79.52,2024-06-04 00:00:00,2025-02-28 00:00:00,3,486,269,1,2,3,134.5,6
3337,4,253.05,63.26,2024-12-01 00:00:00,2025-02-28 00:00:00,3,486,89,1,2,3,29.7,6
2851,3,132.71,44.24,2023-06-05 00:00:00,2025-03-01 00:00:00,3,485,635,1,2,2,317.5,5
3537,4,218.98,54.74,2025-01-05 00:00:00,2025-03-01 00:00:00,3,485,55,1,2,3,18.3,6
3139,6,308.72,51.45,2024-02-13 00:00:00,2025-03-01 00:00:00,5,485,382,1,3,3,76.4,7
3467,1,51.9,51.9,2025-03-02 00:00:00,2025-03-02 00:00:00,1,484,0,1,1,1,,3
3767,1,52.74,52.74,2025-03-03 00:00:00,2025-03-03 00:00:00,1,483,0,1,1,1,,3
3326,5,112.46,22.49,2024-05-14 00:00:00,2025-03-03 00:00:00,3,483,293,1,3,2,73.3,6
1660,1,42.62,42.62,2025-03-04 00:00:00,2025-03-04 00:00:00,1,482,0,1,1,1,,3
3751,1,65.58,65.58,2025-03-04 00:00:00,2025-03-04 00:00:00,1,482,0,1,1,1,,3
3542,7,253.25,36.18,2024-10-09 00:00:00,2025-03-04 00:00:00,6,482,146,1,3,3,24.3,7
3362,3,83.13,27.71,2024-09-15 00:00:00,2025-03-05 00:00:00,2,481,171,1,2,2,85.5,5
2903,3,166.46,55.49,2024-07-20 00:00:00,2025-03-05 00:00:00,3,481,228,1,2,2,114.0,5
3765,1,23.47,23.47,2025-03-06 00:00:00,2025-03-06 00:00:00,1,480,0,1,1,1,,3
3642,1,34.32,34.32,2025-03-06 00:00:00,2025-03-06 00:00:00,1,480,0,1,1,1,,3
3178,3,128.84,42.95,2024-07-23 00:00:00,2025-03-06 00:00:00,1,480,226,1,2,2,113.0,5
3361,4,117.45,29.36,2024-11-20 00:00:00,2025-03-06 00:00:00,3,480,106,1,2,2,35.3,5
3489,2,91.59,45.8,2024-11-20 00:00:00,2025-03-07 00:00:00,2,479,107,1,1,2,107.0,4
3308,2,128.12,64.06,2025-02-10 00:00:00,2025-03-07 00:00:00,2,479,25,1,2,2,25.0,5
3561,3,140.78,46.93,2024-08-15 00:00:00,2025-03-07 00:00:00,3,479,204,1,2,2,102.0,5
3653,1,33.8,33.8,2025-03-08 00:00:00,2025-03-08 00:00:00,1,478,0,1,1,1,,3
3212,2,121.95,60.98,2024-06-23 00:00:00,2025-03-08 00:00:00,1,478,258,1,2,2,258.0,5
3150,3,85.65,28.55,2024-09-04 00:00:00,2025-03-08 00:00:00,1,478,185,1,2,2,92.5,5
3323,5,194.41,38.88,2024-10-01 00:00:00,2025-03-08 00:00:00,4,478,158,1,3,2,39.5,6
3345,6,185.01,30.83,2024-10-17 00:00:00,2025-03-08 00:00:00,4,478,142,1,3,2,28.4,6
3389,4,139.91,34.98,2023-05-20 00:00:00,2025-03-09 00:00:00,3,477,659,1,2,2,219.7,5
1703,1,26.27,26.27,2025-03-10 00:00:00,2025-03-10 00:00:00,1,476,0,1,1,1,,3
3659,1,39.41,39.41,2025-03-10 00:00:00,2025-03-10 00:00:00,1,476,0,1,1,1,,3
3983,4,151.58,37.9,2024-03-05 00:00:00,2025-03-10 00:00:00,2,476,370,1,2,2,123.3,5
3617,1,35.23,35.23,2025-03-11 00:00:00,2025-03-11 00:00:00,1,475,0,1,1,1,,3
3448,6,194.0,32.33,2024-02-17 00:00:00,2025-03-11 00:00:00,5,475,388,1,3,2,77.6,6
3058,6,358.51,59.75,2025-02-10 00:00:00,2025-03-11 00:00:00,4,475,29,1,3,3,5.8,7
1891,2,57.71,28.86,2024-11-14 00:00:00,2025-03-12 00:00:00,2,474,118,1,1,1,118.0,3
3072,3,133.99,44.66,2024-06-12 00:00:00,2025-03-12 00:00:00,2,474,273,1,2,2,136.5,5
3176,7,297.19,42.46,2025-02-21 00:00:00,2025-03-12 00:00:00,5,474,19,1,3,3,3.2,7
3209,2,157.81,78.91,2024-06-08 00:00:00,2025-03-13 00:00:00,2,473,278,1,2,2,278.0,5
3208,6,212.25,35.38,2023-07-28 00:00:00,2025-03-13 00:00:00,4,473,594,1,3,3,118.8,7
3275,6,312.14,52.02,2024-04-19 00:00:00,2025-03-13 00:00:00,3,473,328,1,3,3,65.6,7
3802,1,34.44,34.44,2025-03-14 00:00:00,2025-03-14 00:00:00,1,472,0,1,1,1,,3
3903,1,45.95,45.95,2025-03-14 00:00:00,2025-03-14 00:00:00,1,472,0,1,1,1,,3
3297,2,86.79,43.39,2024-08-28 00:00:00,2025-03-14 00:00:00,2,472,198,1,1,2,198.0,4
3587,1,19.3,19.3,2025-03-15 00:00:00,2025-03-15 00:00:00,1,471,0,1,1,1,,3
1621,1,36.84,36.84,2025-03-16 00:00:00,2025-03-16 00:00:00,1,470,0,1,1,1,,3
1538,1,52.89,52.89,2025-03-16 00:00:00,2025-03-16 00:00:00,1,470,0,1,1,1,,3
3393,5,188.05,37.61,2023-01-20 00:00:00,2025-03-16 00:00:00,4,470,786,1,3,2,196.5,6
3074,5,360.97,72.19,2023-04-08 00:00:00,2025-03-16 00:00:00,4,470,708,1,3,3,177.0,7
3891,1,58.1,58.1,2025-03-18 00:00:00,2025-03-18 00:00:00,1,468,0,1,1,1,,3
3387,2,96.62,48.31,2025-01-26 00:00:00,2025-03-18 00:00:00,2,468,51,1,2,2,51.0,5
1422,2,43.0,21.5,2024-02-15 00:00:00,2025-03-19 00:00:00,2,467,398,1,1,1,398.0,3
1289,3,878.08,292.69,2024-05-05 00:00:00,2025-03-19 00:00:00,2,467,318,1,2,5,159.0,8
3624,2,39.94,19.97,2024-12-25 00:00:00,2025-03-20 00:00:00,2,466,85,1,1,1,85.0,3
3002,2,62.52,31.26,2024-04-29 00:00:00,2025-03-20 00:00:00,2,466,325,1,1,1,325.0,3
3067,2,118.6,59.3,2025-03-01 00:00:00,2025-03-20 00:00:00,2,466,19,1,2,2,19.0,5
3164,5,202.45,40.49,2024-04-06 00:00:00,2025-03-20 00:00:00,4,466,348,1,3,2,87.0,6
3434,3,131.46,43.82,2024-07-17 00:00:00,2025-03-21 00:00:00,2,465,247,1,2,2,123.5,5
3304,6,288.43,48.07,2024-01-24 00:00:00,2025-03-21 00:00:00,5,465,422,1,3,3,84.4,7
3011,4,139.23,34.81,2025-03-08 00:00:00,2025-03-22 00:00:00,3,464,14,1,2,2,4.7,5
3287,4,235.29,58.82,2024-10-14 00:00:00,2025-03-22 00:00:00,2,464,159,1,2,3,53.0,6
3004,5,200.03,40.01,2025-03-12 00:00:00,2025-03-22 00:00:00,4,464,10,1,3,2,2.5,6
3317,8,415.81,51.98,2023-11-22 00:00:00,2025-03-22 00:00:00,7,464,486,1,4,3,69.4,8
1495,3,151.49,50.5,2024-08-19 00:00:00,2025-03-23 00:00:00,3,463,216,1,2,2,108.0,5
3375,6,198.06,33.01,2025-01-19 00:00:00,2025-03-23 00:00:00,3,463,63,1,3,2,12.6,6
3234,1,45.65,45.65,2025-03-24 00:00:00,2025-03-24 00:00:00,1,462,0,1,1,1,,3
3911,1,49.85,49.85,2025-03-24 00:00:00,2025-03-24 00:00:00,1,462,0,1,1,1,,3
2849,2,50.49,25.24,2024-12-20 00:00:00,2025-03-24 00:00:00,2,462,94,1,1,1,94.0,3
3994,1,36.96,36.96,2025-03-25 00:00:00,2025-03-25 00:00:00,1,461,0,1,1,1,,3
3958,1,44.76,44.76,2025-03-26 00:00:00,2025-03-26 00:00:00,1,460,0,1,1,1,,3
3535,3,129.34,43.11,2024-09-09 00:00:00,2025-03-26 00:00:00,2,460,198,1,2,2,99.0,5
3436,4,207.84,51.96,2023-09-04 00:00:00,2025-03-26 00:00:00,3,460,569,1,2,2,189.7,5
1939,1,51.63,51.63,2025-03-27 00:00:00,2025-03-27 00:00:00,1,459,0,1,1,1,,3
3714,3,174.78,58.26,2025-03-04 00:00:00,2025-03-27 00:00:00,3,459,23,1,2,2,11.5,5
3514,5,174.07,34.81,2023-11-01 00:00:00,2025-03-27 00:00:00,4,459,512,1,3,2,128.0,6
3225,6,144.65,24.11,2024-08-11 00:00:00,2025-03-27 00:00:00,4,459,228,1,3,2,45.6,6
2985,6,307.62,51.27,2023-09-27 00:00:00,2025-03-27 00:00:00,3,459,547,1,3,3,109.4,7
3933,1,55.44,55.44,2025-03-28 00:00:00,2025-03-28 00:00:00,1,458,0,1,1,1,,3
3937,2,40.15,20.07,2024-12-24 00:00:00,2025-03-28 00:00:00,2,458,94,1,1,1,94.0,3
3369,2,75.64,37.82,2024-03-18 00:00:00,2025-03-28 00:00:00,1,458,375,1,1,1,375.0,3
3779,2,82.08,41.04,2024-09-14 00:00:00,2025-03-28 00:00:00,2,458,195,1,1,1,195.0,3
3571,6,42.2,7.03,2024-12-17 00:00:00,2025-03-28 00:00:00,4,458,101,1,3,1,20.2,5
3165,2,87.09,43.55,2024-10-05 00:00:00,2025-03-29 00:00:00,2,457,175,1,1,2,175.0,4
3615,4,87.14,21.79,2024-09-25 00:00:00,2025-03-29 00:00:00,4,457,185,1,2,2,61.7,5
3527,6,100.17,16.7,2024-03-13 00:00:00,2025-03-30 00:00:00,3,456,382,1,3,2,76.4,6
2913,7,71.18,10.17,2024-07-11 00:00:00,2025-03-30 00:00:00,3,456,262,1,3,1,43.7,5
1642,1,23.76,23.76,2025-03-31 00:00:00,2025-03-31 00:00:00,1,455,0,1,1,1,,3
1791,1,25.36,25.36,2025-03-31 00:00:00,2025-03-31 00:00:00,1,455,0,1,1,1,,3
3607,1,60.51,60.51,2025-03-31 00:00:00,2025-03-31 00:00:00,1,455,0,1,1,1,,3
3610,1,30.43,30.43,2025-04-01 00:00:00,2025-04-01 00:00:00,1,454,0,1,1,1,,3
1797,1,66.99,66.99,2025-04-01 00:00:00,2025-04-01 00:00:00,1,454,0,1,1,1,,3
3497,6,365.7,60.95,2023-11-18 00:00:00,2025-04-01 00:00:00,3,454,500,1,3,3,100.0,7
2948,4,107.14,26.79,2024-01-27 00:00:00,2025-04-02 00:00:00,3,453,431,1,2,2,143.7,5
2834,5,265.51,53.1,2024-04-29 00:00:00,2025-04-02 00:00:00,4,453,338,1,3,3,84.5,7
2374,6,324.59,54.1,2024-03-26 00:00:00,2025-04-02 00:00:00,5,453,372,1,3,3,74.4,7
3557,6,388.73,64.79,2024-10-05 00:00:00,2025-04-02 00:00:00,4,453,179,1,3,3,35.8,7
3003,3,126.1,42.03,2024-11-15 00:00:00,2025-04-03 00:00:00,2,452,139,1,2,2,69.5,5
3453,6,251.97,41.99,2024-12-27 00:00:00,2025-04-03 00:00:00,3,452,97,1,3,3,19.4,7
3734,1,14.31,14.31,2025-04-04 00:00:00,2025-04-04 00:00:00,1,451,0,1,1,1,,3
1983,1,22.95,22.95,2025-04-04 00:00:00,2025-04-04 00:00:00,1,451,0,1,1,1,,3
3738,1,43.31,43.31,2025-04-04 00:00:00,2025-04-04 00:00:00,1,451,0,1,1,1,,3
3648,1,43.81,43.81,2025-04-04 00:00:00,2025-04-04 00:00:00,1,451,0,1,1,1,,3
3098,2,95.94,47.97,2024-12-14 00:00:00,2025-04-04 00:00:00,2,451,111,1,1,2,111.0,4
2933,4,220.8,55.2,2023-07-09 00:00:00,2025-04-04 00:00:00,4,451,635,1,2,3,211.7,6
3197,4,220.93,55.23,2023-10-12 00:00:00,2025-04-04 00:00:00,4,451,540,1,2,3,180.0,6
1788,1,33.85,33.85,2025-04-05 00:00:00,2025-04-05 00:00:00,1,450,0,1,1,1,,3
3938,1,62.17,62.17,2025-04-05 00:00:00,2025-04-05 00:00:00,1,450,0,1,1,1,,3
1690,1,72.03,72.03,2025-04-05 00:00:00,2025-04-05 00:00:00,1,450,0,1,1,1,,3
3450,4,165.44,41.36,2024-11-18 00:00:00,2025-04-05 00:00:00,4,450,138,1,2,2,46.0,5
3440,1,54.81,54.81,2025-04-06 00:00:00,2025-04-06 00:00:00,1,449,0,1,1,1,,3
3128,2,106.79,53.39,2025-01-17 00:00:00,2025-04-06 00:00:00,2,449,79,1,2,2,79.0,5
2887,3,71.35,23.78,2023-10-25 00:00:00,2025-04-06 00:00:00,2,449,529,1,2,1,264.5,4
3501,7,200.94,28.71,2023-02-05 00:00:00,2025-04-07 00:00:00,5,448,792,1,3,2,132.0,6
3707,1,33.62,33.62,2025-04-08 00:00:00,2025-04-08 00:00:00,1,447,0,1,1,1,,3
3843,1,34.32,34.32,2025-04-08 00:00:00,2025-04-08 00:00:00,1,447,0,1,1,1,,3
2808,4,211.63,52.91,2024-01-04 00:00:00,2025-04-08 00:00:00,4,447,460,1,2,3,153.3,6
3127,4,231.98,58.0,2024-09-10 00:00:00,2025-04-08 00:00:00,2,447,210,1,2,3,70.0,6
2900,5,237.73,47.55,2023-05-09 00:00:00,2025-04-08 00:00:00,4,447,700,1,3,3,175.0,7
3050,5,256.8,51.36,2024-06-15 00:00:00,2025-04-08 00:00:00,2,447,297,1,3,3,74.3,7
3550,5,265.6,53.12,2024-12-18 00:00:00,2025-04-08 00:00:00,3,447,111,1,3,3,27.8,7
3695,1,23.64,23.64,2025-04-09 00:00:00,2025-04-09 00:00:00,1,446,0,1,1,1,,3
3385,3,67.65,22.55,2023-11-20 00:00:00,2025-04-10 00:00:00,3,445,507,1,2,1,253.5,4
3957,3,107.12,35.71,2025-02-26 00:00:00,2025-04-10 00:00:00,3,445,43,1,2,2,21.5,5
3054,3,140.16,46.72,2024-11-09 00:00:00,2025-04-10 00:00:00,3,445,152,1,2,2,76.0,5
1558,2,152.9,76.45,2024-05-14 00:00:00,2025-04-11 00:00:00,2,444,332,1,2,2,332.0,5
2877,3,186.23,62.08,2024-11-05 00:00:00,2025-04-11 00:00:00,3,444,157,1,2,2,78.5,5
3442,4,194.45,48.61,2024-12-23 00:00:00,2025-04-11 00:00:00,3,444,109,1,2,2,36.3,5
3346,1,52.95,52.95,2025-04-12 00:00:00,2025-04-12 00:00:00,1,443,0,1,1,1,,3
3787,1,53.17,53.17,2025-04-12 00:00:00,2025-04-12 00:00:00,1,443,0,1,1,1,,3
2472,5,199.29,39.86,2024-09-27 00:00:00,2025-04-12 00:00:00,4,443,197,1,3,2,49.3,6
2114,7,193.92,27.7,2025-01-10 00:00:00,2025-04-12 00:00:00,3,443,92,1,3,2,15.3,6
3551,7,380.21,54.32,2024-09-29 00:00:00,2025-04-12 00:00:00,4,443,195,1,3,3,32.5,7
3845,3,128.07,42.69,2025-01-17 00:00:00,2025-04-13 00:00:00,3,442,86,1,2,2,43.0,5
3138,4,210.16,52.54,2025-03-14 00:00:00,2025-04-13 00:00:00,4,442,30,1,2,3,10.0,6
3046,5,210.95,42.19,2024-12-25 00:00:00,2025-04-14 00:00:00,3,441,110,1,3,3,27.5,7
2845,8,299.55,37.44,2024-04-04 00:00:00,2025-04-14 00:00:00,4,441,375,1,3,3,53.6,7
3677,1,58.13,58.13,2025-04-15 00:00:00,2025-04-15 00:00:00,1,440,0,1,1,1,,3
1256,2,619.37,309.69,2025-02-15 00:00:00,2025-04-15 00:00:00,2,440,59,1,2,4,59.0,7
2810,3,110.51,36.84,2024-12-11 00:00:00,2025-04-15 00:00:00,1,440,125,1,2,2,62.5,5
3241,4,234.33,58.58,2025-01-25 00:00:00,2025-04-15 00:00:00,3,440,80,1,2,3,26.7,6
3452,6,397.99,66.33,2025-01-06 00:00:00,2025-04-15 00:00:00,5,440,99,1,3,3,19.8,7
3919,1,33.04,33.04,2025-04-16 00:00:00,2025-04-16 00:00:00,1,439,0,1,1,1,,3
3055,5,226.78,45.36,2023-08-24 00:00:00,2025-04-16 00:00:00,4,439,601,1,3,3,150.3,7
3040,5,232.16,46.43,2024-06-25 00:00:00,2025-04-16 00:00:00,3,439,295,1,3,3,73.8,7
3711,1,44.91,44.91,2025-04-17 00:00:00,2025-04-17 00:00:00,1,438,0,1,1,1,,3
2894,1,61.21,61.21,2025-04-17 00:00:00,2025-04-17 00:00:00,1,438,0,1,1,1,,3
2881,2,47.05,23.52,2025-04-07 00:00:00,2025-04-17 00:00:00,2,438,10,1,1,1,10.0,3
3190,4,130.01,32.5,2024-09-20 00:00:00,2025-04-17 00:00:00,3,438,209,1,2,2,69.7,5
3449,4,132.54,33.13,2024-09-07 00:00:00,2025-04-17 00:00:00,4,438,222,1,2,2,74.0,5
3318,4,193.35,48.34,2023-05-24 00:00:00,2025-04-17 00:00:00,4,438,694,1,2,2,231.3,5
3475,5,221.52,44.3,2024-09-22 00:00:00,2025-04-17 00:00:00,2,438,207,1,3,3,51.8,7
3758,1,16.05,16.05,2025-04-18 00:00:00,2025-04-18 00:00:00,1,437,0,1,1,1,,3
3992,1,31.82,31.82,2025-04-18 00:00:00,2025-04-18 00:00:00,1,437,0,1,1,1,,3
3432,2,61.38,30.69,2024-07-13 00:00:00,2025-04-18 00:00:00,2,437,279,1,1,1,279.0,3
2977,3,84.71,28.24,2023-12-17 00:00:00,2025-04-18 00:00:00,3,437,488,1,2,2,244.0,5
3172,3,90.43,30.14,2025-03-17 00:00:00,2025-04-18 00:00:00,2,437,32,1,2,2,16.0,5
3357,3,159.36,53.12,2025-04-09 00:00:00,2025-04-18 00:00:00,2,437,9,1,2,2,4.5,5
3316,4,199.45,49.86,2024-11-05 00:00:00,2025-04-18 00:00:00,4,437,164,1,2,2,54.7,5
3378,6,91.22,15.2,2023-07-18 00:00:00,2025-04-18 00:00:00,6,437,640,1,3,2,128.0,6
3975,1,20.35,20.35,2025-04-19 00:00:00,2025-04-19 00:00:00,1,436,0,1,1,1,,3
3941,1,38.84,38.84,2025-04-19 00:00:00,2025-04-19 00:00:00,1,436,0,1,1,1,,3
3989,1,58.49,58.49,2025-04-19 00:00:00,2025-04-19 00:00:00,1,436,0,1,1,1,,3
1427,1,72.4,72.4,2025-04-19 00:00:00,2025-04-19 00:00:00,1,436,0,1,1,1,,3
3573,2,66.83,33.41,2024-08-16 00:00:00,2025-04-19 00:00:00,2,436,246,1,1,1,246.0,3
3019,3,104.18,34.73,2024-03-28 00:00:00,2025-04-19 00:00:00,3,436,387,1,2,2,193.5,5
3462,4,226.27,56.57,2024-02-08 00:00:00,2025-04-19 00:00:00,2,436,436,1,2,3,145.3,6
3970,1,45.68,45.68,2025-04-20 00:00:00,2025-04-20 00:00:00,1,435,0,1,1,1,,3
3898,2,49.01,24.51,2025-02-15 00:00:00,2025-04-20 00:00:00,2,435,64,1,1,1,64.0,3
3084,3,72.84,24.28,2025-02-12 00:00:00,2025-04-20 00:00:00,2,435,67,1,2,1,33.5,4
3358,3,82.94,27.65,2024-04-27 00:00:00,2025-04-20 00:00:00,3,435,358,1,2,2,179.0,5
3056,3,148.32,49.44,2024-12-23 00:00:00,2025-04-20 00:00:00,1,435,118,1,2,2,59.0,5
3456,7,419.88,59.98,2024-04-14 00:00:00,2025-04-20 00:00:00,5,435,371,1,3,3,61.8,7
3967,1,46.46,46.46,2025-04-21 00:00:00,2025-04-21 00:00:00,1,434,0,1,1,1,,3
3051,3,119.13,39.71,2025-02-09 00:00:00,2025-04-21 00:00:00,2,434,71,1,2,2,35.5,5
3060,4,266.18,66.55,2024-02-17 00:00:00,2025-04-21 00:00:00,4,434,429,1,3,3,143.0,7
3030,1,46.72,46.72,2025-04-22 00:00:00,2025-04-22 00:00:00,1,433,0,1,1,1,,3
3889,1,49.62,49.62,2025-04-22 00:00:00,2025-04-22 00:00:00,1,433,0,1,1,1,,3
3701,1,54.17,54.17,2025-04-22 00:00:00,2025-04-22 00:00:00,1,433,0,1,1,1,,3
3396,2,78.37,39.19,2025-02-18 00:00:00,2025-04-22 00:00:00,2,433,63,1,1,1,63.0,3
2252,4,348.74,87.19,2024-07-17 00:00:00,2025-04-23 00:00:00,3,432,280,1,3,3,93.3,7
3354,5,401.02,80.2,2024-10-19 00:00:00,2025-04-23 00:00:00,4,432,186,1,3,3,46.5,7
2416,9,675.08,75.01,2024-07-16 00:00:00,2025-04-23 00:00:00,4,432,281,1,4,4,35.1,9
1535,1,62.12,62.12,2025-04-24 00:00:00,2025-04-24 00:00:00,1,431,0,1,1,1,,3
3698,1,8.64,8.64,2025-04-25 00:00:00,2025-04-25 00:00:00,1,430,0,1,1,1,,3
2973,4,108.9,27.23,2024-10-27 00:00:00,2025-04-25 00:00:00,4,430,180,1,2,2,60.0,5
3447,4,162.96,40.74,2025-04-18 00:00:00,2025-04-25 00:00:00,3,430,7,1,2,2,2.3,5
3395,6,315.74,52.62,2024-09-16 00:00:00,2025-04-25 00:00:00,4,430,221,1,3,3,44.2,7
3775,1,49.36,49.36,2025-04-26 00:00:00,2025-04-26 00:00:00,1,429,0,1,1,1,,3
3759,1,71.35,71.35,2025-04-26 00:00:00,2025-04-26 00:00:00,1,429,0,1,1,1,,3
2986,5,288.55,57.71,2024-11-12 00:00:00,2025-04-26 00:00:00,4,429,165,1,3,3,41.3,7
2448,6,266.43,44.41,2024-05-18 00:00:00,2025-04-26 00:00:00,4,429,343,1,3,3,68.6,7
2924,1,49.1,49.1,2025-04-27 00:00:00,2025-04-27 00:00:00,1,428,0,1,1,1,,3
3832,1,55.21,55.21,2025-04-27 00:00:00,2025-04-27 00:00:00,1,428,0,1,1,1,,3
2880,3,162.16,54.05,2025-01-15 00:00:00,2025-04-27 00:00:00,3,428,102,1,2,2,51.0,5
3231,4,187.36,46.84,2024-10-17 00:00:00,2025-04-27 00:00:00,3,428,192,1,2,2,64.0,5
3264,3,167.4,55.8,2025-02-09 00:00:00,2025-04-28 00:00:00,2,427,78,1,2,2,39.0,5
3270,4,219.7,54.92,2023-04-14 00:00:00,2025-04-28 00:00:00,3,427,745,1,2,3,248.3,6
3082,5,196.71,39.34,2023-10-18 00:00:00,2025-04-28 00:00:00,5,427,558,1,3,2,139.5,6
3543,9,348.23,38.69,2023-07-06 00:00:00,2025-04-28 00:00:00,4,427,662,1,4,3,82.8,8
1828,2,77.32,38.66,2024-12-03 00:00:00,2025-04-29 00:00:00,2,426,147,1,1,1,147.0,3
1324,2,509.75,254.88,2024-12-12 00:00:00,2025-04-29 00:00:00,2,426,138,1,2,4,138.0,7
3008,4,260.11,65.03,2023-09-29 00:00:00,2025-04-29 00:00:00,3,426,578,1,3,3,192.7,7
3682,3,71.79,23.93,2024-11-21 00:00:00,2025-04-30 00:00:00,2,425,160,1,2,1,80.0,4
1502,4,132.24,33.06,2024-08-11 00:00:00,2025-04-30 00:00:00,3,425,262,1,2,2,87.3,5
3021,4,141.15,35.29,2024-06-02 00:00:00,2025-04-30 00:00:00,2,425,332,1,2,2,110.7,5
3091,4,258.53,64.63,2024-08-08 00:00:00,2025-04-30 00:00:00,3,425,265,1,2,3,88.3,6
2917,5,203.4,40.68,2024-11-20 00:00:00,2025-04-30 00:00:00,3,425,161,1,3,2,40.3,6
2852,6,326.27,54.38,2024-10-18 00:00:00,2025-04-30 00:00:00,4,425,194,1,3,3,38.8,7
1676,1,41.1,41.1,2025-05-01 00:00:00,2025-05-01 00:00:00,1,424,0,1,1,1,,3
3256,2,33.55,16.77,2024-12-16 00:00:00,2025-05-01 00:00:00,2,424,136,1,1,1,136.0,3
2858,2,62.32,31.16,2025-04-26 00:00:00,2025-05-01 00:00:00,1,424,5,1,1,1,5.0,3
3458,3,191.36,63.79,2024-12-22 00:00:00,2025-05-01 00:00:00,3,424,130,1,2,2,65.0,5
3168,5,91.77,18.35,2025-01-12 00:00:00,2025-05-01 00:00:00,4,424,109,1,3,2,27.3,6
2878,5,218.02,43.6,2025-01-01 00:00:00,2025-05-01 00:00:00,4,424,120,1,3,3,30.0,7
2804,6,194.09,32.35,2024-06-17 00:00:00,2025-05-01 00:00:00,5,424,318,1,3,2,63.6,6
1348,1,239.87,239.87,2025-05-02 00:00:00,2025-05-02 00:00:00,1,423,0,1,1,3,,5
3141,3,162.28,54.09,2025-03-19 00:00:00,2025-05-02 00:00:00,3,423,44,1,2,2,22.0,5
2875,3,174.46,58.15,2025-02-13 00:00:00,2025-05-02 00:00:00,2,423,78,1,2,2,39.0,5
3119,6,197.27,32.88,2024-07-16 00:00:00,2025-05-02 00:00:00,4,423,290,1,3,2,58.0,6
1963,2,50.8,25.4,2025-02-24 00:00:00,2025-05-03 00:00:00,2,422,68,1,1,1,68.0,3
3575,2,121.39,60.7,2024-10-29 00:00:00,2025-05-03 00:00:00,2,422,186,1,2,2,186.0,5
3260,4,159.89,39.97,2024-04-19 00:00:00,2025-05-03 00:00:00,4,422,379,1,2,2,126.3,5
3146,4,318.59,79.65,2024-03-14 00:00:00,2025-05-03 00:00:00,3,422,415,1,3,3,138.3,7
2997,1,43.94,43.94,2025-05-04 00:00:00,2025-05-04 00:00:00,1,421,0,1,1,1,,3
3309,2,49.5,24.75,2025-04-17 00:00:00,2025-05-04 00:00:00,1,421,17,1,1,1,17.0,3
3829,2,80.83,40.42,2025-05-03 00:00:00,2025-05-04 00:00:00,2,421,1,1,1,1,1.0,3
2809,3,62.18,20.73,2024-12-25 00:00:00,2025-05-04 00:00:00,2,421,130,1,2,1,65.0,4
3534,3,189.12,63.04,2023-05-31 00:00:00,2025-05-04 00:00:00,3,421,704,1,2,2,352.0,5
3259,7,310.39,44.34,2025-02-25 00:00:00,2025-05-04 00:00:00,4,421,68,1,3,3,11.3,7
3334,2,43.18,21.59,2025-04-18 00:00:00,2025-05-05 00:00:00,2,420,17,1,1,1,17.0,3
3411,2,63.76,31.88,2023-11-06 00:00:00,2025-05-05 00:00:00,2,420,546,1,1,1,546.0,3
2936,4,161.38,40.34,2024-10-21 00:00:00,2025-05-05 00:00:00,3,420,196,1,2,2,65.3,5
3036,3,226.41,75.47,2024-12-10 00:00:00,2025-05-06 00:00:00,3,419,147,1,2,3,73.5,6
2995,4,151.21,37.8,2025-02-16 00:00:00,2025-05-06 00:00:00,3,419,79,1,2,2,26.3,5
2908,4,156.94,39.23,2025-02-21 00:00:00,2025-05-06 00:00:00,3,419,74,1,2,2,24.7,5
3184,8,498.71,62.34,2024-03-30 00:00:00,2025-05-06 00:00:00,5,419,402,1,4,4,57.4,9
3394,3,87.64,29.21,2025-01-22 00:00:00,2025-05-07 00:00:00,2,418,105,1,2,2,52.5,5
2999,4,185.36,46.34,2024-12-05 00:00:00,2025-05-07 00:00:00,4,418,153,1,2,2,51.0,5
2928,7,269.03,38.43,2023-11-16 00:00:00,2025-05-07 00:00:00,5,418,538,1,3,3,89.7,7
3220,5,156.46,31.29,2024-08-23 00:00:00,2025-05-08 00:00:00,4,417,258,1,3,2,64.5,6
3113,5,316.75,63.35,2024-07-01 00:00:00,2025-05-08 00:00:00,3,417,311,1,3,3,77.8,7
3033,7,332.93,47.56,2023-08-08 00:00:00,2025-05-08 00:00:00,3,417,639,1,3,3,106.5,7
3799,2,65.06,32.53,2025-02-05 00:00:00,2025-05-09 00:00:00,2,416,93,1,1,1,93.0,3
3913,2,88.81,44.41,2025-02-07 00:00:00,2025-05-09 00:00:00,2,416,91,2,1,2,91.0,5
3381,2,93.44,46.72,2024-11-07 00:00:00,2025-05-09 00:00:00,2,416,183,2,1,2,183.0,5
3170,6,242.58,40.43,2025-01-05 00:00:00,2025-05-09 00:00:00,4,416,124,2,3,3,24.8,8
3924,1,34.31,34.31,2025-05-10 00:00:00,2025-05-10 00:00:00,1,415,0,2,1,1,,4
3996,1,46.94,46.94,2025-05-10 00:00:00,2025-05-10 00:00:00,1,415,0,2,1,1,,4
3137,2,111.67,55.84,2025-03-29 00:00:00,2025-05-10 00:00:00,2,415,42,2,2,2,42.0,6
3118,3,85.83,28.61,2024-05-19 00:00:00,2025-05-10 00:00:00,3,415,356,2,2,2,178.0,6
3708,3,97.61,32.54,2023-12-03 00:00:00,2025-05-10 00:00:00,3,415,524,2,2,2,262.0,6
3471,3,143.41,47.8,2024-03-17 00:00:00,2025-05-10 00:00:00,2,415,419,2,2,2,209.5,6
3567,4,177.66,44.41,2025-01-14 00:00:00,2025-05-10 00:00:00,2,415,116,2,2,2,38.7,6
3510,7,262.33,37.48,2025-03-24 00:00:00,2025-05-10 00:00:00,5,415,47,2,3,3,7.8,8
3188,10,273.05,27.3,2024-11-15 00:00:00,2025-05-10 00:00:00,6,415,176,2,4,3,19.6,9
2925,4,246.1,61.52,2025-02-26 00:00:00,2025-05-11 00:00:00,3,414,74,2,2,3,24.7,7
2930,3,125.21,41.74,2024-08-14 00:00:00,2025-05-12 00:00:00,2,413,271,2,2,2,135.5,6
3328,5,278.05,55.61,2025-03-28 00:00:00,2025-05-12 00:00:00,3,413,45,2,3,3,11.3,8
3145,6,322.95,53.82,2025-03-27 00:00:00,2025-05-12 00:00:00,4,413,46,2,3,3,9.2,8
3680,1,52.77,52.77,2025-05-13 00:00:00,2025-05-13 00:00:00,1,412,0,2,1,1,,4
3669,1,10.32,10.32,2025-05-14 00:00:00,2025-05-14 00:00:00,1,411,0,2,1,1,,4
3844,1,38.27,38.27,2025-05-14 00:00:00,2025-05-14 00:00:00,1,411,0,2,1,1,,4
1916,2,52.87,26.44,2025-01-13 00:00:00,2025-05-14 00:00:00,1,411,121,2,1,1,121.0,4
3383,4,179.37,44.84,2024-07-14 00:00:00,2025-05-14 00:00:00,3,411,304,2,2,2,101.3,6
3070,3,135.07,45.02,2024-11-21 00:00:00,2025-05-15 00:00:00,2,410,175,2,2,2,87.5,6
2823,3,215.97,71.99,2024-08-23 00:00:00,2025-05-15 00:00:00,3,410,265,2,2,3,132.5,7
2232,6,297.76,49.63,2024-05-16 00:00:00,2025-05-15 00:00:00,4,410,364,2,3,3,72.8,8
3881,1,50.5,50.5,2025-05-16 00:00:00,2025-05-16 00:00:00,1,409,0,2,1,1,,4
3493,2,61.75,30.88,2024-11-05 00:00:00,2025-05-17 00:00:00,2,408,193,2,1,1,193.0,4
2805,5,184.04,36.81,2024-09-18 00:00:00,2025-05-17 00:00:00,4,408,241,2,3,2,60.3,7
3488,3,78.3,26.1,2025-03-18 00:00:00,2025-05-18 00:00:00,1,407,61,2,2,1,30.5,5
2609,7,366.05,52.29,2024-04-28 00:00:00,2025-05-18 00:00:00,3,407,385,2,3,3,64.2,8
3262,4,116.86,29.21,2025-01-30 00:00:00,2025-05-19 00:00:00,3,406,109,2,2,2,36.3,6
3134,5,289.68,57.94,2024-09-18 00:00:00,2025-05-19 00:00:00,5,406,243,2,3,3,60.8,8
3233,6,313.0,52.17,2024-04-06 00:00:00,2025-05-19 00:00:00,4,406,408,2,3,3,81.6,8
3269,1,70.71,70.71,2025-05-20 00:00:00,2025-05-20 00:00:00,1,405,0,2,1,1,,4
3580,7,357.49,51.07,2025-01-03 00:00:00,2025-05-20 00:00:00,5,405,137,2,3,3,22.8,8
3251,8,369.07,46.13,2023-11-29 00:00:00,2025-05-20 00:00:00,5,405,538,2,4,3,76.9,9
3310,2,150.33,75.16,2024-09-13 00:00:00,2025-05-21 00:00:00,1,404,250,2,2,2,250.0,6
3459,5,381.78,76.36,2024-07-09 00:00:00,2025-05-21 00:00:00,4,404,316,2,3,3,79.0,8
2801,8,453.39,56.67,2023-04-26 00:00:00,2025-05-21 00:00:00,5,404,756,2,4,3,108.0,9
3945,3,82.53,27.51,2025-02-27 00:00:00,2025-05-22 00:00:00,3,403,84,2,2,1,42.0,5
2882,3,218.21,72.74,2024-01-24 00:00:00,2025-05-22 00:00:00,3,403,484,2,2,3,242.0,7
2966,5,308.23,61.65,2024-08-04 00:00:00,2025-05-22 00:00:00,4,403,291,2,3,3,72.8,8
2088,7,281.86,40.27,2024-01-21 00:00:00,2025-05-22 00:00:00,3,403,487,2,3,3,81.2,8
2593,7,515.79,73.68,2024-02-13 00:00:00,2025-05-22 00:00:00,5,403,464,2,3,4,77.3,9
3478,2,152.24,76.12,2025-01-11 00:00:00,2025-05-23 00:00:00,2,402,132,2,2,2,132.0,6
2649,6,281.57,46.93,2024-05-04 00:00:00,2025-05-23 00:00:00,3,402,384,2,3,3,76.8,8
2082,9,535.76,59.53,2024-08-15 00:00:00,2025-05-23 00:00:00,5,402,281,2,4,4,35.1,10
3147,4,227.86,56.97,2024-11-21 00:00:00,2025-05-24 00:00:00,3,401,184,2,2,3,61.3,7
3601,1,30.91,30.91,2025-05-25 00:00:00,2025-05-25 00:00:00,1,400,0,2,1,1,,4
1945,2,120.82,60.41,2025-03-26 00:00:00,2025-05-25 00:00:00,2,400,60,2,2,2,60.0,6
3508,2,110.15,55.08,2024-09-08 00:00:00,2025-05-26 00:00:00,2,399,260,2,2,2,260.0,6
2992,7,315.1,45.01,2023-06-06 00:00:00,2025-05-26 00:00:00,4,399,720,2,3,3,120.0,8
2867,5,211.92,42.38,2024-08-24 00:00:00,2025-05-27 00:00:00,4,398,276,2,3,3,69.0,8
2348,7,466.12,66.59,2024-07-26 00:00:00,2025-05-27 00:00:00,4,398,305,2,3,4,50.8,9
3568,3,39.92,13.31,2024-12-19 00:00:00,2025-05-28 00:00:00,3,397,160,2,2,1,80.0,5
3673,1,47.1,47.1,2025-05-29 00:00:00,2025-05-29 00:00:00,1,396,0,2,1,1,,4
2848,2,108.26,54.13,2025-02-21 00:00:00,2025-05-29 00:00:00,2,396,97,2,2,2,97.0,6
3124,4,108.49,27.12,2023-11-17 00:00:00,2025-05-29 00:00:00,3,396,559,2,2,2,186.3,6
3179,12,440.83,36.74,2024-08-22 00:00:00,2025-05-29 00:00:00,6,396,280,2,4,3,25.5,9
2961,1,44.08,44.08,2025-05-30 00:00:00,2025-05-30 00:00:00,1,395,0,2,1,1,,4
3109,7,406.66,58.09,2024-11-03 00:00:00,2025-05-30 00:00:00,6,395,208,2,3,3,34.7,8
3271,8,202.61,25.33,2025-05-17 00:00:00,2025-05-30 00:00:00,7,395,13,2,3,2,1.9,7
3893,2,63.04,31.52,2025-03-08 00:00:00,2025-05-31 00:00:00,2,394,84,2,1,1,84.0,4
3111,2,66.76,33.38,2025-04-17 00:00:00,2025-05-31 00:00:00,2,394,44,2,1,1,44.0,4
2991,2,99.32,49.66,2025-03-13 00:00:00,2025-05-31 00:00:00,2,394,79,2,2,2,79.0,6
3240,4,139.43,34.86,2024-09-09 00:00:00,2025-05-31 00:00:00,3,394,264,2,2,2,88.0,6
2814,5,85.59,17.12,2025-05-17 00:00:00,2025-05-31 00:00:00,2,394,14,2,3,2,3.5,7
3572,6,331.41,55.24,2024-11-24 00:00:00,2025-05-31 00:00:00,3,394,188,2,3,3,37.6,8
2990,4,304.61,76.15,2025-04-09 00:00:00,2025-06-01 00:00:00,2,393,53,2,3,3,17.7,8
2975,7,303.58,43.37,2024-11-01 00:00:00,2025-06-01 00:00:00,5,393,212,2,3,3,35.3,8
1846,1,54.05,54.05,2025-06-02 00:00:00,2025-06-02 00:00:00,1,392,0,2,1,1,,4
3018,4,146.66,36.66,2025-03-18 00:00:00,2025-06-02 00:00:00,3,392,76,2,2,2,25.3,6
3285,4,272.63,68.16,2024-03-16 00:00:00,2025-06-02 00:00:00,3,392,443,2,3,3,147.7,8
2855,7,136.8,19.54,2024-09-05 00:00:00,2025-06-02 00:00:00,6,392,270,2,3,2,45.0,7
3529,7,242.06,34.58,2024-08-06 00:00:00,2025-06-02 00:00:00,3,392,300,2,3,3,50.0,8
3890,3,190.34,63.45,2025-01-29 00:00:00,2025-06-03 00:00:00,3,391,125,2,2,2,62.5,6
2866,5,342.0,68.4,2024-10-10 00:00:00,2025-06-03 00:00:00,3,391,236,2,3,3,59.0,8
2841,9,317.77,35.31,2025-02-26 00:00:00,2025-06-03 00:00:00,6,391,97,2,4,3,12.1,9
3907,1,19.8,19.8,2025-06-04 00:00:00,2025-06-04 00:00:00,1,390,0,2,1,1,,4
1371,2,568.11,284.06,2025-01-08 00:00:00,2025-06-04 00:00:00,1,390,147,2,2,4,147.0,8
3566,4,118.64,29.66,2024-06-18 00:00:00,2025-06-04 00:00:00,2,390,351,2,2,2,117.0,6
3154,7,459.43,65.63,2023-05-20 00:00:00,2025-06-04 00:00:00,5,390,746,2,3,4,124.3,9
3800,2,74.93,37.47,2025-05-29 00:00:00,2025-06-05 00:00:00,2,389,7,2,1,1,7.0,4
1578,4,136.88,34.22,2024-08-20 00:00:00,2025-06-05 00:00:00,3,389,289,2,2,2,96.3,6
2842,6,154.95,25.82,2024-08-15 00:00:00,2025-06-05 00:00:00,4,389,294,2,3,2,58.8,7
3398,5,301.2,60.24,2025-02-02 00:00:00,2025-06-06 00:00:00,2,388,124,2,3,3,31.0,8
1628,1,38.27,38.27,2025-06-07 00:00:00,2025-06-07 00:00:00,1,387,0,2,1,1,,4
3783,2,45.79,22.89,2024-08-15 00:00:00,2025-06-07 00:00:00,2,387,296,2,1,1,296.0,4
3163,3,198.29,66.1,2024-07-28 00:00:00,2025-06-07 00:00:00,3,387,314,2,2,2,157.0,6
1612,5,184.33,36.87,2024-01-22 00:00:00,2025-06-07 00:00:00,3,387,502,2,3,2,125.5,7
3253,3,58.46,19.49,2024-11-29 00:00:00,2025-06-08 00:00:00,3,386,191,2,2,1,95.5,5
3789,1,24.81,24.81,2025-06-09 00:00:00,2025-06-09 00:00:00,1,385,0,2,1,1,,4
3175,3,110.82,36.94,2025-04-07 00:00:00,2025-06-09 00:00:00,2,385,63,2,2,2,31.5,6
2826,6,288.27,48.04,2025-01-04 00:00:00,2025-06-09 00:00:00,4,385,156,2,3,3,31.2,8
1740,3,260.01,86.67,2024-03-29 00:00:00,2025-06-10 00:00:00,2,384,438,2,2,3,219.0,7
2943,4,192.84,48.21,2024-11-04 00:00:00,2025-06-10 00:00:00,4,384,218,2,2,2,72.7,6
2051,10,302.31,30.23,2023-12-27 00:00:00,2025-06-10 00:00:00,6,384,531,2,4,3,59.0,9
3839,1,17.54,17.54,2025-06-11 00:00:00,2025-06-11 00:00:00,1,383,0,2,1,1,,4
1537,1,61.1,61.1,2025-06-11 00:00:00,2025-06-11 00:00:00,1,383,0,2,1,1,,4
3460,2,60.96,30.48,2025-06-04 00:00:00,2025-06-11 00:00:00,2,383,7,2,1,1,7.0,4
3554,2,156.94,78.47,2025-01-20 00:00:00,2025-06-11 00:00:00,2,383,142,2,2,2,142.0,6
3451,3,191.18,63.73,2025-04-02 00:00:00,2025-06-11 00:00:00,3,383,70,2,2,2,35.0,6
3421,1,16.09,16.09,2025-06-12 00:00:00,2025-06-12 00:00:00,1,382,0,2,1,1,,4
1530,1,26.57,26.57,2025-06-12 00:00:00,2025-06-12 00:00:00,1,382,0,2,1,1,,4
3295,5,249.15,49.83,2025-02-15 00:00:00,2025-06-12 00:00:00,4,382,117,2,3,3,29.3,8
3048,6,291.55,48.59,2024-07-31 00:00:00,2025-06-12 00:00:00,4,382,316,2,3,3,63.2,8
3352,2,40.3,20.15,2024-02-28 00:00:00,2025-06-13 00:00:00,2,381,471,2,1,1,471.0,4
3009,2,57.09,28.55,2025-06-09 00:00:00,2025-06-13 00:00:00,2,381,4,2,1,1,4.0,4
1627,2,75.1,37.55,2024-08-05 00:00:00,2025-06-13 00:00:00,2,381,312,2,1,1,312.0,4
2923,4,216.16,54.04,2024-10-14 00:00:00,2025-06-13 00:00:00,3,381,242,2,2,3,80.7,7
3293,5,202.92,40.58,2024-05-27 00:00:00,2025-06-13 00:00:00,4,381,382,2,3,2,95.5,7
3418,7,120.47,17.21,2025-05-22 00:00:00,2025-06-13 00:00:00,6,381,22,2,3,2,3.7,7
2979,3,171.26,57.09,2024-12-31 00:00:00,2025-06-14 00:00:00,3,380,165,2,2,2,82.5,6
2892,4,101.3,25.32,2024-07-27 00:00:00,2025-06-14 00:00:00,3,380,322,2,2,2,107.3,6
3367,4,193.41,48.35,2025-01-08 00:00:00,2025-06-14 00:00:00,4,380,157,2,2,2,52.3,6
3506,2,82.53,41.27,2025-02-02 00:00:00,2025-06-15 00:00:00,2,379,133,2,1,1,133.0,4
1741,3,137.48,45.83,2024-07-06 00:00:00,2025-06-15 00:00:00,3,379,344,2,2,2,172.0,6
2004,6,182.24,30.37,2024-04-20 00:00:00,2025-06-15 00:00:00,4,379,421,2,3,2,84.2,7
3579,6,233.28,38.88,2024-05-28 00:00:00,2025-06-15 00:00:00,5,379,383,2,3,3,76.6,8
3265,1,24.12,24.12,2025-06-16 00:00:00,2025-06-16 00:00:00,1,378,0,2,1,1,,4
3721,1,31.2,31.2,2025-06-16 00:00:00,2025-06-16 00:00:00,1,378,0,2,1,1,,4
3341,3,117.33,39.11,2024-12-21 00:00:00,2025-06-16 00:00:00,3,378,177,2,2,2,88.5,6
3465,5,96.17,19.23,2024-12-19 00:00:00,2025-06-16 00:00:00,4,378,179,2,3,2,44.8,7
3906,1,42.78,42.78,2025-06-17 00:00:00,2025-06-17 00:00:00,1,377,0,2,1,1,,4
3602,1,50.09,50.09,2025-06-17 00:00:00,2025-06-17 00:00:00,1,377,0,2,1,1,,4
3206,2,100.2,50.1,2025-03-04 00:00:00,2025-06-17 00:00:00,2,377,105,2,2,2,105.0,6
3786,2,106.41,53.2,2023-12-10 00:00:00,2025-06-17 00:00:00,2,377,555,2,2,2,555.0,6
3280,1,12.95,12.95,2025-06-18 00:00:00,2025-06-18 00:00:00,1,376,0,2,1,1,,4
3427,1,39.05,39.05,2025-06-18 00:00:00,2025-06-18 00:00:00,1,376,0,2,1,1,,4
3064,4,109.07,27.27,2025-03-27 00:00:00,2025-06-18 00:00:00,4,376,83,2,2,2,27.7,6
3422,5,187.68,37.54,2024-09-13 00:00:00,2025-06-18 00:00:00,4,376,278,2,3,2,69.5,7
3229,9,347.52,38.61,2025-05-30 00:00:00,2025-06-18 00:00:00,4,376,19,2,4,3,2.4,9
3520,3,82.38,27.46,2025-02-07 00:00:00,2025-06-19 00:00:00,2,375,132,2,2,1,66.0,5
3299,3,130.52,43.51,2025-04-30 00:00:00,2025-06-19 00:00:00,2,375,50,2,2,2,25.0,6
3104,3,187.99,62.66,2024-12-28 00:00:00,2025-06-19 00:00:00,2,375,173,2,2,2,86.5,6
3350,6,85.94,14.32,2024-12-08 00:00:00,2025-06-19 00:00:00,4,375,193,2,3,2,38.6,7
3599,7,133.8,19.11,2024-05-09 00:00:00,2025-06-19 00:00:00,5,375,406,2,3,2,67.7,7
3781,1,58.07,58.07,2025-06-20 00:00:00,2025-06-20 00:00:00,1,374,0,2,1,1,,4
2828,3,195.8,65.27,2024-12-24 00:00:00,2025-06-20 00:00:00,3,374,178,2,2,2,89.0,6
2868,5,212.22,42.44,2024-02-12 00:00:00,2025-06-20 00:00:00,3,374,494,2,3,3,123.5,8
3112,6,131.07,21.84,2024-10-03 00:00:00,2025-06-20 00:00:00,4,374,260,2,3,2,52.0,7
3267,6,259.78,43.3,2023-12-09 00:00:00,2025-06-20 00:00:00,4,374,559,2,3,3,111.8,8
3863,1,52.06,52.06,2025-06-21 00:00:00,2025-06-21 00:00:00,1,373,0,2,1,1,,4
2382,7,433.95,61.99,2024-12-13 00:00:00,2025-06-21 00:00:00,5,373,190,2,3,3,31.7,8
1517,1,34.78,34.78,2025-06-22 00:00:00,2025-06-22 00:00:00,1,372,0,2,1,1,,4
3348,2,37.84,18.92,2025-05-06 00:00:00,2025-06-22 00:00:00,2,372,47,2,1,1,47.0,4
3079,2,91.1,45.55,2024-06-03 00:00:00,2025-06-22 00:00:00,2,372,384,2,1,2,384.0,5
2968,3,70.92,23.64,2025-05-02 00:00:00,2025-06-22 00:00:00,2,372,51,2,2,1,25.5,5
3481,4,128.92,32.23,2025-03-31 00:00:00,2025-06-22 00:00:00,3,372,83,2,2,2,27.7,6
2984,4,216.8,54.2,2024-10-25 00:00:00,2025-06-22 00:00:00,2,372,240,2,2,3,80.0,7
3198,1,22.79,22.79,2025-06-23 00:00:00,2025-06-23 00:00:00,1,371,0,2,1,1,,4
3877,1,34.44,34.44,2025-06-23 00:00:00,2025-06-23 00:00:00,1,371,0,2,1,1,,4
1979,2,101.28,50.64,2024-06-28 00:00:00,2025-06-23 00:00:00,2,371,360,2,2,2,360.0,6
1466,3,175.59,58.53,2024-08-05 00:00:00,2025-06-23 00:00:00,3,371,322,2,2,2,161.0,6
3530,6,211.65,35.27,2023-09-21 00:00:00,2025-06-23 00:00:00,4,371,641,2,3,3,128.2,8
3097,1,36.56,36.56,2025-06-25 00:00:00,2025-06-25 00:00:00,1,369,0,2,1,1,,4
3998,2,65.84,32.92,2024-06-16 00:00:00,2025-06-25 00:00:00,2,369,374,2,1,1,374.0,4
3705,2,105.09,52.55,2025-02-11 00:00:00,2025-06-25 00:00:00,2,369,134,2,2,2,134.0,6
3461,6,55.4,9.23,2024-04-09 00:00:00,2025-06-25 00:00:00,4,369,442,2,3,1,88.4,6
3521,3,147.74,49.25,2025-05-28 00:00:00,2025-06-26 00:00:00,3,368,29,2,2,2,14.5,6
2743,4,257.3,64.33,2024-05-07 00:00:00,2025-06-26 00:00:00,3,368,415,2,2,3,138.3,7
3114,4,291.39,72.85,2024-12-04 00:00:00,2025-06-26 00:00:00,4,368,204,2,3,3,68.0,8
3007,6,232.34,38.72,2023-05-20 00:00:00,2025-06-26 00:00:00,3,368,768,2,3,3,153.6,8
3516,8,358.66,44.83,2025-06-12 00:00:00,2025-06-26 00:00:00,5,368,14,2,4,3,2.0,9
3531,2,95.01,47.5,2025-06-10 00:00:00,2025-06-27 00:00:00,1,367,17,2,1,2,17.0,5
3509,4,104.18,26.04,2024-03-04 00:00:00,2025-06-27 00:00:00,4,367,480,2,2,2,160.0,6
3331,4,257.32,64.33,2025-01-10 00:00:00,2025-06-27 00:00:00,4,367,168,2,2,3,56.0,7
3120,4,262.41,65.6,2024-08-02 00:00:00,2025-06-27 00:00:00,3,367,329,2,3,3,109.7,8
2824,5,193.38,38.68,2023-08-12 00:00:00,2025-06-27 00:00:00,4,367,685,2,3,2,171.3,7
2885,9,525.75,58.42,2025-03-16 00:00:00,2025-06-27 00:00:00,4,367,103,2,4,4,12.9,10
3320,3,80.42,26.81,2025-01-23 00:00:00,2025-06-28 00:00:00,3,366,156,2,2,1,78.0,5
3541,6,226.95,37.82,2024-05-02 00:00:00,2025-06-28 00:00:00,4,366,422,2,3,3,84.4,8
3017,2,98.86,49.43,2023-12-02 00:00:00,2025-06-29 00:00:00,2,365,575,2,2,2,575.0,6
3417,3,111.12,37.04,2025-02-27 00:00:00,2025-06-29 00:00:00,3,365,122,2,2,2,61.0,6
3370,4,145.39,36.35,2024-09-16 00:00:00,2025-06-29 00:00:00,4,365,286,2,2,2,95.3,6
3812,1,25.97,25.97,2025-06-30 00:00:00,2025-06-30 00:00:00,1,364,0,2,1,1,,4
2361,7,312.53,44.65,2024-10-06 00:00:00,2025-06-30 00:00:00,3,364,267,2,3,3,44.5,8
3438,1,48.12,48.12,2025-07-01 00:00:00,2025-07-01 00:00:00,1,363,0,2,1,1,,4
3246,2,122.56,61.28,2025-04-03 00:00:00,2025-07-01 00:00:00,2,363,89,2,2,2,89.0,6
2406,3,80.97,26.99,2024-09-08 00:00:00,2025-07-02 00:00:00,2,362,297,2,2,1,148.5,5
3122,3,135.21,45.07,2024-01-27 00:00:00,2025-07-02 00:00:00,2,362,522,2,2,2,261.0,6
3205,5,374.1,74.82,2024-09-20 00:00:00,2025-07-02 00:00:00,4,362,285,2,3,3,71.3,8
3815,1,60.4,60.4,2025-07-03 00:00:00,2025-07-03 00:00:00,1,361,0,2,1,1,,4
3437,5,242.5,48.5,2023-12-10 00:00:00,2025-07-03 00:00:00,3,361,571,2,3,3,142.8,8
3026,10,553.46,55.35,2024-12-20 00:00:00,2025-07-03 00:00:00,7,361,195,2,4,4,21.7,10
3811,1,25.7,25.7,2025-07-04 00:00:00,2025-07-04 00:00:00,1,360,0,2,1,1,,4
1751,1,57.29,57.29,2025-07-04 00:00:00,2025-07-04 00:00:00,1,360,0,2,1,1,,4
3897,2,80.33,40.17,2024-11-16 00:00:00,2025-07-05 00:00:00,1,359,231,2,1,1,231.0,4
3692,2,74.89,37.45,2025-04-26 00:00:00,2025-07-06 00:00:00,1,358,71,2,1,1,71.0,4
3536,5,252.44,50.49,2024-06-08 00:00:00,2025-07-06 00:00:00,4,358,393,2,3,3,98.3,8
3838,1,5.0,5.0,2025-07-07 00:00:00,2025-07-07 00:00:00,1,357,0,2,1,1,,4
1624,1,59.11,59.11,2025-07-07 00:00:00,2025-07-07 00:00:00,1,357,0,2,1,1,,4
3513,2,69.93,34.97,2025-01-07 00:00:00,2025-07-07 00:00:00,1,357,181,2,1,1,181.0,4
3329,3,270.17,90.06,2024-10-11 00:00:00,2025-07-07 00:00:00,2,357,269,2,2,3,134.5,7
1129,5,1736.38,347.28,2024-03-19 00:00:00,2025-07-07 00:00:00,3,357,475,2,3,5,118.8,10
3849,1,47.6,47.6,2025-07-08 00:00:00,2025-07-08 00:00:00,1,356,0,2,1,1,,4
3217,1,48.51,48.51,2025-07-08 00:00:00,2025-07-08 00:00:00,1,356,0,2,1,1,,4
3286,2,97.68,48.84,2024-08-11 00:00:00,2025-07-08 00:00:00,2,356,331,2,2,2,331.0,6
3062,2,170.59,85.3,2025-03-05 00:00:00,2025-07-08 00:00:00,2,356,125,2,2,2,125.0,6
2465,6,410.19,68.36,2024-03-09 00:00:00,2025-07-08 00:00:00,5,356,486,2,3,3,97.2,8
1467,7,494.31,70.62,2024-06-08 00:00:00,2025-07-08 00:00:00,5,356,395,2,3,4,65.8,9
2599,10,615.04,61.5,2024-08-22 00:00:00,2025-07-08 00:00:00,5,356,320,2,4,4,35.6,10
3130,5,220.77,44.15,2023-09-07 00:00:00,2025-07-09 00:00:00,4,355,671,2,3,3,167.8,8
3213,5,320.75,64.15,2024-08-14 00:00:00,2025-07-09 00:00:00,4,355,329,2,3,3,82.3,8
3014,6,205.96,34.33,2025-01-18 00:00:00,2025-07-09 00:00:00,3,355,172,2,3,2,34.4,7
1144,6,961.5,160.25,2024-12-08 00:00:00,2025-07-09 00:00:00,4,355,213,2,3,5,42.6,10
2149,2,117.26,58.63,2025-05-15 00:00:00,2025-07-10 00:00:00,1,354,56,2,2,2,56.0,6
3245,3,31.23,10.41,2024-12-19 00:00:00,2025-07-10 00:00:00,3,354,203,2,2,1,101.5,5
3584,3,73.92,24.64,2025-05-28 00:00:00,2025-07-10 00:00:00,2,354,43,2,2,1,21.5,5
3618,5,139.89,27.98,2024-11-16 00:00:00,2025-07-10 00:00:00,3,354,236,2,3,2,59.0,7
3581,6,396.16,66.03,2024-12-13 00:00:00,2025-07-10 00:00:00,2,354,209,2,3,3,41.8,8
1403,1,7.32,7.32,2025-07-11 00:00:00,2025-07-11 00:00:00,1,353,0,2,1,1,,4
3473,1,51.16,51.16,2025-07-11 00:00:00,2025-07-11 00:00:00,1,353,0,2,1,1,,4
1454,1,59.88,59.88,2025-07-11 00:00:00,2025-07-11 00:00:00,1,353,0,2,1,1,,4
2001,5,368.84,73.77,2024-05-19 00:00:00,2025-07-11 00:00:00,4,353,418,2,3,3,104.5,8
3966,1,69.85,69.85,2025-07-12 00:00:00,2025-07-12 00:00:00,1,352,0,2,1,1,,4
1491,1,70.86,70.86,2025-07-12 00:00:00,2025-07-12 00:00:00,1,352,0,2,1,1,,4
3161,3,149.33,49.78,2024-12-30 00:00:00,2025-07-12 00:00:00,3,352,194,2,2,2,97.0,6
2146,8,448.62,56.08,2024-09-13 00:00:00,2025-07-12 00:00:00,5,352,302,2,4,3,43.1,9
2941,3,113.08,37.69,2024-12-08 00:00:00,2025-07-13 00:00:00,3,351,217,2,2,2,108.5,6
3360,3,129.99,43.33,2024-11-28 00:00:00,2025-07-13 00:00:00,1,351,227,2,2,2,113.5,6
3590,4,81.98,20.5,2025-01-02 00:00:00,2025-07-13 00:00:00,3,351,192,2,2,1,64.0,5
3076,4,171.21,42.8,2023-07-13 00:00:00,2025-07-13 00:00:00,3,351,731,2,2,2,243.7,6
3406,4,181.71,45.43,2025-05-05 00:00:00,2025-07-13 00:00:00,4,351,69,2,2,2,23.0,6
2056,6,142.91,23.82,2024-11-21 00:00:00,2025-07-13 00:00:00,3,351,234,2,3,2,46.8,7
3278,6,154.36,25.73,2024-07-18 00:00:00,2025-07-13 00:00:00,4,351,360,2,3,2,72.0,7
3105,7,410.24,58.61,2024-06-14 00:00:00,2025-07-13 00:00:00,5,351,394,2,3,3,65.7,8
3476,3,174.28,58.09,2025-02-24 00:00:00,2025-07-14 00:00:00,3,350,140,2,2,2,70.0,6
1858,1,40.24,40.24,2025-07-15 00:00:00,2025-07-15 00:00:00,1,349,0,2,1,1,,4
3894,1,49.83,49.83,2025-07-15 00:00:00,2025-07-15 00:00:00,1,349,0,2,1,1,,4
3596,2,82.98,41.49,2024-11-27 00:00:00,2025-07-15 00:00:00,2,349,230,2,1,2,230.0,5
1246,2,230.37,115.19,2025-04-21 00:00:00,2025-07-15 00:00:00,2,349,85,2,2,3,85.0,7
2736,3,189.85,63.28,2025-06-19 00:00:00,2025-07-15 00:00:00,3,349,26,2,2,2,13.0,6
3236,4,210.3,52.57,2024-11-23 00:00:00,2025-07-15 00:00:00,3,349,234,2,2,3,78.0,7
3142,6,303.47,50.58,2025-02-18 00:00:00,2025-07-15 00:00:00,5,349,147,2,3,3,29.4,8
2199,7,459.12,65.59,2024-02-06 00:00:00,2025-07-15 00:00:00,6,349,525,2,3,4,87.5,9
1950,1,38.48,38.48,2025-07-16 00:00:00,2025-07-16 00:00:00,1,348,0,2,1,1,,4
1462,1,61.77,61.77,2025-07-16 00:00:00,2025-07-16 00:00:00,1,348,0,2,1,1,,4
3654,1,54.41,54.41,2025-07-18 00:00:00,2025-07-18 00:00:00,1,346,0,2,1,1,,4
3218,3,160.34,53.45,2024-08-23 00:00:00,2025-07-18 00:00:00,3,346,329,2,2,2,164.5,6
3423,5,284.68,56.94,2025-03-26 00:00:00,2025-07-18 00:00:00,4,346,114,2,3,3,28.5,8
3524,1,22.01,22.01,2025-07-19 00:00:00,2025-07-19 00:00:00,1,345,0,2,1,1,,4
2370,3,146.44,48.81,2024-05-05 00:00:00,2025-07-19 00:00:00,2,345,440,2,2,2,220.0,6
3232,5,366.69,73.34,2024-03-12 00:00:00,2025-07-19 00:00:00,2,345,494,2,3,3,123.5,8
3706,1,18.77,18.77,2025-07-20 00:00:00,2025-07-20 00:00:00,1,344,0,2,1,1,,4
3388,3,107.86,35.95,2025-05-01 00:00:00,2025-07-20 00:00:00,2,344,80,2,2,2,40.0,6
2938,4,70.04,17.51,2024-01-04 00:00:00,2025-07-20 00:00:00,3,344,563,2,2,1,187.7,5
3589,2,71.96,35.98,2025-07-17 00:00:00,2025-07-21 00:00:00,2,343,4,2,1,1,4.0,4
1942,2,116.05,58.02,2025-07-15 00:00:00,2025-07-21 00:00:00,2,343,6,2,2,2,6.0,6
3312,6,315.29,52.55,2024-04-15 00:00:00,2025-07-21 00:00:00,4,343,462,2,3,3,92.4,8
1490,1,23.99,23.99,2025-07-22 00:00:00,2025-07-22 00:00:00,1,342,0,2,1,1,,4
3972,1,36.6,36.6,2025-07-22 00:00:00,2025-07-22 00:00:00,1,342,0,2,1,1,,4
3846,3,125.27,41.76,2024-08-05 00:00:00,2025-07-22 00:00:00,3,342,351,2,2,2,175.5,6
2636,7,324.15,46.31,2024-03-21 00:00:00,2025-07-22 00:00:00,5,342,488,2,3,3,81.3,8
2498,8,497.67,62.21,2023-09-20 00:00:00,2025-07-22 00:00:00,4,342,671,2,4,4,95.9,10
2532,12,328.58,27.38,2023-11-21 00:00:00,2025-07-22 00:00:00,5,342,609,2,4,3,55.4,9
3693,1,23.93,23.93,2025-07-24 00:00:00,2025-07-24 00:00:00,1,340,0,2,1,1,,4
1431,1,29.09,29.09,2025-07-24 00:00:00,2025-07-24 00:00:00,1,340,0,2,1,1,,4
1809,1,64.33,64.33,2025-07-24 00:00:00,2025-07-24 00:00:00,1,340,0,2,1,1,,4
3487,3,81.41,27.14,2023-12-12 00:00:00,2025-07-24 00:00:00,3,340,590,2,2,1,295.0,5
3042,4,167.61,41.9,2024-07-14 00:00:00,2025-07-24 00:00:00,3,340,375,2,2,2,125.0,6
3211,5,93.65,18.73,2024-10-27 00:00:00,2025-07-24 00:00:00,4,340,270,2,3,2,67.5,7
3101,5,343.74,68.75,2025-01-12 00:00:00,2025-07-24 00:00:00,4,340,193,2,3,3,48.3,8
3585,1,60.2,60.2,2025-07-25 00:00:00,2025-07-25 00:00:00,1,339,0,2,1,1,,4
1882,2,58.96,29.48,2025-05-23 00:00:00,2025-07-25 00:00:00,2,339,63,2,1,1,63.0,4
3187,2,83.05,41.52,2025-04-16 00:00:00,2025-07-25 00:00:00,1,339,100,2,1,2,100.0,5
3770,2,96.41,48.2,2024-12-24 00:00:00,2025-07-25 00:00:00,2,339,213,2,2,2,213.0,6
1649,2,123.57,61.78,2025-05-16 00:00:00,2025-07-25 00:00:00,2,339,70,2,2,2,70.0,6
1800,3,96.63,32.21,2024-11-17 00:00:00,2025-07-25 00:00:00,3,339,250,2,2,2,125.0,6
3291,4,199.36,49.84,2023-12-29 00:00:00,2025-07-25 00:00:00,4,339,574,2,2,2,191.3,6
1902,4,203.44,50.86,2025-02-01 00:00:00,2025-07-25 00:00:00,3,339,174,2,2,2,58.0,6
3500,4,163.09,40.77,2024-06-19 00:00:00,2025-07-26 00:00:00,4,338,402,2,2,2,134.0,6
3284,5,166.99,33.4,2025-02-14 00:00:00,2025-07-26 00:00:00,4,338,162,2,3,2,40.5,7
2287,8,403.32,50.41,2023-12-23 00:00:00,2025-07-26 00:00:00,5,338,581,2,4,3,83.0,9
1276,4,1124.33,281.08,2024-09-11 00:00:00,2025-07-27 00:00:00,3,337,319,2,3,5,106.3,10
3600,5,276.54,55.31,2025-07-20 00:00:00,2025-07-27 00:00:00,4,337,7,2,3,3,1.8,8
2978,8,449.94,56.24,2024-03-18 00:00:00,2025-07-28 00:00:00,6,336,497,2,4,3,71.0,9
2105,9,585.45,65.05,2024-05-10 00:00:00,2025-07-28 00:00:00,5,336,444,2,4,4,55.5,10
2179,9,823.85,91.54,2024-05-20 00:00:00,2025-07-28 00:00:00,6,336,434,2,4,4,54.3,10
2133,5,148.88,29.78,2025-02-22 00:00:00,2025-07-29 00:00:00,3,335,157,2,3,2,39.3,7
3250,5,232.05,46.41,2025-07-11 00:00:00,2025-07-29 00:00:00,4,335,18,2,3,3,4.5,8
3177,6,273.45,45.57,2024-02-28 00:00:00,2025-07-29 00:00:00,5,335,517,2,3,3,103.4,8
3359,1,47.3,47.3,2025-07-30 00:00:00,2025-07-30 00:00:00,1,334,0,2,1,1,,4
3135,5,146.93,29.39,2024-11-17 00:00:00,2025-07-30 00:00:00,3,334,255,2,3,2,63.8,7
1492,1,65.02,65.02,2025-07-31 00:00:00,2025-07-31 00:00:00,1,333,0,2,1,1,,4
2931,2,105.54,52.77,2025-01-14 00:00:00,2025-07-31 00:00:00,2,333,198,2,2,2,198.0,6
2884,3,172.98,57.66,2025-03-15 00:00:00,2025-07-31 00:00:00,3,333,138,2,2,2,69.0,6
3132,5,275.58,55.12,2025-04-25 00:00:00,2025-07-31 00:00:00,3,333,97,2,3,3,24.3,8
3761,1,42.58,42.58,2025-08-01 00:00:00,2025-08-01 00:00:00,1,332,0,2,1,1,,4
2797,2,59.56,29.78,2025-03-23 00:00:00,2025-08-01 00:00:00,2,332,131,2,1,1,131.0,4
3486,6,244.26,40.71,2025-03-14 00:00:00,2025-08-01 00:00:00,3,332,140,2,3,3,28.0,8
2229,4,286.99,71.75,2024-02-27 00:00:00,2025-08-02 00:00:00,3,331,522,2,3,3,174.0,8
3242,1,38.87,38.87,2025-08-03 00:00:00,2025-08-03 00:00:00,1,330,0,2,1,1,,4
1906,1,49.39,49.39,2025-08-03 00:00:00,2025-08-03 00:00:00,1,330,0,2,1,1,,4
3700,2,91.54,45.77,2025-05-16 00:00:00,2025-08-03 00:00:00,2,330,79,2,1,2,79.0,5
3149,9,305.6,33.96,2024-08-08 00:00:00,2025-08-03 00:00:00,5,330,360,2,4,3,45.0,9
3159,2,84.0,42.0,2025-07-09 00:00:00,2025-08-04 00:00:00,1,329,26,2,1,2,26.0,5
3504,5,122.99,24.6,2025-05-11 00:00:00,2025-08-04 00:00:00,4,329,85,2,3,2,21.3,7
2080,8,296.13,37.02,2024-04-21 00:00:00,2025-08-04 00:00:00,4,329,470,2,3,3,67.1,8
2398,9,368.66,40.96,2024-03-25 00:00:00,2025-08-04 00:00:00,4,329,497,2,4,3,62.1,9
3973,3,90.31,30.1,2025-03-23 00:00:00,2025-08-05 00:00:00,3,328,135,2,2,2,67.5,6
3247,3,158.03,52.68,2025-04-28 00:00:00,2025-08-05 00:00:00,3,328,99,2,2,2,49.5,6
2699,4,258.09,64.52,2025-04-26 00:00:00,2025-08-05 00:00:00,3,328,101,2,2,3,33.7,7
3126,5,258.43,51.69,2024-08-13 00:00:00,2025-08-05 00:00:00,4,328,357,2,3,3,89.3,8
2905,5,270.84,54.17,2025-01-09 00:00:00,2025-08-05 00:00:00,4,328,208,2,3,3,52.0,8
3445,8,255.84,31.98,2024-12-30 00:00:00,2025-08-05 00:00:00,4,328,218,2,3,3,31.1,8
3874,2,52.36,26.18,2025-04-29 00:00:00,2025-08-06 00:00:00,2,327,99,2,1,1,99.0,4
2998,2,155.82,77.91,2024-10-11 00:00:00,2025-08-06 00:00:00,2,327,299,2,2,2,299.0,6
2883,3,146.39,48.8,2025-01-08 00:00:00,2025-08-06 00:00:00,3,327,210,2,2,2,105.0,6
2024,5,182.26,36.45,2024-08-01 00:00:00,2025-08-06 00:00:00,4,327,370,2,3,2,92.5,7
2435,5,327.4,65.48,2024-05-21 00:00:00,2025-08-06 00:00:00,3,327,442,2,3,3,110.5,8
3433,6,230.66,38.44,2025-04-16 00:00:00,2025-08-06 00:00:00,3,327,112,2,3,3,22.4,8
2835,8,371.84,46.48,2024-10-17 00:00:00,2025-08-07 00:00:00,4,326,294,2,4,3,42.0,9
1520,1,61.96,61.96,2025-08-08 00:00:00,2025-08-08 00:00:00,1,325,0,2,1,1,,4
1586,2,97.86,48.93,2025-08-05 00:00:00,2025-08-08 00:00:00,1,325,3,2,2,2,3.0,6
3335,7,227.51,32.5,2023-11-22 00:00:00,2025-08-08 00:00:00,4,325,625,2,3,3,104.2,8
3685,1,34.34,34.34,2025-08-09 00:00:00,2025-08-09 00:00:00,1,324,0,2,1,1,,4
3936,1,41.18,41.18,2025-08-09 00:00:00,2025-08-09 00:00:00,1,324,0,2,1,1,,4
3539,1,43.53,43.53,2025-08-09 00:00:00,2025-08-09 00:00:00,1,324,0,2,1,1,,4
2870,2,173.5,86.75,2025-05-16 00:00:00,2025-08-09 00:00:00,2,324,85,2,2,2,85.0,6
3574,4,143.98,35.99,2025-06-11 00:00:00,2025-08-09 00:00:00,3,324,59,2,2,2,19.7,6
2733,6,339.95,56.66,2024-02-02 00:00:00,2025-08-09 00:00:00,4,324,554,2,3,3,110.8,8
2821,7,472.13,67.45,2024-08-03 00:00:00,2025-08-09 00:00:00,5,324,371,2,3,4,61.8,9
2890,11,511.59,46.51,2024-11-17 00:00:00,2025-08-09 00:00:00,6,324,265,2,4,4,26.5,10
3441,1,49.64,49.64,2025-08-10 00:00:00,2025-08-10 00:00:00,1,323,0,2,1,1,,4
3896,2,95.82,47.91,2024-03-07 00:00:00,2025-08-10 00:00:00,2,323,521,2,1,2,521.0,5
3216,4,100.82,25.2,2024-12-17 00:00:00,2025-08-10 00:00:00,4,323,236,2,2,2,78.7,6
1501,1,38.35,38.35,2025-08-11 00:00:00,2025-08-11 00:00:00,1,322,0,2,1,1,,4
2993,6,291.03,48.5,2023-11-17 00:00:00,2025-08-11 00:00:00,5,322,633,2,3,3,126.6,8
1497,1,54.2,54.2,2025-08-12 00:00:00,2025-08-12 00:00:00,1,321,0,2,1,1,,4
3710,2,90.77,45.38,2025-06-13 00:00:00,2025-08-12 00:00:00,2,321,60,2,1,2,60.0,5
3855,1,30.29,30.29,2025-08-13 00:00:00,2025-08-13 00:00:00,1,320,0,2,1,1,,4
1465,2,72.64,36.32,2025-02-08 00:00:00,2025-08-13 00:00:00,2,320,186,2,1,1,186.0,4
3144,3,134.09,44.7,2025-06-26 00:00:00,2025-08-13 00:00:00,2,320,48,2,2,2,24.0,6
2717,5,362.8,72.56,2025-07-19 00:00:00,2025-08-13 00:00:00,5,320,25,2,3,3,6.3,8
3203,7,196.37,28.05,2024-09-06 00:00:00,2025-08-13 00:00:00,5,320,341,2,3,2,56.8,7
3313,2,112.97,56.48,2024-08-29 00:00:00,2025-08-14 00:00:00,2,319,350,2,2,2,350.0,6
3133,3,153.87,51.29,2024-12-25 00:00:00,2025-08-14 00:00:00,3,319,232,2,2,2,116.0,6
3129,4,127.18,31.8,2025-04-08 00:00:00,2025-08-14 00:00:00,4,319,128,2,2,2,42.7,6
3793,1,37.07,37.07,2025-08-15 00:00:00,2025-08-15 00:00:00,1,318,0,2,1,1,,4
3824,1,60.21,60.21,2025-08-15 00:00:00,2025-08-15 00:00:00,1,318,0,2,1,1,,4
3860,1,58.37,58.37,2025-08-16 00:00:00,2025-08-16 00:00:00,1,317,0,2,1,1,,4
3864,2,93.9,46.95,2025-08-07 00:00:00,2025-08-16 00:00:00,2,317,9,2,1,2,9.0,5
3167,2,63.7,31.85,2025-02-21 00:00:00,2025-08-17 00:00:00,2,316,177,2,1,1,177.0,4
3949,1,28.96,28.96,2025-08-18 00:00:00,2025-08-18 00:00:00,1,315,0,2,1,1,,4
1590,3,161.87,53.96,2024-10-22 00:00:00,2025-08-18 00:00:00,2,315,300,2,2,2,150.0,6
2843,6,329.8,54.97,2024-01-25 00:00:00,2025-08-18 00:00:00,4,315,571,2,3,3,114.2,8
3107,10,605.59,60.56,2023-06-27 00:00:00,2025-08-18 00:00:00,5,315,783,2,4,4,87.0,10
3978,1,54.06,54.06,2025-08-19 00:00:00,2025-08-19 00:00:00,1,314,0,2,1,1,,4
3073,2,75.57,37.78,2025-05-15 00:00:00,2025-08-19 00:00:00,2,314,96,2,1,1,96.0,4
1478,2,95.83,47.92,2024-09-10 00:00:00,2025-08-20 00:00:00,1,313,344,2,1,2,344.0,5
2329,7,531.26,75.89,2024-04-17 00:00:00,2025-08-21 00:00:00,4,312,491,2,3,4,81.8,9
1413,1,45.54,45.54,2025-08-22 00:00:00,2025-08-22 00:00:00,1,311,0,2,1,1,,4
3201,6,395.21,65.87,2024-12-31 00:00:00,2025-08-22 00:00:00,4,311,234,2,3,3,46.8,8
2813,7,206.7,29.53,2023-08-17 00:00:00,2025-08-22 00:00:00,4,311,736,2,3,2,122.7,7
3588,1,29.19,29.19,2025-08-23 00:00:00,2025-08-23 00:00:00,1,310,0,2,1,1,,4
3444,3,209.81,69.94,2025-06-25 00:00:00,2025-08-23 00:00:00,3,310,59,2,2,3,29.5,7
2927,6,175.38,29.23,2025-04-17 00:00:00,2025-08-23 00:00:00,4,310,128,2,3,2,25.6,7
2672,6,223.7,37.28,2024-08-23 00:00:00,2025-08-23 00:00:00,3,310,365,2,3,3,73.0,8
3608,1,54.66,54.66,2025-08-24 00:00:00,2025-08-24 00:00:00,1,309,0,2,1,1,,4
2951,4,176.13,44.03,2024-07-21 00:00:00,2025-08-24 00:00:00,2,309,399,2,2,2,133.0,6
2889,3,199.52,66.51,2025-07-26 00:00:00,2025-08-25 00:00:00,3,308,30,2,2,2,15.0,6
3108,4,121.74,30.43,2024-06-28 00:00:00,2025-08-25 00:00:00,3,308,423,2,2,2,141.0,6
2479,9,381.4,42.38,2024-08-10 00:00:00,2025-08-25 00:00:00,5,308,380,2,4,3,47.5,9
1406,1,35.97,35.97,2025-08-26 00:00:00,2025-08-26 00:00:00,1,307,0,2,1,1,,4
3681,1,59.53,59.53,2025-08-26 00:00:00,2025-08-26 00:00:00,1,307,0,2,1,1,,4
3342,2,102.24,51.12,2025-06-28 00:00:00,2025-08-26 00:00:00,2,307,59,2,2,2,59.0,6
1174,5,1192.43,238.49,2024-07-18 00:00:00,2025-08-26 00:00:00,4,307,404,2,3,5,101.0,10
2692,8,356.04,44.51,2024-02-08 00:00:00,2025-08-26 00:00:00,5,307,565,2,4,3,80.7,9
3412,3,196.01,65.34,2024-07-31 00:00:00,2025-08-27 00:00:00,3,306,392,2,2,2,196.0,6
2533,4,174.63,43.66,2025-01-25 00:00:00,2025-08-27 00:00:00,4,306,214,2,2,2,71.3,6
2064,4,291.57,72.89,2024-02-11 00:00:00,2025-08-27 00:00:00,4,306,563,2,3,3,187.7,8
3085,5,250.52,50.1,2025-01-05 00:00:00,2025-08-27 00:00:00,3,306,234,2,3,3,58.5,8
2231,6,400.49,66.75,2024-12-31 00:00:00,2025-08-27 00:00:00,4,306,239,2,3,3,47.8,8
2041,7,201.31,28.76,2024-01-27 00:00:00,2025-08-27 00:00:00,4,306,578,2,3,2,96.3,7
2143,13,291.71,22.44,2024-03-20 00:00:00,2025-08-27 00:00:00,6,306,525,2,5,3,43.8,10
3158,1,31.38,31.38,2025-08-28 00:00:00,2025-08-28 00:00:00,1,305,0,2,1,1,,4
1917,2,97.56,48.78,2025-07-30 00:00:00,2025-08-28 00:00:00,2,305,29,2,2,2,29.0,6
1821,3,53.34,17.78,2024-07-31 00:00:00,2025-08-28 00:00:00,3,305,393,2,2,1,196.5,5
2860,4,155.43,38.86,2025-05-09 00:00:00,2025-08-28 00:00:00,3,305,111,2,2,2,37.0,6
3200,2,67.5,33.75,2025-08-06 00:00:00,2025-08-29 00:00:00,2,304,23,2,1,1,23.0,4
2898,2,69.7,34.85,2025-04-19 00:00:00,2025-08-29 00:00:00,2,304,132,2,1,1,132.0,4
3169,6,399.38,66.56,2025-08-19 00:00:00,2025-08-29 00:00:00,5,304,10,2,3,3,2.0,8
1169,7,1565.55,223.65,2025-01-03 00:00:00,2025-08-29 00:00:00,5,304,238,2,3,5,39.7,10
3347,10,489.71,48.97,2024-05-12 00:00:00,2025-08-29 00:00:00,3,304,474,2,4,4,52.7,10
3632,1,41.7,41.7,2025-08-30 00:00:00,2025-08-30 00:00:00,1,303,0,2,1,1,,4
1698,2,55.1,27.55,2025-05-13 00:00:00,2025-08-30 00:00:00,2,303,109,2,1,1,109.0,4
1603,3,217.95,72.65,2025-03-18 00:00:00,2025-08-30 00:00:00,3,303,165,2,2,3,82.5,7
2957,6,312.16,52.03,2024-09-14 00:00:00,2025-08-30 00:00:00,3,303,350,2,3,3,70.0,8
3631,1,36.37,36.37,2025-08-31 00:00:00,2025-08-31 00:00:00,1,302,0,2,1,1,,4
3024,3,157.2,52.4,2024-07-26 00:00:00,2025-08-31 00:00:00,2,302,401,2,2,2,200.5,6
2546,8,606.21,75.78,2024-01-31 00:00:00,2025-08-31 00:00:00,5,302,578,2,4,4,82.6,10
1872,1,73.88,73.88,2025-09-01 00:00:00,2025-09-01 00:00:00,1,301,0,2,1,1,,4
1716,2,178.19,89.09,2024-11-26 00:00:00,2025-09-01 00:00:00,2,301,279,2,2,2,279.0,6
3413,3,43.81,14.6,2025-08-07 00:00:00,2025-09-01 00:00:00,3,301,25,2,2,1,12.5,5
3290,3,64.27,21.42,2025-08-27 00:00:00,2025-09-01 00:00:00,3,301,5,2,2,1,2.5,5
3324,7,100.57,14.37,2025-06-17 00:00:00,2025-09-01 00:00:00,5,301,76,2,3,2,12.7,7
2734,7,447.14,63.88,2024-06-02 00:00:00,2025-09-01 00:00:00,5,301,456,2,3,3,76.0,8
2478,8,453.11,56.64,2023-11-09 00:00:00,2025-09-01 00:00:00,6,301,662,2,4,3,94.6,9
2295,9,709.32,78.81,2023-11-26 00:00:00,2025-09-01 00:00:00,5,301,645,2,4,4,80.6,10
3351,2,53.25,26.63,2025-02-03 00:00:00,2025-09-02 00:00:00,2,300,211,2,1,1,211.0,4
3730,3,110.25,36.75,2025-06-18 00:00:00,2025-09-02 00:00:00,1,300,76,2,2,2,38.0,6
3257,3,111.56,37.19,2025-06-14 00:00:00,2025-09-02 00:00:00,2,300,80,2,2,2,40.0,6
3100,4,125.97,31.49,2025-04-20 00:00:00,2025-09-02 00:00:00,3,300,135,2,2,2,45.0,6
2812,4,146.06,36.52,2024-12-20 00:00:00,2025-09-02 00:00:00,3,300,256,2,2,2,85.3,6
3191,5,258.15,51.63,2025-05-11 00:00:00,2025-09-02 00:00:00,4,300,114,2,3,3,28.5,8
3288,6,335.99,56.0,2025-05-22 00:00:00,2025-09-02 00:00:00,2,300,103,2,3,3,20.6,8
3266,1,11.61,11.61,2025-09-03 00:00:00,2025-09-03 00:00:00,1,299,0,2,1,1,,4
3641,1,63.53,63.53,2025-09-03 00:00:00,2025-09-03 00:00:00,1,299,0,2,1,1,,4
3424,6,295.34,49.22,2025-04-18 00:00:00,2025-09-03 00:00:00,5,299,138,2,3,3,27.6,8
3202,8,152.71,19.09,2025-06-21 00:00:00,2025-09-03 00:00:00,4,299,74,2,3,2,10.6,7
2098,9,299.38,33.26,2024-04-13 00:00:00,2025-09-03 00:00:00,5,299,508,2,4,3,63.5,9
3932,1,33.7,33.7,2025-09-04 00:00:00,2025-09-04 00:00:00,1,298,0,2,1,1,,4
1802,2,54.77,27.39,2025-08-24 00:00:00,2025-09-05 00:00:00,2,297,12,2,1,1,12.0,4
3400,2,78.61,39.3,2025-04-25 00:00:00,2025-09-05 00:00:00,2,297,133,2,1,1,133.0,4
2353,3,178.99,59.66,2025-03-18 00:00:00,2025-09-05 00:00:00,2,297,171,2,2,2,85.5,6
2840,3,230.38,76.79,2024-10-06 00:00:00,2025-09-05 00:00:00,3,297,334,2,2,3,167.0,7
2989,4,39.64,9.91,2023-06-19 00:00:00,2025-09-05 00:00:00,3,297,809,2,2,1,269.7,5
3918,1,38.48,38.48,2025-09-06 00:00:00,2025-09-06 00:00:00,1,296,0,2,1,1,,4
3090,2,140.97,70.48,2025-08-30 00:00:00,2025-09-06 00:00:00,1,296,7,2,2,2,7.0,6
2625,4,143.02,35.76,2025-03-12 00:00:00,2025-09-07 00:00:00,3,295,179,2,2,2,59.7,6
2902,5,219.84,43.97,2025-08-20 00:00:00,2025-09-07 00:00:00,2,295,18,2,3,3,4.5,8
2168,5,309.95,61.99,2024-07-25 00:00:00,2025-09-07 00:00:00,2,295,409,2,3,3,102.3,8
2647,10,500.56,50.06,2024-01-15 00:00:00,2025-09-07 00:00:00,6,295,601,2,4,4,66.8,10
3039,1,45.9,45.9,2025-09-08 00:00:00,2025-09-08 00:00:00,1,294,0,2,1,1,,4
2655,8,529.95,66.24,2024-12-06 00:00:00,2025-09-08 00:00:00,5,294,276,2,4,4,39.4,10
2859,7,336.79,48.11,2025-04-26 00:00:00,2025-09-09 00:00:00,4,293,136,2,3,3,22.7,8
2015,10,445.71,44.57,2024-04-12 00:00:00,2025-09-09 00:00:00,4,293,515,2,4,3,57.2,9
3917,1,39.26,39.26,2025-09-10 00:00:00,2025-09-10 00:00:00,1,292,0,2,1,1,,4
3157,3,147.55,49.18,2025-03-25 00:00:00,2025-09-10 00:00:00,3,292,169,2,2,2,84.5,6
1713,3,242.44,80.81,2024-08-07 00:00:00,2025-09-10 00:00:00,2,292,399,2,2,3,199.5,7
3273,5,215.38,43.08,2023-12-06 00:00:00,2025-09-10 00:00:00,3,292,644,2,3,3,161.0,8
2362,7,527.86,75.41,2024-07-15 00:00:00,2025-09-10 00:00:00,2,292,422,2,3,4,70.3,9
3879,3,95.75,31.92,2024-11-25 00:00:00,2025-09-11 00:00:00,2,291,290,2,2,2,145.0,6
3249,3,163.95,54.65,2025-08-04 00:00:00,2025-09-11 00:00:00,2,291,38,2,2,2,19.0,6
2904,5,230.81,46.16,2025-03-18 00:00:00,2025-09-11 00:00:00,4,291,177,2,3,3,44.3,8
3227,7,284.82,40.69,2025-06-12 00:00:00,2025-09-11 00:00:00,4,291,91,2,3,3,15.2,8
3807,1,5.0,5.0,2025-09-12 00:00:00,2025-09-12 00:00:00,1,290,0,2,1,1,,4
2906,1,65.42,65.42,2025-09-12 00:00:00,2025-09-12 00:00:00,1,290,0,2,1,1,,4
2291,4,146.9,36.73,2024-06-09 00:00:00,2025-09-12 00:00:00,3,290,460,2,2,2,153.3,6
2657,6,242.31,40.38,2024-05-12 00:00:00,2025-09-12 00:00:00,4,290,488,2,3,3,97.6,8
2737,8,393.07,49.13,2024-02-09 00:00:00,2025-09-12 00:00:00,4,290,581,2,4,3,83.0,9
3499,9,197.48,21.94,2024-09-03 00:00:00,2025-09-12 00:00:00,6,290,374,2,4,2,46.8,8
3560,3,107.03,35.68,2025-03-25 00:00:00,2025-09-13 00:00:00,1,289,172,2,2,2,86.0,6
2184,10,467.49,46.75,2024-03-14 00:00:00,2025-09-13 00:00:00,6,289,548,2,4,4,60.9,10
2243,12,575.43,47.95,2024-02-14 00:00:00,2025-09-13 00:00:00,6,289,577,2,4,4,52.5,10
1320,2,369.37,184.69,2025-08-31 00:00:00,2025-09-14 00:00:00,2,288,14,2,2,3,14.0,7
3069,3,146.13,48.71,2025-02-01 00:00:00,2025-09-14 00:00:00,3,288,225,2,2,2,112.5,6
3047,5,201.96,40.39,2025-08-23 00:00:00,2025-09-14 00:00:00,4,288,22,2,3,2,5.5,7
1441,1,25.54,25.54,2025-09-15 00:00:00,2025-09-15 00:00:00,1,287,0,2,1,1,,4
1987,1,55.0,55.0,2025-09-15 00:00:00,2025-09-15 00:00:00,1,287,0,2,1,1,,4
3037,2,51.75,25.88,2025-01-01 00:00:00,2025-09-15 00:00:00,2,287,257,2,1,1,257.0,4
2982,3,144.6,48.2,2025-08-27 00:00:00,2025-09-15 00:00:00,2,287,19,2,2,2,9.5,6
3586,3,150.55,50.18,2024-10-17 00:00:00,2025-09-15 00:00:00,3,287,333,2,2,2,166.5,6
3477,3,166.23,55.41,2024-11-01 00:00:00,2025-09-15 00:00:00,2,287,318,2,2,2,159.0,6
2648,9,586.25,65.14,2025-03-26 00:00:00,2025-09-15 00:00:00,6,287,173,2,4,4,21.6,10
2425,2,98.35,49.17,2024-10-26 00:00:00,2025-09-16 00:00:00,2,286,325,2,2,2,325.0,6
1486,2,103.5,51.75,2025-01-28 00:00:00,2025-09-16 00:00:00,2,286,231,2,2,2,231.0,6
2702,4,299.74,74.94,2024-01-16 00:00:00,2025-09-16 00:00:00,3,286,609,2,3,3,203.0,8
3565,5,252.35,50.47,2025-07-09 00:00:00,2025-09-16 00:00:00,5,286,69,2,3,3,17.3,8
2429,7,376.56,53.79,2024-01-25 00:00:00,2025-09-16 00:00:00,5,286,600,2,3,3,100.0,8
2583,9,572.24,63.58,2024-06-25 00:00:00,2025-09-16 00:00:00,3,286,448,2,4,4,56.0,10
1862,1,64.14,64.14,2025-09-17 00:00:00,2025-09-17 00:00:00,1,285,0,2,1,1,,4
1136,3,586.95,195.65,2025-06-15 00:00:00,2025-09-17 00:00:00,2,285,94,2,2,4,47.0,8
2745,6,283.81,47.3,2024-11-06 00:00:00,2025-09-17 00:00:00,4,285,315,2,3,3,63.0,8
3368,3,213.66,71.22,2025-06-24 00:00:00,2025-09-18 00:00:00,2,284,86,2,2,3,43.0,7
3344,5,200.8,40.16,2024-09-21 00:00:00,2025-09-18 00:00:00,3,284,362,2,3,2,90.5,7
2750,5,235.54,47.11,2024-12-25 00:00:00,2025-09-18 00:00:00,4,284,267,2,3,3,66.8,8
2528,5,327.22,65.44,2024-07-31 00:00:00,2025-09-18 00:00:00,3,284,414,2,3,3,103.5,8
1618,2,14.84,7.42,2025-01-02 00:00:00,2025-09-19 00:00:00,2,283,260,2,1,1,260.0,4
2286,4,312.85,78.21,2025-01-16 00:00:00,2025-09-19 00:00:00,3,283,246,2,3,3,82.0,8
2856,6,131.91,21.98,2024-08-31 00:00:00,2025-09-19 00:00:00,3,283,384,2,3,2,76.8,7
2266,6,175.51,29.25,2025-03-02 00:00:00,2025-09-19 00:00:00,5,283,201,2,3,2,40.2,7
1476,1,73.5,73.5,2025-09-20 00:00:00,2025-09-20 00:00:00,1,282,0,2,1,1,,4
2296,2,112.68,56.34,2025-05-12 00:00:00,2025-09-20 00:00:00,2,282,131,2,2,2,131.0,6
3592,3,103.16,34.39,2025-08-16 00:00:00,2025-09-20 00:00:00,2,282,35,2,2,2,17.5,6
3106,3,112.58,37.53,2024-06-06 00:00:00,2025-09-20 00:00:00,3,282,471,2,2,2,235.5,6
2947,3,113.55,37.85,2024-11-18 00:00:00,2025-09-20 00:00:00,2,282,306,2,2,2,153.0,6
1347,5,477.96,95.59,2024-09-02 00:00:00,2025-09-20 00:00:00,4,282,383,2,3,4,95.8,9
3613,1,37.16,37.16,2025-09-21 00:00:00,2025-09-21 00:00:00,1,281,0,2,1,1,,4
1509,3,62.83,20.94,2024-09-08 00:00:00,2025-09-21 00:00:00,3,281,378,2,2,1,189.0,5
1418,3,192.09,64.03,2025-04-28 00:00:00,2025-09-21 00:00:00,3,281,146,2,2,2,73.0,6
3519,4,107.3,26.82,2025-05-08 00:00:00,2025-09-21 00:00:00,3,281,136,2,2,2,45.3,6
2893,4,145.84,36.46,2025-08-22 00:00:00,2025-09-21 00:00:00,4,281,30,2,2,2,10.0,6
1848,1,44.41,44.41,2025-09-22 00:00:00,2025-09-22 00:00:00,1,280,0,2,1,1,,4
2994,8,284.82,35.6,2023-09-26 00:00:00,2025-09-22 00:00:00,3,280,727,2,3,3,103.9,8
2302,8,311.63,38.95,2023-12-02 00:00:00,2025-09-22 00:00:00,4,280,660,2,3,3,94.3,8
2696,6,262.87,43.81,2024-11-19 00:00:00,2025-09-23 00:00:00,5,279,308,2,3,3,61.6,8
2205,7,327.14,46.73,2023-09-17 00:00:00,2025-09-23 00:00:00,4,279,737,2,3,3,122.8,8
2714,10,683.06,68.31,2023-10-27 00:00:00,2025-09-23 00:00:00,7,279,697,2,4,4,77.4,10
1896,2,138.99,69.5,2025-03-18 00:00:00,2025-09-24 00:00:00,2,278,190,2,2,2,190.0,6
2819,3,99.13,33.04,2023-12-09 00:00:00,2025-09-24 00:00:00,3,278,655,2,2,2,327.5,6
3377,3,113.41,37.8,2025-01-28 00:00:00,2025-09-24 00:00:00,2,278,239,2,2,2,119.5,6
2838,3,114.92,38.31,2024-10-01 00:00:00,2025-09-24 00:00:00,3,278,358,2,2,2,179.0,6
3219,3,193.18,64.39,2023-10-27 00:00:00,2025-09-24 00:00:00,3,278,698,2,2,2,349.0,6
2483,7,476.27,68.04,2024-05-26 00:00:00,2025-09-24 00:00:00,5,278,486,2,3,4,81.0,9
2379,9,444.7,49.41,2024-06-13 00:00:00,2025-09-24 00:00:00,5,278,468,2,4,3,58.5,9
2685,5,182.39,36.48,2024-07-01 00:00:00,2025-09-26 00:00:00,4,276,452,2,3,2,113.0,7
2638,6,392.64,65.44,2024-02-14 00:00:00,2025-09-26 00:00:00,4,276,590,2,3,3,118.0,8
3454,7,525.85,75.12,2024-10-28 00:00:00,2025-09-26 00:00:00,6,276,333,2,3,4,55.5,9
1712,2,65.54,32.77,2025-05-13 00:00:00,2025-09-27 00:00:00,2,275,137,2,1,1,137.0,4
1360,3,699.72,233.24,2024-08-05 00:00:00,2025-09-27 00:00:00,3,275,418,2,2,4,209.0,8
3916,1,35.64,35.64,2025-09-28 00:00:00,2025-09-28 00:00:00,1,274,0,2,1,1,,4
2815,1,72.08,72.08,2025-09-28 00:00:00,2025-09-28 00:00:00,1,274,0,2,1,1,,4
3866,2,100.77,50.39,2025-05-01 00:00:00,2025-09-28 00:00:00,2,274,150,2,2,2,150.0,6
3075,4,153.33,38.33,2023-11-09 00:00:00,2025-09-28 00:00:00,3,274,689,2,2,2,229.7,6
3215,4,254.92,63.73,2025-04-13 00:00:00,2025-09-28 00:00:00,4,274,168,2,2,3,56.0,7
1479,4,286.38,71.59,2025-03-22 00:00:00,2025-09-28 00:00:00,3,274,190,2,3,3,63.3,8
2578,5,270.82,54.16,2024-11-14 00:00:00,2025-09-28 00:00:00,3,274,318,2,3,3,79.5,8
2698,7,478.39,68.34,2025-07-05 00:00:00,2025-09-28 00:00:00,6,274,85,2,3,4,14.2,9
1361,6,915.29,152.55,2024-05-13 00:00:00,2025-09-29 00:00:00,4,273,504,2,3,5,100.8,10
2100,9,559.51,62.17,2024-02-18 00:00:00,2025-09-29 00:00:00,6,273,589,2,4,4,73.6,10
3900,1,30.57,30.57,2025-09-30 00:00:00,2025-09-30 00:00:00,1,272,0,2,1,1,,4
1913,2,118.82,59.41,2025-09-18 00:00:00,2025-09-30 00:00:00,2,272,12,2,2,2,12.0,6
3355,3,165.72,55.24,2025-08-20 00:00:00,2025-09-30 00:00:00,3,272,41,2,2,2,20.5,6
3255,4,70.69,17.67,2025-04-22 00:00:00,2025-09-30 00:00:00,3,272,161,2,2,1,53.7,5
3192,5,132.29,26.46,2024-08-22 00:00:00,2025-09-30 00:00:00,4,272,404,2,3,2,101.0,7
3517,5,200.46,40.09,2024-06-12 00:00:00,2025-09-30 00:00:00,4,272,475,2,3,2,118.8,7
2349,8,521.18,65.15,2024-11-08 00:00:00,2025-09-30 00:00:00,6,272,326,2,4,4,46.6,10
2211,8,574.44,71.8,2024-12-04 00:00:00,2025-09-30 00:00:00,6,272,300,2,4,4,42.9,10
738,11,792.49,72.04,2024-06-08 00:00:00,2025-09-30 00:00:00,4,272,479,2,4,4,47.9,10
1905,2,152.61,76.31,2025-09-24 00:00:00,2025-10-01 00:00:00,2,271,7,2,2,2,7.0,6
1666,4,140.04,35.01,2024-04-07 00:00:00,2025-10-01 00:00:00,3,271,542,2,2,2,180.7,6
2294,11,513.34,46.67,2023-12-07 00:00:00,2025-10-01 00:00:00,6,271,664,2,4,4,66.4,10
1685,1,45.62,45.62,2025-10-02 00:00:00,2025-10-02 00:00:00,1,270,0,2,1,1,,4
2346,5,192.46,38.49,2024-06-18 00:00:00,2025-10-02 00:00:00,3,270,471,2,3,2,117.8,7
2345,9,664.22,73.8,2023-08-12 00:00:00,2025-10-02 00:00:00,5,270,782,2,4,4,97.8,10
3066,2,72.75,36.38,2025-09-26 00:00:00,2025-10-03 00:00:00,2,269,7,2,1,1,7.0,4
2411,7,309.15,44.16,2024-06-29 00:00:00,2025-10-03 00:00:00,6,269,461,2,3,3,76.8,8
2372,9,502.19,55.8,2024-07-12 00:00:00,2025-10-03 00:00:00,5,269,448,2,4,4,56.0,10
1550,3,194.62,64.87,2024-11-30 00:00:00,2025-10-04 00:00:00,3,268,308,2,2,2,154.0,6
2394,4,260.98,65.25,2024-09-21 00:00:00,2025-10-04 00:00:00,4,268,378,2,3,3,126.0,8
3405,5,188.39,37.68,2025-06-03 00:00:00,2025-10-04 00:00:00,4,268,123,2,3,2,30.8,7
2704,5,358.26,71.65,2024-05-11 00:00:00,2025-10-04 00:00:00,4,268,511,2,3,3,127.8,8
1926,1,28.79,28.79,2025-10-05 00:00:00,2025-10-05 00:00:00,1,267,0,2,1,1,,4
1577,1,74.02,74.02,2025-10-05 00:00:00,2025-10-05 00:00:00,1,267,0,2,1,1,,4
3914,2,85.09,42.55,2025-10-02 00:00:00,2025-10-05 00:00:00,2,267,3,2,1,2,3.0,5
3582,4,182.71,45.68,2024-07-30 00:00:00,2025-10-06 00:00:00,3,266,433,2,2,2,144.3,6
3414,6,115.1,19.18,2024-08-31 00:00:00,2025-10-06 00:00:00,4,266,401,2,3,2,80.2,7
3603,1,40.91,40.91,2025-10-08 00:00:00,2025-10-08 00:00:00,1,264,0,2,1,1,,4
1644,1,52.08,52.08,2025-10-08 00:00:00,2025-10-08 00:00:00,1,264,0,2,1,1,,4
2844,3,107.63,35.88,2025-09-20 00:00:00,2025-10-08 00:00:00,3,264,18,2,2,2,9.0,6
2725,8,405.24,50.66,2025-04-29 00:00:00,2025-10-08 00:00:00,6,264,162,2,4,3,23.1,9
3182,8,624.58,78.07,2025-05-03 00:00:00,2025-10-08 00:00:00,5,264,158,2,4,4,22.6,10
2540,9,167.2,18.58,2024-01-07 00:00:00,2025-10-08 00:00:00,6,264,640,2,4,2,80.0,8
3729,1,46.72,46.72,2025-10-09 00:00:00,2025-10-09 00:00:00,1,263,0,2,1,1,,4
1847,1,47.68,47.68,2025-10-09 00:00:00,2025-10-09 00:00:00,1,263,0,2,1,1,,4
3796,2,87.59,43.8,2024-06-10 00:00:00,2025-10-09 00:00:00,2,263,486,2,1,2,486.0,5
1446,2,115.47,57.73,2025-02-10 00:00:00,2025-10-09 00:00:00,2,263,241,2,2,2,241.0,6
2912,3,202.15,67.38,2024-02-14 00:00:00,2025-10-09 00:00:00,3,263,603,2,2,2,301.5,6
3010,4,89.4,22.35,2025-09-17 00:00:00,2025-10-09 00:00:00,3,263,22,2,2,2,7.3,6
3303,6,157.55,26.26,2024-11-12 00:00:00,2025-10-09 00:00:00,4,263,331,2,3,2,66.2,7
2238,7,404.14,57.73,2024-07-28 00:00:00,2025-10-09 00:00:00,4,263,438,2,3,3,73.0,8
3226,8,404.31,50.54,2025-03-11 00:00:00,2025-10-09 00:00:00,4,263,212,2,4,3,30.3,9
1546,2,150.87,75.44,2025-07-20 00:00:00,2025-10-10 00:00:00,2,262,82,2,2,2,82.0,6
3321,3,19.85,6.62,2025-08-20 00:00:00,2025-10-10 00:00:00,2,262,51,2,2,1,25.5,5
1837,3,149.85,49.95,2025-01-13 00:00:00,2025-10-10 00:00:00,3,262,270,2,2,2,135.0,6
2891,3,211.65,70.55,2025-09-06 00:00:00,2025-10-10 00:00:00,3,262,34,2,2,3,17.0,7
3263,5,322.26,64.45,2025-04-21 00:00:00,2025-10-10 00:00:00,5,262,172,2,3,3,43.0,8
3826,1,54.52,54.52,2025-10-11 00:00:00,2025-10-11 00:00:00,1,261,0,2,1,1,,4
3834,1,57.46,57.46,2025-10-11 00:00:00,2025-10-11 00:00:00,1,261,0,2,1,1,,4
2958,4,191.33,47.83,2025-08-17 00:00:00,2025-10-11 00:00:00,3,261,55,2,2,2,18.3,6
2879,5,197.62,39.52,2025-09-19 00:00:00,2025-10-11 00:00:00,5,261,22,2,3,2,5.5,7
2788,7,449.31,64.19,2024-06-27 00:00:00,2025-10-11 00:00:00,4,261,471,2,3,3,78.5,8
1998,1,43.55,43.55,2025-10-12 00:00:00,2025-10-12 00:00:00,1,260,0,2,1,1,,4
3491,3,31.12,10.37,2024-05-10 00:00:00,2025-10-12 00:00:00,3,260,520,2,2,1,260.0,5
2225,4,347.3,86.83,2025-06-24 00:00:00,2025-10-12 00:00:00,3,260,110,2,3,3,36.7,8
1900,1,65.65,65.65,2025-10-13 00:00:00,2025-10-13 00:00:00,1,259,0,2,1,1,,4
2960,3,125.37,41.79,2025-08-26 00:00:00,2025-10-13 00:00:00,3,259,48,2,2,2,24.0,6
3081,4,227.74,56.94,2024-09-23 00:00:00,2025-10-13 00:00:00,3,259,385,2,2,3,128.3,7
2897,5,263.9,52.78,2025-04-28 00:00:00,2025-10-13 00:00:00,3,259,168,2,3,3,42.0,8
2392,5,315.53,63.11,2024-12-07 00:00:00,2025-10-13 00:00:00,4,259,310,2,3,3,77.5,8
1630,1,60.76,60.76,2025-10-15 00:00:00,2025-10-15 00:00:00,1,257,0,2,1,1,,4
2833,3,96.94,32.31,2025-03-26 00:00:00,2025-10-15 00:00:00,3,257,203,2,2,2,101.5,6
2956,4,185.09,46.27,2024-11-20 00:00:00,2025-10-15 00:00:00,3,257,329,2,2,2,109.7,6
2079,6,300.42,50.07,2024-12-15 00:00:00,2025-10-15 00:00:00,4,257,304,2,3,3,60.8,8
2825,3,166.94,55.65,2024-10-11 00:00:00,2025-10-16 00:00:00,3,256,370,2,2,2,185.0,6
2460,6,321.52,53.59,2025-04-08 00:00:00,2025-10-16 00:00:00,5,256,191,2,3,3,38.2,8
2140,6,373.49,62.25,2024-08-09 00:00:00,2025-10-16 00:00:00,3,256,433,2,3,3,86.6,8
1941,2,88.06,44.03,2024-11-13 00:00:00,2025-10-17 00:00:00,2,255,338,2,1,2,338.0,5
3045,3,135.72,45.24,2024-02-13 00:00:00,2025-10-17 00:00:00,3,255,612,2,2,2,306.0,6
2846,4,256.04,64.01,2025-06-02 00:00:00,2025-10-17 00:00:00,4,255,137,2,2,3,45.7,7
2748,14,984.07,70.29,2024-08-04 00:00:00,2025-10-17 00:00:00,5,255,439,2,5,5,33.8,12
3862,1,38.15,38.15,2025-10-18 00:00:00,2025-10-18 00:00:00,1,254,0,2,1,1,,4
3268,3,64.62,21.54,2023-08-03 00:00:00,2025-10-18 00:00:00,2,254,807,2,2,1,403.5,5
3401,3,146.37,48.79,2024-10-24 00:00:00,2025-10-18 00:00:00,3,254,359,2,2,2,179.5,6
2964,1,58.4,58.4,2025-10-19 00:00:00,2025-10-19 00:00:00,1,253,0,2,1,1,,4
1878,2,75.06,37.53,2025-08-22 00:00:00,2025-10-19 00:00:00,1,253,58,2,1,1,58.0,4
3737,2,80.51,40.26,2024-11-24 00:00:00,2025-10-19 00:00:00,2,253,329,2,1,1,329.0,4
3099,3,205.8,68.6,2025-07-18 00:00:00,2025-10-19 00:00:00,3,253,93,2,2,2,46.5,6
1411,3,208.09,69.36,2025-03-29 00:00:00,2025-10-19 00:00:00,3,253,204,2,2,2,102.0,6
3558,4,176.79,44.2,2025-06-15 00:00:00,2025-10-19 00:00:00,2,253,126,2,2,2,42.0,6
3490,5,68.12,13.62,2025-02-23 00:00:00,2025-10-19 00:00:00,3,253,238,2,3,1,59.5,6
2601,5,303.05,60.61,2024-05-09 00:00:00,2025-10-19 00:00:00,4,253,528,2,3,3,132.0,8
2496,7,399.63,57.09,2024-12-18 00:00:00,2025-10-19 00:00:00,6,253,305,2,3,3,50.8,8
2555,8,204.21,25.53,2024-10-20 00:00:00,2025-10-19 00:00:00,5,253,364,2,3,2,52.0,7
2175,8,509.04,63.63,2024-09-18 00:00:00,2025-10-19 00:00:00,6,253,396,2,4,4,56.6,10
3805,1,45.39,45.39,2025-10-20 00:00:00,2025-10-20 00:00:00,1,252,0,2,1,1,,4
1944,3,207.36,69.12,2025-09-20 00:00:00,2025-10-20 00:00:00,2,252,30,2,2,2,15.0,6
3038,5,223.15,44.63,2025-07-26 00:00:00,2025-10-20 00:00:00,3,252,86,2,3,3,21.5,8
3505,6,419.43,69.91,2025-03-22 00:00:00,2025-10-20 00:00:00,5,252,212,2,3,3,42.4,8
2633,4,108.73,27.18,2025-03-01 00:00:00,2025-10-21 00:00:00,3,251,234,2,2,2,78.0,6
2911,4,223.21,55.8,2025-02-10 00:00:00,2025-10-21 00:00:00,3,251,253,2,2,3,84.3,7
2962,5,199.56,39.91,2024-09-17 00:00:00,2025-10-21 00:00:00,4,251,399,2,3,2,99.8,7
3315,6,163.43,27.24,2024-03-10 00:00:00,2025-10-21 00:00:00,4,251,590,2,3,2,118.0,7
2722,4,162.7,40.67,2025-08-24 00:00:00,2025-10-22 00:00:00,3,250,59,2,2,2,19.7,6
2058,4,279.19,69.8,2024-03-06 00:00:00,2025-10-22 00:00:00,3,250,595,2,3,3,198.3,8
1641,1,62.6,62.6,2025-10-23 00:00:00,2025-10-23 00:00:00,1,249,0,2,1,1,,4
3298,4,166.7,41.67,2025-08-26 00:00:00,2025-10-23 00:00:00,2,249,58,2,2,2,19.3,6
3102,3,219.2,73.07,2025-09-17 00:00:00,2025-10-24 00:00:00,2,248,37,2,2,3,18.5,7
2005,8,379.3,47.41,2025-05-10 00:00:00,2025-10-24 00:00:00,6,248,167,2,4,3,23.9,9
1401,2,115.25,57.63,2025-10-20 00:00:00,2025-10-25 00:00:00,2,247,5,2,2,2,5.0,6
2791,9,258.25,28.69,2024-03-19 00:00:00,2025-10-25 00:00:00,4,247,585,2,4,3,73.1,9
1574,3,106.91,35.64,2024-05-02 00:00:00,2025-10-26 00:00:00,2,246,542,2,2,2,271.0,6
2811,5,257.99,51.6,2025-05-18 00:00:00,2025-10-26 00:00:00,4,246,161,2,3,3,40.3,8
3294,6,313.59,52.26,2025-08-23 00:00:00,2025-10-26 00:00:00,4,246,64,2,3,3,12.8,8
1013,10,880.36,88.04,2024-03-18 00:00:00,2025-10-26 00:00:00,6,246,587,2,4,5,65.2,11
1259,10,2332.3,233.23,2024-08-03 00:00:00,2025-10-26 00:00:00,6,246,449,2,4,5,49.9,11
1654,1,48.92,48.92,2025-10-27 00:00:00,2025-10-27 00:00:00,1,245,0,2,1,1,,4
1855,3,123.53,41.18,2025-08-31 00:00:00,2025-10-27 00:00:00,2,245,57,2,2,2,28.5,6
3349,3,132.46,44.15,2025-09-17 00:00:00,2025-10-27 00:00:00,3,245,40,2,2,2,20.0,6
2043,5,284.0,56.8,2025-01-08 00:00:00,2025-10-27 00:00:00,3,245,292,2,3,3,73.0,8
2668,8,612.77,76.6,2024-09-07 00:00:00,2025-10-27 00:00:00,5,245,415,2,4,4,59.3,10
1548,2,123.71,61.86,2025-06-10 00:00:00,2025-10-28 00:00:00,2,244,140,2,2,2,140.0,6
2021,3,168.29,56.1,2025-09-12 00:00:00,2025-10-28 00:00:00,3,244,46,2,2,2,23.0,6
3343,4,183.4,45.85,2025-06-14 00:00:00,2025-10-28 00:00:00,3,244,136,2,2,2,45.3,6
2393,6,159.94,26.66,2025-01-15 00:00:00,2025-10-28 00:00:00,5,244,286,2,3,2,57.2,7
1645,1,41.23,41.23,2025-10-29 00:00:00,2025-10-29 00:00:00,1,243,0,2,1,1,,4
1883,2,95.29,47.64,2024-12-18 00:00:00,2025-10-29 00:00:00,2,243,315,2,1,2,315.0,5
3186,3,98.92,32.97,2024-12-20 00:00:00,2025-10-29 00:00:00,2,243,313,2,2,2,156.5,6
2674,3,157.68,52.56,2025-02-13 00:00:00,2025-10-29 00:00:00,2,243,258,2,2,2,129.0,6
1488,4,174.35,43.59,2025-01-16 00:00:00,2025-10-29 00:00:00,2,243,286,2,2,2,95.3,6
1961,1,39.79,39.79,2025-10-30 00:00:00,2025-10-30 00:00:00,1,242,0,2,1,1,,4
3376,3,89.36,29.79,2025-09-21 00:00:00,2025-10-30 00:00:00,2,242,39,2,2,2,19.5,6
1978,4,244.51,61.13,2024-12-07 00:00:00,2025-10-30 00:00:00,3,242,327,2,2,3,109.0,7
1207,7,1793.31,256.19,2024-07-04 00:00:00,2025-10-30 00:00:00,4,242,483,2,3,5,80.5,10
2606,11,778.04,70.73,2024-11-22 00:00:00,2025-10-30 00:00:00,6,242,342,2,4,4,34.2,10
1623,1,40.51,40.51,2025-10-31 00:00:00,2025-10-31 00:00:00,1,241,0,2,1,1,,4
3087,1,55.01,55.01,2025-10-31 00:00:00,2025-10-31 00:00:00,1,241,0,2,1,1,,4
1849,2,162.96,81.48,2025-03-30 00:00:00,2025-10-31 00:00:00,2,241,215,2,2,2,215.0,6
2963,3,125.35,41.78,2025-03-30 00:00:00,2025-10-31 00:00:00,3,241,215,2,2,2,107.5,6
2670,4,181.86,45.47,2025-02-18 00:00:00,2025-10-31 00:00:00,3,241,255,2,2,2,85.0,6
3483,4,238.78,59.7,2025-07-31 00:00:00,2025-10-31 00:00:00,3,241,92,2,2,3,30.7,7
2153,8,361.33,45.17,2025-04-08 00:00:00,2025-10-31 00:00:00,5,241,206,2,4,3,29.4,9
2462,11,454.82,41.35,2024-03-12 00:00:00,2025-10-31 00:00:00,5,241,598,2,4,4,59.8,10
3928,1,47.5,47.5,2025-11-01 00:00:00,2025-11-01 00:00:00,1,240,0,2,1,1,,4
2909,2,61.83,30.91,2025-06-20 00:00:00,2025-11-01 00:00:00,2,240,134,2,1,1,134.0,4
3468,4,118.38,29.59,2025-09-29 00:00:00,2025-11-01 00:00:00,3,240,33,2,2,2,11.0,6
605,7,371.5,53.07,2024-07-11 00:00:00,2025-11-01 00:00:00,5,240,478,2,3,3,79.7,8
2306,8,411.69,51.46,2024-12-28 00:00:00,2025-11-01 00:00:00,5,240,308,2,4,3,44.0,9
2901,3,142.22,47.41,2025-10-08 00:00:00,2025-11-02 00:00:00,3,239,25,2,2,2,12.5,6
3544,3,189.33,63.11,2025-07-17 00:00:00,2025-11-02 00:00:00,3,239,108,2,2,2,54.0,6
2954,10,431.98,43.2,2024-11-16 00:00:00,2025-11-02 00:00:00,6,239,351,2,4,3,39.0,9
2298,10,543.63,54.36,2024-10-07 00:00:00,2025-11-02 00:00:00,5,239,391,2,4,4,43.4,10
2330,10,589.09,58.91,2024-05-11 00:00:00,2025-11-02 00:00:00,6,239,540,2,4,4,60.0,10
2073,4,212.93,53.23,2025-05-20 00:00:00,2025-11-03 00:00:00,3,238,167,2,2,3,55.7,7
2113,8,390.8,48.85,2024-08-08 00:00:00,2025-11-03 00:00:00,6,238,452,2,4,3,64.6,9
2543,9,594.97,66.11,2024-11-17 00:00:00,2025-11-03 00:00:00,6,238,351,2,4,4,43.9,10
2514,14,805.82,57.56,2024-09-19 00:00:00,2025-11-03 00:00:00,6,238,410,2,5,4,31.5,11
3965,1,38.2,38.2,2025-11-04 00:00:00,2025-11-04 00:00:00,1,237,0,2,1,1,,4
2757,5,160.0,32.0,2024-04-02 00:00:00,2025-11-04 00:00:00,4,237,581,2,3,2,145.3,7
2507,8,390.0,48.75,2024-09-25 00:00:00,2025-11-04 00:00:00,4,237,405,2,4,3,57.9,9
1134,4,956.87,239.22,2024-11-22 00:00:00,2025-11-05 00:00:00,4,236,348,2,3,5,116.0,10
2009,8,127.31,15.91,2024-08-10 00:00:00,2025-11-05 00:00:00,3,236,452,2,3,2,64.6,7
1629,1,29.65,29.65,2025-11-06 00:00:00,2025-11-06 00:00:00,1,235,0,2,1,1,,4
1437,1,58.76,58.76,2025-11-07 00:00:00,2025-11-07 00:00:00,1,234,0,2,1,1,,4
1799,2,103.01,51.5,2025-07-03 00:00:00,2025-11-07 00:00:00,2,234,127,2,2,2,127.0,6
3562,6,308.69,51.45,2025-03-23 00:00:00,2025-11-07 00:00:00,4,234,229,2,3,3,45.8,8
539,11,261.29,23.75,2024-04-09 00:00:00,2025-11-07 00:00:00,5,234,577,2,4,3,57.7,9
3222,7,101.16,14.45,2025-01-31 00:00:00,2025-11-08 00:00:00,3,233,281,2,3,2,46.8,7
3380,7,339.1,48.44,2025-09-09 00:00:00,2025-11-08 00:00:00,4,233,60,2,3,3,10.0,8
1824,1,81.99,81.99,2025-11-09 00:00:00,2025-11-09 00:00:00,1,232,0,2,1,1,,4
2195,3,140.96,46.99,2024-11-04 00:00:00,2025-11-09 00:00:00,2,232,370,2,2,2,185.0,6
2337,4,271.5,67.88,2025-05-09 00:00:00,2025-11-09 00:00:00,3,232,184,2,3,3,61.3,8
2665,6,460.09,76.68,2025-01-30 00:00:00,2025-11-09 00:00:00,5,232,283,2,3,4,56.6,9
2016,7,289.95,41.42,2024-02-11 00:00:00,2025-11-09 00:00:00,4,232,637,2,3,3,106.2,8
1461,3,137.27,45.76,2025-04-13 00:00:00,2025-11-10 00:00:00,2,231,211,2,2,2,105.5,6
3371,4,172.55,43.14,2025-06-14 00:00:00,2025-11-10 00:00:00,3,231,149,2,2,2,49.7,6
3043,4,189.52,47.38,2025-02-17 00:00:00,2025-11-10 00:00:00,4,231,266,2,2,2,88.7,6
2575,6,384.16,64.03,2024-11-21 00:00:00,2025-11-10 00:00:00,5,231,354,2,3,3,70.8,8
1731,2,77.93,38.97,2025-02-06 00:00:00,2025-11-11 00:00:00,2,230,278,2,1,1,278.0,4
3379,3,76.48,25.49,2025-10-16 00:00:00,2025-11-11 00:00:00,3,230,26,2,2,1,13.0,5
2678,6,316.93,52.82,2025-03-12 00:00:00,2025-11-11 00:00:00,4,230,244,2,3,3,48.8,8
1236,6,1053.64,175.61,2024-06-13 00:00:00,2025-11-11 00:00:00,2,230,516,2,3,5,103.2,10
2390,7,365.9,52.27,2024-01-23 00:00:00,2025-11-11 00:00:00,4,230,658,2,3,3,109.7,8
2223,9,419.5,46.61,2025-02-11 00:00:00,2025-11-11 00:00:00,5,230,273,2,4,3,34.1,9
2322,9,656.02,72.89,2024-05-19 00:00:00,2025-11-11 00:00:00,4,230,541,2,4,4,67.6,10
2039,10,273.83,27.38,2025-03-30 00:00:00,2025-11-11 00:00:00,6,230,226,2,4,3,25.1,9
3704,1,56.52,56.52,2025-11-12 00:00:00,2025-11-12 00:00:00,1,229,0,2,1,1,,4
3757,1,64.98,64.98,2025-11-12 00:00:00,2025-11-12 00:00:00,1,229,0,2,1,1,,4
3277,6,219.71,36.62,2025-11-01 00:00:00,2025-11-12 00:00:00,4,229,11,2,3,3,2.2,8
3569,6,374.88,62.48,2025-05-18 00:00:00,2025-11-12 00:00:00,5,229,178,2,3,3,35.6,8
2400,7,442.65,63.24,2024-05-30 00:00:00,2025-11-12 00:00:00,4,229,531,2,3,3,88.5,8
2652,9,209.8,23.31,2024-12-19 00:00:00,2025-11-12 00:00:00,5,229,328,2,4,2,41.0,8
2656,11,803.71,73.06,2025-02-10 00:00:00,2025-11-12 00:00:00,7,229,275,2,4,4,27.5,10
2247,4,223.45,55.86,2025-07-26 00:00:00,2025-11-13 00:00:00,3,228,110,2,2,3,36.7,7
1975,5,198.86,39.77,2024-05-25 00:00:00,2025-11-13 00:00:00,4,228,537,2,3,2,134.3,7
2283,6,327.84,54.64,2024-07-29 00:00:00,2025-11-13 00:00:00,5,228,472,2,3,3,94.4,8
2499,8,580.71,72.59,2023-11-13 00:00:00,2025-11-13 00:00:00,4,228,731,2,4,4,104.4,10
2386,11,715.49,65.04,2025-03-22 00:00:00,2025-11-13 00:00:00,7,228,236,2,4,4,23.6,10
2969,4,150.71,37.68,2025-01-12 00:00:00,2025-11-14 00:00:00,3,227,306,2,2,2,102.0,6
2803,4,160.08,40.02,2024-03-20 00:00:00,2025-11-14 00:00:00,3,227,604,2,2,2,201.3,6
2256,7,540.34,77.19,2024-03-24 00:00:00,2025-11-14 00:00:00,4,227,600,2,3,4,100.0,9
2414,8,376.16,47.02,2024-07-26 00:00:00,2025-11-14 00:00:00,5,227,476,2,4,3,68.0,9
1726,1,37.98,37.98,2025-11-15 00:00:00,2025-11-15 00:00:00,1,226,0,2,1,1,,4
3272,5,187.69,37.54,2023-12-17 00:00:00,2025-11-15 00:00:00,3,226,699,2,3,2,174.8,7
2352,7,435.65,62.24,2024-08-06 00:00:00,2025-11-15 00:00:00,3,226,466,2,3,3,77.7,8
2467,8,299.26,37.41,2025-05-15 00:00:00,2025-11-15 00:00:00,5,226,184,2,3,3,26.3,8
2677,9,453.15,50.35,2023-11-12 00:00:00,2025-11-15 00:00:00,4,226,734,2,4,3,91.8,9
2212,10,609.83,60.98,2025-01-06 00:00:00,2025-11-15 00:00:00,5,226,313,2,4,4,34.8,10
3850,1,67.14,67.14,2025-11-16 00:00:00,2025-11-16 00:00:00,1,225,0,2,1,1,,4
3005,2,75.59,37.8,2025-10-21 00:00:00,2025-11-16 00:00:00,2,225,26,2,1,1,26.0,4
2381,5,173.01,34.6,2025-06-07 00:00:00,2025-11-16 00:00:00,5,225,162,2,3,2,40.5,7
2086,6,294.43,49.07,2024-06-20 00:00:00,2025-11-16 00:00:00,4,225,514,2,3,3,102.8,8
2384,8,430.59,53.82,2023-11-26 00:00:00,2025-11-17 00:00:00,6,224,722,2,4,3,103.1,9
3803,2,97.29,48.64,2024-07-17 00:00:00,2025-11-18 00:00:00,2,223,489,2,2,2,489.0,6
1813,4,258.59,64.65,2025-04-27 00:00:00,2025-11-18 00:00:00,2,223,205,2,2,3,68.3,7
2572,7,346.86,49.55,2024-09-13 00:00:00,2025-11-18 00:00:00,4,223,431,2,3,3,71.8,8
2357,8,481.4,60.17,2024-02-01 00:00:00,2025-11-18 00:00:00,5,223,656,2,4,4,93.7,10
2723,9,628.97,69.89,2025-01-19 00:00:00,2025-11-18 00:00:00,5,223,303,2,4,4,37.9,10
1636,1,34.73,34.73,2025-11-19 00:00:00,2025-11-19 00:00:00,1,222,0,2,1,1,,4
1395,3,868.7,289.57,2025-08-23 00:00:00,2025-11-19 00:00:00,3,222,88,2,2,5,44.0,9
2935,6,399.63,66.61,2025-01-02 00:00:00,2025-11-19 00:00:00,4,222,321,2,3,3,64.2,8
2726,8,332.13,41.52,2024-09-25 00:00:00,2025-11-19 00:00:00,5,222,420,2,4,3,60.0,9
1498,1,24.92,24.92,2025-11-20 00:00:00,2025-11-20 00:00:00,1,221,0,2,1,1,,4
1290,5,806.26,161.25,2025-05-18 00:00:00,2025-11-20 00:00:00,3,221,186,2,3,4,46.5,9
2628,6,418.71,69.78,2024-04-03 00:00:00,2025-11-20 00:00:00,5,221,596,2,3,3,119.2,8
2518,8,333.74,41.72,2025-03-14 00:00:00,2025-11-20 00:00:00,4,221,251,2,4,3,35.9,9
3457,2,142.19,71.09,2025-10-15 00:00:00,2025-11-21 00:00:00,2,220,37,2,2,2,37.0,6
3591,6,356.89,59.48,2025-10-07 00:00:00,2025-11-21 00:00:00,5,220,45,2,3,3,9.0,8
2050,9,535.94,59.55,2024-03-01 00:00:00,2025-11-21 00:00:00,5,220,630,2,4,4,78.8,10
265,20,1043.96,52.2,2024-07-08 00:00:00,2025-11-21 00:00:00,6,220,501,2,5,5,26.4,12
1732,2,138.37,69.19,2025-09-15 00:00:00,2025-11-22 00:00:00,2,219,68,2,2,2,68.0,6
3382,3,159.38,53.13,2025-03-23 00:00:00,2025-11-22 00:00:00,3,219,244,2,2,2,122.0,6
3282,4,184.08,46.02,2024-11-30 00:00:00,2025-11-22 00:00:00,3,219,357,2,2,2,119.0,6
3248,4,208.7,52.17,2025-05-11 00:00:00,2025-11-22 00:00:00,3,219,195,2,2,2,65.0,6
2420,5,208.19,41.64,2024-01-22 00:00:00,2025-11-22 00:00:00,3,219,670,2,3,2,167.5,7
2339,6,318.39,53.06,2025-03-26 00:00:00,2025-11-22 00:00:00,3,219,241,2,3,3,48.2,8
2850,6,204.38,34.06,2024-03-26 00:00:00,2025-11-23 00:00:00,5,218,607,2,3,2,121.4,7
2763,6,433.92,72.32,2024-07-18 00:00:00,2025-11-23 00:00:00,5,218,493,2,3,3,98.6,8
2588,7,397.75,56.82,2025-06-19 00:00:00,2025-11-23 00:00:00,5,218,157,2,3,3,26.2,8
2662,8,421.98,52.75,2024-07-22 00:00:00,2025-11-23 00:00:00,5,218,489,2,4,3,69.9,9
2351,8,640.12,80.02,2024-08-18 00:00:00,2025-11-23 00:00:00,4,218,462,2,4,4,66.0,10
1434,1,60.53,60.53,2025-11-24 00:00:00,2025-11-24 00:00:00,1,217,0,2,1,1,,4
2244,5,242.38,48.48,2024-04-04 00:00:00,2025-11-24 00:00:00,4,217,599,2,3,3,149.8,8
2134,10,606.49,60.65,2024-08-30 00:00:00,2025-11-24 00:00:00,6,217,451,2,4,4,50.1,10
3338,2,132.0,66.0,2025-11-20 00:00:00,2025-11-26 00:00:00,2,215,6,2,2,2,6.0,6
2334,4,143.3,35.83,2023-12-26 00:00:00,2025-11-26 00:00:00,3,215,701,2,2,2,233.7,6
1297,4,876.62,219.16,2024-09-26 00:00:00,2025-11-26 00:00:00,4,215,426,2,3,5,142.0,10
2490,5,419.86,83.97,2024-04-23 00:00:00,2025-11-26 00:00:00,5,215,582,2,3,3,145.5,8
2215,12,595.85,49.65,2023-11-15 00:00:00,2025-11-26 00:00:00,7,215,742,2,4,4,67.5,10
2163,3,148.08,49.36,2025-10-23 00:00:00,2025-11-27 00:00:00,2,214,35,2,2,2,17.5,6
1667,4,59.24,14.81,2024-07-12 00:00:00,2025-11-27 00:00:00,3,214,503,2,2,1,167.7,5
2364,6,322.85,53.81,2024-03-24 00:00:00,2025-11-27 00:00:00,5,214,613,2,3,3,122.6,8
3152,6,365.51,60.92,2024-08-24 00:00:00,2025-11-27 00:00:00,4,214,460,2,3,3,92.0,8
1429,1,45.95,45.95,2025-11-28 00:00:00,2025-11-28 00:00:00,1,213,0,2,1,1,,4
3365,2,134.0,67.0,2024-09-02 00:00:00,2025-11-28 00:00:00,2,213,452,2,2,2,452.0,6
2085,7,421.72,60.25,2025-03-09 00:00:00,2025-11-28 00:00:00,5,213,264,2,3,3,44.0,8
2422,8,485.3,60.66,2024-09-11 00:00:00,2025-11-28 00:00:00,4,213,443,2,4,4,63.3,10
2470,11,370.83,33.71,2025-05-31 00:00:00,2025-11-28 00:00:00,5,213,181,2,4,3,18.1,9
1493,1,48.87,48.87,2025-11-29 00:00:00,2025-11-29 00:00:00,1,212,0,2,1,1,,4
1923,1,55.55,55.55,2025-11-29 00:00:00,2025-11-29 00:00:00,1,212,0,2,1,1,,4
1559,2,120.76,60.38,2025-01-04 00:00:00,2025-11-29 00:00:00,2,212,329,2,2,2,329.0,6
2457,5,344.61,68.92,2024-11-11 00:00:00,2025-11-29 00:00:00,3,212,383,2,3,3,95.8,8
2249,7,132.46,18.92,2024-01-30 00:00:00,2025-11-29 00:00:00,5,212,669,2,3,2,111.5,7
2688,7,535.61,76.52,2024-04-23 00:00:00,2025-11-29 00:00:00,4,212,585,2,3,4,97.5,9
1251,9,411.27,45.7,2024-08-15 00:00:00,2025-11-29 00:00:00,5,212,471,2,4,3,58.9,9
823,9,668.15,74.24,2024-09-15 00:00:00,2025-11-29 00:00:00,5,212,440,2,4,4,55.0,10
3822,1,16.26,16.26,2025-11-30 00:00:00,2025-11-30 00:00:00,1,211,0,2,1,1,,4
1611,1,33.8,33.8,2025-11-30 00:00:00,2025-11-30 00:00:00,1,211,0,2,1,1,,4
3353,4,176.64,44.16,2025-11-11 00:00:00,2025-11-30 00:00:00,2,211,19,2,2,2,6.3,6
1980,5,219.49,43.9,2024-12-06 00:00:00,2025-11-30 00:00:00,4,211,359,2,3,3,89.8,8
2067,7,419.83,59.98,2025-04-18 00:00:00,2025-11-30 00:00:00,6,211,226,2,3,3,37.7,8
2417,7,429.54,61.36,2024-03-24 00:00:00,2025-11-30 00:00:00,4,211,616,2,3,3,102.7,8
2762,7,475.77,67.97,2024-10-02 00:00:00,2025-11-30 00:00:00,5,211,424,2,3,4,70.7,9
2142,9,401.07,44.56,2023-12-30 00:00:00,2025-11-30 00:00:00,6,211,701,2,4,3,87.6,9
2558,10,721.4,72.14,2024-01-30 00:00:00,2025-11-30 00:00:00,6,211,670,2,4,4,74.4,10
536,13,916.08,70.47,2025-01-14 00:00:00,2025-11-30 00:00:00,6,211,320,2,5,5,26.7,12
845,14,950.81,67.92,2024-10-06 00:00:00,2025-11-30 00:00:00,4,211,420,2,5,5,32.3,12
1607,1,48.37,48.37,2025-12-01 00:00:00,2025-12-01 00:00:00,1,210,0,2,1,1,,4
1988,1,50.53,50.53,2025-12-01 00:00:00,2025-12-01 00:00:00,1,210,0,2,1,1,,4
2030,9,365.06,40.56,2024-03-31 00:00:00,2025-12-01 00:00:00,4,210,610,2,4,3,76.3,9
2795,9,513.48,57.05,2024-06-06 00:00:00,2025-12-01 00:00:00,6,210,543,2,4,4,67.9,10
2177,6,159.24,26.54,2025-03-13 00:00:00,2025-12-02 00:00:00,4,209,264,2,3,2,52.8,7
2025,10,613.35,61.34,2024-05-09 00:00:00,2025-12-02 00:00:00,6,209,572,2,4,4,63.6,10
2127,13,771.87,59.37,2025-02-02 00:00:00,2025-12-02 00:00:00,6,209,303,2,5,4,25.3,11
2727,4,145.92,36.48,2025-09-03 00:00:00,2025-12-03 00:00:00,3,208,91,2,2,2,30.3,6
1605,4,168.24,42.06,2024-07-26 00:00:00,2025-12-03 00:00:00,3,208,495,2,2,2,165.0,6
2551,7,365.54,52.22,2024-11-28 00:00:00,2025-12-03 00:00:00,5,208,370,2,3,3,61.7,8
2596,10,492.84,49.28,2025-02-09 00:00:00,2025-12-03 00:00:00,6,208,297,2,4,4,33.0,10
2254,15,828.68,55.25,2024-04-06 00:00:00,2025-12-03 00:00:00,6,208,606,2,5,4,43.3,11
2354,4,281.1,70.28,2025-08-20 00:00:00,2025-12-04 00:00:00,4,207,106,2,3,3,35.3,8
2661,7,272.88,38.98,2023-12-05 00:00:00,2025-12-04 00:00:00,4,207,730,2,3,3,121.7,8
2318,7,304.92,43.56,2023-12-18 00:00:00,2025-12-04 00:00:00,4,207,717,2,3,3,119.5,8
2174,7,307.68,43.95,2023-10-14 00:00:00,2025-12-04 00:00:00,5,207,782,2,3,3,130.3,8
2794,9,346.09,38.45,2023-12-18 00:00:00,2025-12-04 00:00:00,6,207,717,2,4,3,89.6,9
2442,14,1154.41,82.46,2024-03-04 00:00:00,2025-12-04 00:00:00,7,207,640,2,5,5,49.2,12
3670,1,54.73,54.73,2025-12-05 00:00:00,2025-12-05 00:00:00,1,206,0,2,1,1,,4
2972,5,116.68,23.34,2024-11-08 00:00:00,2025-12-05 00:00:00,4,206,392,2,3,2,98.0,7
2542,5,216.07,43.21,2024-11-17 00:00:00,2025-12-05 00:00:00,3,206,383,2,3,3,95.8,8
1840,3,223.27,74.42,2025-08-22 00:00:00,2025-12-06 00:00:00,3,205,106,2,2,3,53.0,7
1764,2,79.35,39.67,2025-11-27 00:00:00,2025-12-07 00:00:00,2,204,10,3,1,1,10.0,5
2687,3,156.37,52.12,2025-03-19 00:00:00,2025-12-07 00:00:00,3,204,263,3,2,2,131.5,7
1271,3,868.27,289.42,2025-04-04 00:00:00,2025-12-07 00:00:00,2,204,247,3,2,5,123.5,10
2444,4,295.31,73.83,2024-09-09 00:00:00,2025-12-07 00:00:00,3,204,454,3,3,3,151.3,9
2489,6,393.54,65.59,2025-07-30 00:00:00,2025-12-07 00:00:00,4,204,130,3,3,3,26.0,9
2735,8,249.2,31.15,2024-08-19 00:00:00,2025-12-07 00:00:00,4,204,475,3,3,3,67.9,9
2693,10,535.58,53.56,2023-11-28 00:00:00,2025-12-07 00:00:00,7,204,740,3,4,4,82.2,11
2767,10,675.7,67.57,2023-09-18 00:00:00,2025-12-07 00:00:00,5,204,811,3,4,4,90.1,11
2571,9,415.89,46.21,2024-05-08 00:00:00,2025-12-08 00:00:00,6,203,579,3,4,3,72.4,10
1702,1,69.51,69.51,2025-12-09 00:00:00,2025-12-09 00:00:00,1,202,0,3,1,1,,5
1542,2,160.31,80.16,2025-11-01 00:00:00,2025-12-09 00:00:00,2,202,38,3,2,2,38.0,7
2060,6,399.75,66.63,2024-04-04 00:00:00,2025-12-09 00:00:00,5,202,614,3,3,3,122.8,9
2171,6,492.54,82.09,2024-05-29 00:00:00,2025-12-09 00:00:00,4,202,559,3,3,4,111.8,10
2501,15,851.61,56.77,2024-09-19 00:00:00,2025-12-09 00:00:00,7,202,446,3,5,4,31.9,12
1956,2,80.45,40.22,2025-11-21 00:00:00,2025-12-10 00:00:00,2,201,19,3,1,1,19.0,5
3968,2,83.14,41.57,2025-03-15 00:00:00,2025-12-10 00:00:00,2,201,270,3,1,2,270.0,6
2631,4,162.34,40.59,2024-07-11 00:00:00,2025-12-10 00:00:00,3,201,517,3,2,2,172.3,7
2325,7,382.1,54.59,2024-12-03 00:00:00,2025-12-10 00:00:00,4,201,372,3,3,3,62.0,9
2309,4,83.65,20.91,2025-01-28 00:00:00,2025-12-11 00:00:00,3,200,317,3,2,2,105.7,7
2484,9,185.5,20.61,2025-01-04 00:00:00,2025-12-11 00:00:00,5,200,341,3,4,2,42.6,9
2682,10,396.33,39.63,2024-02-10 00:00:00,2025-12-11 00:00:00,5,200,670,3,4,3,74.4,10
2694,10,507.09,50.71,2024-09-12 00:00:00,2025-12-11 00:00:00,5,200,455,3,4,4,50.6,11
2162,12,975.71,81.31,2025-05-16 00:00:00,2025-12-11 00:00:00,6,200,209,3,5,5,19.0,13
2413,7,136.46,19.49,2025-02-03 00:00:00,2025-12-12 00:00:00,5,199,312,3,3,2,52.0,8
2554,8,533.98,66.75,2025-09-20 00:00:00,2025-12-12 00:00:00,5,199,83,3,4,4,11.9,11
1500,2,51.36,25.68,2025-04-26 00:00:00,2025-12-13 00:00:00,2,198,231,3,1,1,231.0,5
1584,3,146.12,48.71,2024-09-06 00:00:00,2025-12-13 00:00:00,3,198,463,3,2,2,231.5,7
2574,7,426.35,60.91,2024-07-18 00:00:00,2025-12-13 00:00:00,4,198,513,3,3,3,85.5,9
2612,7,506.62,72.37,2024-08-01 00:00:00,2025-12-13 00:00:00,4,198,499,3,3,4,83.2,10
2192,4,155.51,38.88,2025-05-27 00:00:00,2025-12-14 00:00:00,3,197,201,3,2,2,67.0,7
2580,7,416.73,59.53,2025-01-29 00:00:00,2025-12-14 00:00:00,5,197,319,3,3,3,53.2,9
2178,8,289.41,36.18,2025-04-07 00:00:00,2025-12-14 00:00:00,5,197,251,3,3,3,35.9,9
2608,8,338.48,42.31,2024-08-23 00:00:00,2025-12-14 00:00:00,6,197,478,3,4,3,68.3,10
2654,10,523.24,52.32,2025-05-29 00:00:00,2025-12-14 00:00:00,6,197,199,3,4,4,22.1,11
2112,11,451.57,41.05,2025-01-09 00:00:00,2025-12-14 00:00:00,5,197,339,3,4,3,33.9,10
2176,12,783.99,65.33,2024-10-06 00:00:00,2025-12-14 00:00:00,5,197,434,3,4,4,39.5,11
2240,8,404.75,50.59,2025-03-04 00:00:00,2025-12-15 00:00:00,6,196,286,3,4,3,40.9,10
2278,12,617.72,51.48,2024-12-31 00:00:00,2025-12-15 00:00:00,7,196,349,3,4,4,31.7,11
2594,4,243.29,60.82,2025-07-25 00:00:00,2025-12-16 00:00:00,4,195,144,3,2,3,48.0,8
1358,4,913.66,228.41,2024-06-17 00:00:00,2025-12-16 00:00:00,4,195,547,3,3,5,182.3,11
2068,7,199.06,28.44,2024-10-15 00:00:00,2025-12-16 00:00:00,4,195,427,3,3,2,71.2,8
2046,8,720.36,90.05,2025-03-23 00:00:00,2025-12-16 00:00:00,3,195,268,3,4,4,38.3,11
2207,9,625.92,69.55,2024-04-08 00:00:00,2025-12-16 00:00:00,5,195,617,3,4,4,77.1,11
2269,10,205.42,20.54,2024-03-15 00:00:00,2025-12-16 00:00:00,4,195,641,3,4,2,71.2,9
2124,10,689.22,68.92,2023-11-02 00:00:00,2025-12-16 00:00:00,5,195,775,3,4,4,86.1,11
3828,1,32.58,32.58,2025-12-17 00:00:00,2025-12-17 00:00:00,1,194,0,3,1,1,,5
2010,7,192.64,27.52,2023-12-28 00:00:00,2025-12-17 00:00:00,6,194,720,3,3,2,120.0,8
2154,8,261.23,32.65,2024-09-15 00:00:00,2025-12-17 00:00:00,3,194,458,3,3,3,65.4,9
2150,8,554.39,69.3,2024-11-09 00:00:00,2025-12-17 00:00:00,4,194,403,3,4,4,57.6,11
2308,9,487.64,54.18,2025-04-16 00:00:00,2025-12-17 00:00:00,4,194,245,3,4,4,30.6,11
1829,2,107.2,53.6,2025-03-26 00:00:00,2025-12-18 00:00:00,2,193,267,3,2,2,267.0,7
2445,4,257.98,64.5,2024-10-31 00:00:00,2025-12-18 00:00:00,4,193,413,3,2,3,137.7,8
1365,4,464.54,116.14,2024-09-22 00:00:00,2025-12-18 00:00:00,4,193,452,3,3,4,150.7,10
2323,5,72.19,14.44,2023-11-06 00:00:00,2025-12-18 00:00:00,3,193,773,3,3,1,193.3,7
2521,6,419.59,69.93,2025-03-22 00:00:00,2025-12-18 00:00:00,4,193,271,3,3,3,54.2,9
2228,10,802.4,80.24,2024-02-04 00:00:00,2025-12-18 00:00:00,6,193,683,3,4,4,75.9,11
2689,4,186.43,46.61,2024-11-26 00:00:00,2025-12-19 00:00:00,3,192,388,3,2,2,129.3,7
2563,6,556.51,92.75,2024-04-06 00:00:00,2025-12-19 00:00:00,5,192,622,3,3,4,124.4,10
2069,8,292.76,36.59,2025-07-10 00:00:00,2025-12-19 00:00:00,5,192,162,3,3,3,23.1,9
616,10,634.79,63.48,2024-10-07 00:00:00,2025-12-19 00:00:00,6,192,438,3,4,4,48.7,11
1565,2,172.69,86.34,2024-09-12 00:00:00,2025-12-20 00:00:00,2,191,464,3,2,2,464.0,7
1164,5,1454.4,290.88,2025-01-09 00:00:00,2025-12-20 00:00:00,3,191,345,3,3,5,86.3,11
2513,9,542.58,60.29,2024-06-19 00:00:00,2025-12-20 00:00:00,6,191,549,3,4,4,68.6,11
2664,9,625.78,69.53,2025-05-15 00:00:00,2025-12-20 00:00:00,5,191,219,3,4,4,27.4,11
1003,12,528.56,44.05,2024-09-16 00:00:00,2025-12-20 00:00:00,5,191,460,3,4,4,41.8,11
2432,13,682.56,52.5,2023-12-28 00:00:00,2025-12-20 00:00:00,7,191,723,3,5,4,60.3,12
1643,2,148.68,74.34,2025-12-17 00:00:00,2025-12-21 00:00:00,2,190,4,3,2,2,4.0,7
1965,3,134.63,44.88,2025-01-14 00:00:00,2025-12-21 00:00:00,3,190,341,3,2,2,170.5,7
2697,6,259.14,43.19,2024-11-06 00:00:00,2025-12-21 00:00:00,4,190,410,3,3,3,82.0,9
1311,6,1425.15,237.53,2024-08-12 00:00:00,2025-12-21 00:00:00,5,190,496,3,3,5,99.2,11
2535,8,588.44,73.56,2024-01-29 00:00:00,2025-12-21 00:00:00,3,190,692,3,4,4,98.9,11
2259,9,502.35,55.82,2024-02-26 00:00:00,2025-12-21 00:00:00,5,190,664,3,4,4,83.0,11
2320,11,302.33,27.48,2025-09-19 00:00:00,2025-12-21 00:00:00,6,190,93,3,4,3,9.3,10
2094,4,262.51,65.63,2025-07-01 00:00:00,2025-12-22 00:00:00,3,189,174,3,3,3,58.0,9
1261,4,964.08,241.02,2025-08-27 00:00:00,2025-12-22 00:00:00,4,189,117,3,3,5,39.0,11
2396,7,289.65,41.38,2025-06-24 00:00:00,2025-12-22 00:00:00,4,189,181,3,3,3,30.2,9
2123,7,298.24,42.61,2024-11-06 00:00:00,2025-12-22 00:00:00,5,189,411,3,3,3,68.5,9
2783,7,534.92,76.42,2025-08-22 00:00:00,2025-12-22 00:00:00,4,189,122,3,3,4,20.3,10
2389,8,362.82,45.35,2025-11-24 00:00:00,2025-12-22 00:00:00,6,189,28,3,4,3,4.0,10
2268,8,387.2,48.4,2024-04-04 00:00:00,2025-12-22 00:00:00,4,189,627,3,4,3,89.6,10
2779,9,359.68,39.96,2024-09-20 00:00:00,2025-12-22 00:00:00,6,189,458,3,4,3,57.3,10
2157,11,889.06,80.82,2024-12-14 00:00:00,2025-12-22 00:00:00,6,189,373,3,4,5,37.3,12
2739,13,722.14,55.55,2024-11-03 00:00:00,2025-12-22 00:00:00,5,189,414,3,5,4,34.5,12
1974,2,136.1,68.05,2025-11-11 00:00:00,2025-12-23 00:00:00,2,188,42,3,2,2,42.0,7
3905,3,127.6,42.53,2024-04-21 00:00:00,2025-12-23 00:00:00,1,188,611,3,2,2,305.5,7
2529,6,378.02,63.0,2024-02-25 00:00:00,2025-12-23 00:00:00,4,188,667,3,3,3,133.4,9
2034,6,404.94,67.49,2025-10-09 00:00:00,2025-12-23 00:00:00,4,188,75,3,3,3,15.0,9
2421,8,567.31,70.91,2025-02-17 00:00:00,2025-12-23 00:00:00,4,188,309,3,4,4,44.1,11
2028,9,333.28,37.03,2025-08-08 00:00:00,2025-12-23 00:00:00,5,188,137,3,4,3,17.1,10
2331,9,587.19,65.24,2025-04-18 00:00:00,2025-12-23 00:00:00,6,188,249,3,4,4,31.1,11
2671,10,567.16,56.72,2024-09-22 00:00:00,2025-12-23 00:00:00,6,188,457,3,4,4,50.8,11
2427,14,1477.68,105.55,2024-10-29 00:00:00,2025-12-23 00:00:00,6,188,420,3,5,5,32.3,13
2522,15,771.98,51.47,2023-11-19 00:00:00,2025-12-23 00:00:00,7,188,765,3,5,4,54.6,12
1573,1,64.35,64.35,2025-12-24 00:00:00,2025-12-24 00:00:00,1,187,0,3,1,1,,5
1560,1,83.36,83.36,2025-12-24 00:00:00,2025-12-24 00:00:00,1,187,0,3,1,2,,6
3910,2,61.27,30.63,2024-05-12 00:00:00,2025-12-24 00:00:00,2,187,591,3,1,1,591.0,5
1738,3,215.52,71.84,2024-06-08 00:00:00,2025-12-24 00:00:00,3,187,564,3,2,3,282.0,8
3753,4,165.04,41.26,2025-05-22 00:00:00,2025-12-24 00:00:00,2,187,216,3,2,2,72.0,7
2326,4,213.3,53.33,2025-03-19 00:00:00,2025-12-24 00:00:00,3,187,280,3,2,3,93.3,8
2279,4,240.56,60.14,2024-02-20 00:00:00,2025-12-24 00:00:00,3,187,673,3,2,3,224.3,8
2458,4,254.55,63.64,2024-02-22 00:00:00,2025-12-24 00:00:00,4,187,671,3,2,3,223.7,8
2403,5,218.92,43.78,2025-11-14 00:00:00,2025-12-24 00:00:00,4,187,40,3,3,3,10.0,9
2161,5,287.07,57.41,2025-04-28 00:00:00,2025-12-24 00:00:00,2,187,240,3,3,3,60.0,9
2621,10,548.59,54.86,2024-10-07 00:00:00,2025-12-24 00:00:00,4,187,443,3,4,4,49.2,11
2774,11,987.85,89.8,2025-10-22 00:00:00,2025-12-24 00:00:00,6,187,63,3,4,5,6.3,12
2619,12,239.65,19.97,2025-06-27 00:00:00,2025-12-24 00:00:00,5,187,180,3,4,3,16.4,10
2746,12,654.82,54.57,2023-12-18 00:00:00,2025-12-24 00:00:00,6,187,737,3,4,4,67.0,11
1859,1,32.5,32.5,2025-12-25 00:00:00,2025-12-25 00:00:00,1,186,0,3,1,1,,5
3675,1,33.91,33.91,2025-12-25 00:00:00,2025-12-25 00:00:00,1,186,0,3,1,1,,5
1591,2,117.01,58.5,2025-07-23 00:00:00,2025-12-25 00:00:00,2,186,155,3,2,2,155.0,7
2373,6,310.66,51.78,2024-04-12 00:00:00,2025-12-25 00:00:00,5,186,622,3,3,3,124.4,9
861,6,328.36,54.73,2024-11-18 00:00:00,2025-12-25 00:00:00,4,186,402,3,3,3,80.4,9
2430,6,334.79,55.8,2025-03-03 00:00:00,2025-12-25 00:00:00,6,186,297,3,3,3,59.4,9
2409,7,376.34,53.76,2025-01-29 00:00:00,2025-12-25 00:00:00,3,186,330,3,3,3,55.0,9
2300,9,138.84,15.43,2025-02-15 00:00:00,2025-12-25 00:00:00,5,186,313,3,4,2,39.1,9
2191,10,607.55,60.76,2025-10-01 00:00:00,2025-12-25 00:00:00,5,186,85,3,4,4,9.4,11
2731,13,586.77,45.14,2025-08-10 00:00:00,2025-12-25 00:00:00,6,186,137,3,5,4,11.4,12
1759,1,37.73,37.73,2025-12-26 00:00:00,2025-12-26 00:00:00,1,185,0,3,1,1,,5
1798,1,65.03,65.03,2025-12-26 00:00:00,2025-12-26 00:00:00,1,185,0,3,1,1,,5
1793,3,123.84,41.28,2025-05-19 00:00:00,2025-12-26 00:00:00,3,185,221,3,2,2,110.5,7
873,4,65.26,16.32,2024-07-22 00:00:00,2025-12-26 00:00:00,3,185,522,3,2,1,174.0,6
1266,4,917.42,229.36,2025-04-06 00:00:00,2025-12-26 00:00:00,3,185,264,3,3,5,88.0,11
2544,7,305.59,43.66,2025-12-08 00:00:00,2025-12-26 00:00:00,5,185,18,3,3,3,3.0,9
2366,9,432.74,48.08,2023-11-03 00:00:00,2025-12-26 00:00:00,4,185,784,3,4,3,98.0,10
2703,10,490.84,49.08,2024-10-07 00:00:00,2025-12-26 00:00:00,5,185,445,3,4,4,49.4,11
2159,13,670.21,51.55,2025-06-30 00:00:00,2025-12-26 00:00:00,6,185,179,3,5,4,14.9,12
1820,1,69.22,69.22,2025-12-27 00:00:00,2025-12-27 00:00:00,1,184,0,3,1,1,,5
1614,5,255.94,51.19,2024-10-22 00:00:00,2025-12-27 00:00:00,4,184,431,3,3,3,107.8,9
2305,7,459.02,65.57,2023-12-02 00:00:00,2025-12-27 00:00:00,3,184,756,3,3,4,126.0,10
2128,10,333.28,33.33,2025-08-05 00:00:00,2025-12-27 00:00:00,6,184,144,3,4,3,16.0,10
2314,10,656.17,65.62,2025-10-30 00:00:00,2025-12-27 00:00:00,5,184,58,3,4,4,6.4,11
2204,15,750.95,50.06,2023-09-14 00:00:00,2025-12-27 00:00:00,6,184,835,3,5,4,59.6,12
3960,1,45.97,45.97,2025-12-28 00:00:00,2025-12-28 00:00:00,1,183,0,3,1,1,,5
1471,2,96.88,48.44,2025-01-16 00:00:00,2025-12-28 00:00:00,2,183,346,3,2,2,346.0,7
1367,3,786.59,262.2,2025-09-18 00:00:00,2025-12-28 00:00:00,3,183,101,3,2,4,50.5,9
2659,7,324.33,46.33,2024-07-29 00:00:00,2025-12-28 00:00:00,4,183,517,3,3,3,86.2,9
1947,1,19.01,19.01,2025-12-29 00:00:00,2025-12-29 00:00:00,1,182,0,3,1,1,,5
3702,2,14.21,7.11,2025-06-19 00:00:00,2025-12-29 00:00:00,2,182,193,3,1,1,193.0,5
2169,4,309.76,77.44,2025-03-02 00:00:00,2025-12-29 00:00:00,2,182,302,3,3,3,100.7,9
2220,6,427.86,71.31,2025-05-06 00:00:00,2025-12-29 00:00:00,4,182,237,3,3,3,47.4,9
2485,7,391.32,55.9,2025-04-11 00:00:00,2025-12-29 00:00:00,5,182,262,3,3,3,43.7,9
2443,8,423.64,52.95,2025-04-23 00:00:00,2025-12-29 00:00:00,4,182,250,3,4,3,35.7,10
2255,9,535.95,59.55,2025-02-07 00:00:00,2025-12-29 00:00:00,6,182,325,3,4,4,40.6,11
2180,10,670.47,67.05,2025-10-01 00:00:00,2025-12-29 00:00:00,7,182,89,3,4,4,9.9,11
2669,11,589.5,53.59,2024-08-27 00:00:00,2025-12-29 00:00:00,4,182,489,3,4,4,48.9,11
1634,1,41.18,41.18,2025-12-30 00:00:00,2025-12-30 00:00:00,1,181,0,3,1,1,,5
1609,2,97.85,48.92,2025-12-22 00:00:00,2025-12-30 00:00:00,2,181,8,3,2,2,8.0,7
1440,3,53.34,17.78,2025-05-19 00:00:00,2025-12-30 00:00:00,2,181,225,3,2,1,112.5,6
2715,4,226.87,56.72,2025-12-11 00:00:00,2025-12-30 00:00:00,3,181,19,3,2,3,6.3,8
2135,6,242.93,40.49,2025-01-23 00:00:00,2025-12-30 00:00:00,4,181,341,3,3,3,68.2,9
2214,6,282.25,47.04,2024-06-21 00:00:00,2025-12-30 00:00:00,4,181,557,3,3,3,111.4,9
2264,6,395.29,65.88,2025-08-13 00:00:00,2025-12-30 00:00:00,3,181,139,3,3,3,27.8,9
2285,6,423.19,70.53,2024-09-15 00:00:00,2025-12-30 00:00:00,4,181,471,3,3,3,94.2,9
2036,7,236.65,33.81,2025-06-11 00:00:00,2025-12-30 00:00:00,4,181,202,3,3,3,33.7,9
2561,8,481.41,60.18,2025-12-04 00:00:00,2025-12-30 00:00:00,5,181,26,3,4,4,3.7,11
2031,10,477.83,47.78,2025-06-04 00:00:00,2025-12-30 00:00:00,3,181,209,3,4,4,23.2,11
2592,10,478.21,47.82,2024-05-09 00:00:00,2025-12-30 00:00:00,7,181,600,3,4,4,66.7,11
2500,11,588.05,53.46,2025-09-14 00:00:00,2025-12-30 00:00:00,6,181,107,3,4,4,10.7,11
2591,11,967.32,87.94,2024-01-11 00:00:00,2025-12-30 00:00:00,6,181,719,3,4,5,71.9,12
2603,3,177.07,59.02,2025-09-26 00:00:00,2025-12-31 00:00:00,3,180,96,3,2,2,48.0,7
2202,4,196.9,49.23,2025-11-18 00:00:00,2025-12-31 00:00:00,3,180,43,3,2,2,14.3,7
2340,4,262.93,65.73,2025-07-16 00:00:00,2025-12-31 00:00:00,3,180,168,3,3,3,56.0,9
1328,4,737.49,184.37,2024-04-16 00:00:00,2025-12-31 00:00:00,4,180,624,3,3,4,208.0,10
2118,5,237.21,47.44,2025-06-07 00:00:00,2025-12-31 00:00:00,4,180,207,3,3,3,51.8,9
1190,5,705.32,141.06,2024-07-02 00:00:00,2025-12-31 00:00:00,4,180,547,3,3,4,136.8,10
2104,10,473.92,47.39,2025-05-10 00:00:00,2025-12-31 00:00:00,5,180,235,3,4,4,26.1,11
1631,1,44.45,44.45,2026-01-01 00:00:00,2026-01-01 00:00:00,1,179,0,3,1,1,,5
2258,5,267.85,53.57,2025-12-22 00:00:00,2026-01-01 00:00:00,2,179,10,3,3,3,2.5,9
2385,6,220.46,36.74,2024-05-22 00:00:00,2026-01-01 00:00:00,4,179,589,3,3,3,117.8,9
2242,6,252.0,42.0,2025-11-21 00:00:00,2026-01-01 00:00:00,4,179,41,3,3,3,8.2,9
2581,8,349.96,43.75,2023-12-10 00:00:00,2026-01-01 00:00:00,6,179,753,3,4,3,107.6,10
2006,9,402.08,44.68,2024-06-29 00:00:00,2026-01-01 00:00:00,6,179,551,3,4,3,68.9,10
2136,11,782.81,71.16,2025-03-17 00:00:00,2026-01-01 00:00:00,5,179,290,3,4,4,29.0,11
2217,13,559.78,43.06,2024-04-15 00:00:00,2026-01-01 00:00:00,5,179,626,3,5,4,52.2,12
1814,1,55.0,55.0,2026-01-02 00:00:00,2026-01-02 00:00:00,1,178,0,3,1,1,,5
1833,3,180.97,60.32,2024-12-14 00:00:00,2026-01-02 00:00:00,2,178,384,3,2,2,192.0,7
2579,3,193.13,64.38,2024-09-03 00:00:00,2026-01-02 00:00:00,2,178,486,3,2,2,243.0,7
634,5,262.73,52.55,2024-10-08 00:00:00,2026-01-02 00:00:00,4,178,451,3,3,3,112.8,9
2315,7,287.25,41.04,2025-12-16 00:00:00,2026-01-02 00:00:00,4,178,17,3,3,3,2.8,9
2787,7,384.46,54.92,2024-11-08 00:00:00,2026-01-02 00:00:00,4,178,420,3,3,3,70.0,9
2658,7,437.35,62.48,2024-08-06 00:00:00,2026-01-02 00:00:00,4,178,514,3,3,3,85.7,9
2740,7,512.31,73.19,2025-07-28 00:00:00,2026-01-02 00:00:00,5,178,158,3,3,4,26.3,10
2078,8,364.26,45.53,2025-07-09 00:00:00,2026-01-02 00:00:00,5,178,177,3,4,3,25.3,10
2798,8,473.74,59.22,2024-04-27 00:00:00,2026-01-02 00:00:00,5,178,615,3,4,4,87.9,11
2790,9,519.38,57.71,2023-09-02 00:00:00,2026-01-02 00:00:00,3,178,853,3,4,4,106.6,11
2437,10,281.26,28.13,2025-07-12 00:00:00,2026-01-02 00:00:00,6,178,174,3,4,3,19.3,10
2185,11,448.17,40.74,2024-02-24 00:00:00,2026-01-02 00:00:00,7,178,678,3,4,3,67.8,10
2359,15,1054.53,70.3,2025-07-09 00:00:00,2026-01-02 00:00:00,7,178,177,3,5,5,12.6,13
1884,3,120.03,40.01,2025-02-10 00:00:00,2026-01-03 00:00:00,3,177,327,3,2,2,163.5,7
1996,3,125.05,41.68,2024-01-30 00:00:00,2026-01-03 00:00:00,2,177,704,3,2,2,352.0,7
2076,3,233.73,77.91,2024-10-11 00:00:00,2026-01-03 00:00:00,2,177,449,3,2,3,224.5,8
2111,4,131.58,32.9,2025-08-25 00:00:00,2026-01-03 00:00:00,4,177,131,3,2,2,43.7,7
2732,6,358.43,59.74,2025-05-13 00:00:00,2026-01-03 00:00:00,5,177,235,3,3,3,47.0,9
2108,7,325.78,46.54,2025-04-11 00:00:00,2026-01-03 00:00:00,3,177,267,3,3,3,44.5,9
2395,7,411.99,58.86,2024-05-15 00:00:00,2026-01-03 00:00:00,4,177,598,3,3,3,99.7,9
2541,8,485.43,60.68,2025-10-15 00:00:00,2026-01-03 00:00:00,5,177,80,3,4,4,11.4,11
2267,9,281.33,31.26,2025-02-18 00:00:00,2026-01-03 00:00:00,6,177,319,3,4,3,39.9,10
1089,9,423.7,47.08,2024-08-31 00:00:00,2026-01-03 00:00:00,5,177,490,3,4,3,61.3,10
2261,10,764.54,76.45,2025-09-23 00:00:00,2026-01-03 00:00:00,5,177,102,3,4,4,11.3,11
2634,8,410.92,51.37,2025-08-06 00:00:00,2026-01-04 00:00:00,5,176,151,3,4,3,21.6,10
2131,8,499.17,62.4,2024-03-19 00:00:00,2026-01-04 00:00:00,4,176,656,3,4,4,93.7,11
2471,8,501.64,62.7,2024-06-24 00:00:00,2026-01-04 00:00:00,5,176,559,3,4,4,79.9,11
2616,8,615.95,76.99,2025-07-02 00:00:00,2026-01-04 00:00:00,4,176,186,3,4,4,26.6,11
2433,9,530.2,58.91,2025-02-04 00:00:00,2026-01-04 00:00:00,5,176,334,3,4,4,41.8,11
2799,11,673.92,61.27,2024-07-26 00:00:00,2026-01-04 00:00:00,6,176,527,3,4,4,52.7,11
2515,12,620.49,51.71,2024-03-30 00:00:00,2026-01-04 00:00:00,7,176,645,3,4,4,58.6,11
3784,1,30.63,30.63,2026-01-05 00:00:00,2026-01-05 00:00:00,1,175,0,3,1,1,,5
1232,6,1410.06,235.01,2024-08-17 00:00:00,2026-01-05 00:00:00,4,175,506,3,3,5,101.2,11
2099,7,288.03,41.15,2025-08-30 00:00:00,2026-01-05 00:00:00,5,175,128,3,3,3,21.3,9
451,7,419.69,59.96,2024-06-25 00:00:00,2026-01-05 00:00:00,5,175,559,3,3,3,93.2,9
545,7,454.91,64.99,2025-09-02 00:00:00,2026-01-05 00:00:00,6,175,125,3,3,4,20.8,10
2607,9,681.71,75.75,2024-07-20 00:00:00,2026-01-05 00:00:00,4,175,534,3,4,4,66.8,11
2497,12,424.07,35.34,2024-02-01 00:00:00,2026-01-05 00:00:00,6,175,704,3,4,3,64.0,10
3836,1,38.43,38.43,2026-01-06 00:00:00,2026-01-06 00:00:00,1,174,0,3,1,1,,5
2052,3,178.3,59.43,2025-11-08 00:00:00,2026-01-06 00:00:00,3,174,59,3,2,2,29.5,7
2758,5,278.38,55.68,2024-09-05 00:00:00,2026-01-06 00:00:00,4,174,488,3,3,3,122.0,9
2137,7,211.0,30.14,2025-03-22 00:00:00,2026-01-06 00:00:00,5,174,290,3,3,3,48.3,9
2338,8,358.96,44.87,2025-09-01 00:00:00,2026-01-06 00:00:00,4,174,127,3,4,3,18.1,10
2729,9,308.3,34.26,2025-01-25 00:00:00,2026-01-06 00:00:00,4,174,346,3,4,3,43.3,10
2611,10,342.91,34.29,2024-03-15 00:00:00,2026-01-06 00:00:00,6,174,662,3,4,3,73.6,10
1910,1,29.49,29.49,2026-01-07 00:00:00,2026-01-07 00:00:00,1,173,0,3,1,1,,5
1617,1,65.02,65.02,2026-01-07 00:00:00,2026-01-07 00:00:00,1,173,0,3,1,1,,5
1930,3,237.76,79.25,2025-02-28 00:00:00,2026-01-07 00:00:00,3,173,313,3,2,3,156.5,8
2074,4,252.52,63.13,2025-05-10 00:00:00,2026-01-07 00:00:00,2,173,242,3,2,3,80.7,8
2756,5,265.1,53.02,2025-12-08 00:00:00,2026-01-07 00:00:00,3,173,30,3,3,3,7.5,9
1200,6,2067.23,344.54,2024-04-09 00:00:00,2026-01-07 00:00:00,4,173,638,3,3,5,127.6,11
721,7,245.52,35.07,2024-12-23 00:00:00,2026-01-07 00:00:00,5,173,380,3,3,3,63.3,9
2375,7,348.67,49.81,2025-11-06 00:00:00,2026-01-07 00:00:00,3,173,62,3,3,3,10.3,9
2761,8,408.96,51.12,2024-12-06 00:00:00,2026-01-07 00:00:00,5,173,397,3,4,3,56.7,10
2219,8,518.36,64.8,2025-01-28 00:00:00,2026-01-07 00:00:00,6,173,344,3,4,4,49.1,11
2277,9,637.77,70.86,2025-01-22 00:00:00,2026-01-07 00:00:00,6,173,350,3,4,4,43.8,11
2321,14,884.88,63.21,2024-04-07 00:00:00,2026-01-07 00:00:00,7,173,640,3,5,5,49.2,13
3885,2,100.58,50.29,2025-12-28 00:00:00,2026-01-08 00:00:00,2,172,11,3,2,2,11.0,7
2023,6,196.82,32.8,2025-01-12 00:00:00,2026-01-08 00:00:00,3,172,361,3,3,2,72.2,8
1388,7,1381.67,197.38,2024-05-26 00:00:00,2026-01-08 00:00:00,2,172,592,3,3,5,98.7,11
2189,8,503.6,62.95,2023-09-22 00:00:00,2026-01-08 00:00:00,4,172,839,3,4,4,119.9,11
2800,12,518.15,43.18,2025-04-10 00:00:00,2026-01-08 00:00:00,6,172,273,3,4,4,24.8,11
2744,12,617.23,51.44,2024-05-06 00:00:00,2026-01-08 00:00:00,5,172,612,3,4,4,55.6,11
2623,12,623.34,51.95,2025-11-18 00:00:00,2026-01-08 00:00:00,5,172,51,3,4,4,4.6,11
2424,2,91.62,45.81,2024-10-21 00:00:00,2026-01-09 00:00:00,2,171,445,3,1,2,445.0,6
3744,2,143.19,71.59,2025-10-11 00:00:00,2026-01-09 00:00:00,2,171,90,3,2,2,90.0,7
2639,5,405.91,81.18,2024-11-29 00:00:00,2026-01-09 00:00:00,4,171,406,3,3,3,101.5,9
2186,6,194.23,32.37,2025-02-05 00:00:00,2026-01-09 00:00:00,4,171,338,3,3,2,67.6,8
2531,7,465.48,66.5,2025-08-21 00:00:00,2026-01-09 00:00:00,3,171,141,3,3,4,23.5,10
2759,8,319.98,40.0,2024-09-08 00:00:00,2026-01-09 00:00:00,6,171,488,3,4,3,69.7,10
2193,9,514.51,57.17,2023-11-12 00:00:00,2026-01-09 00:00:00,5,171,789,3,4,4,98.6,11
2190,9,688.09,76.45,2024-08-11 00:00:00,2026-01-09 00:00:00,4,171,516,3,4,4,64.5,11
2226,10,932.44,93.24,2023-10-03 00:00:00,2026-01-09 00:00:00,4,171,829,3,4,5,92.1,12
2523,11,671.95,61.09,2025-01-23 00:00:00,2026-01-09 00:00:00,6,171,351,3,4,4,35.1,11
1540,3,180.56,60.19,2025-06-20 00:00:00,2026-01-10 00:00:00,3,170,204,3,2,2,102.0,7
1260,5,1505.99,301.2,2024-12-29 00:00:00,2026-01-10 00:00:00,3,170,377,3,3,5,94.3,11
2624,7,426.89,60.98,2025-07-22 00:00:00,2026-01-10 00:00:00,5,170,172,3,3,3,28.7,9
2120,9,189.73,21.08,2024-02-05 00:00:00,2026-01-10 00:00:00,6,170,705,3,4,2,88.1,9
2453,11,390.84,35.53,2024-06-05 00:00:00,2026-01-10 00:00:00,7,170,584,3,4,3,58.4,10
1595,1,59.45,59.45,2026-01-11 00:00:00,2026-01-11 00:00:00,1,169,0,3,1,1,,5
1620,2,116.0,58.0,2025-08-13 00:00:00,2026-01-11 00:00:00,2,169,151,3,2,2,151.0,7
2793,3,134.81,44.94,2025-10-13 00:00:00,2026-01-11 00:00:00,2,169,90,3,2,2,45.0,7
2667,8,346.89,43.36,2024-11-27 00:00:00,2026-01-11 00:00:00,6,169,410,3,4,3,58.6,10
2355,8,358.66,44.83,2025-08-22 00:00:00,2026-01-11 00:00:00,6,169,142,3,4,3,20.3,10
2327,10,661.18,66.12,2025-05-06 00:00:00,2026-01-11 00:00:00,6,169,250,3,4,4,27.8,11
2201,12,531.38,44.28,2025-09-15 00:00:00,2026-01-11 00:00:00,7,169,118,3,4,4,10.7,11
2701,13,507.92,39.07,2023-12-24 00:00:00,2026-01-11 00:00:00,6,169,749,3,5,4,62.4,12
1756,1,49.59,49.59,2026-01-12 00:00:00,2026-01-12 00:00:00,1,168,0,3,1,1,,5
2447,6,204.81,34.13,2024-12-15 00:00:00,2026-01-12 00:00:00,5,168,393,3,3,2,78.6,8
1330,6,1081.21,180.2,2025-10-15 00:00:00,2026-01-12 00:00:00,4,168,89,3,3,5,17.8,11
2208,8,256.84,32.1,2025-06-21 00:00:00,2026-01-12 00:00:00,3,168,205,3,3,3,29.3,9
2545,8,398.72,49.84,2025-01-19 00:00:00,2026-01-12 00:00:00,4,168,358,3,4,3,51.1,10
2517,8,415.37,51.92,2025-03-26 00:00:00,2026-01-12 00:00:00,5,168,292,3,4,3,41.7,10
2049,9,516.18,57.35,2024-05-25 00:00:00,2026-01-12 00:00:00,4,168,597,3,4,4,74.6,11
2293,11,623.91,56.72,2025-03-18 00:00:00,2026-01-12 00:00:00,5,168,300,3,4,4,30.0,11
2145,12,773.8,64.48,2025-02-23 00:00:00,2026-01-12 00:00:00,5,168,323,3,4,4,29.4,11
2151,13,478.72,36.82,2025-07-19 00:00:00,2026-01-12 00:00:00,7,168,177,3,5,4,14.8,12
2562,5,116.66,23.33,2025-12-30 00:00:00,2026-01-13 00:00:00,3,167,14,3,3,2,3.5,8
2047,5,241.21,48.24,2024-10-20 00:00:00,2026-01-13 00:00:00,5,167,450,3,3,3,112.5,9
2459,8,559.57,69.95,2025-09-18 00:00:00,2026-01-13 00:00:00,5,167,117,3,4,4,16.7,11
2679,9,455.84,50.65,2025-11-17 00:00:00,2026-01-13 00:00:00,7,167,57,3,4,4,7.1,11
2782,10,449.02,44.9,2025-08-10 00:00:00,2026-01-13 00:00:00,3,167,156,3,4,3,17.3,10
2548,12,827.75,68.98,2025-07-02 00:00:00,2026-01-13 00:00:00,6,167,195,3,4,4,17.7,11
2152,12,933.1,77.76,2024-08-14 00:00:00,2026-01-13 00:00:00,4,167,517,3,4,5,47.0,12
1602,1,51.77,51.77,2026-01-14 00:00:00,2026-01-14 00:00:00,1,166,0,3,1,1,,5
2391,5,399.56,79.91,2023-12-18 00:00:00,2026-01-14 00:00:00,3,166,758,3,3,3,189.5,9
2600,8,412.75,51.59,2025-10-23 00:00:00,2026-01-14 00:00:00,5,166,83,3,4,3,11.9,10
2765,8,534.85,66.86,2024-11-18 00:00:00,2026-01-14 00:00:00,5,166,422,3,4,4,60.3,11
2438,9,423.97,47.11,2024-10-03 00:00:00,2026-01-14 00:00:00,6,166,468,3,4,3,58.5,10
2347,9,469.17,52.13,2025-09-08 00:00:00,2026-01-14 00:00:00,6,166,128,3,4,4,16.0,11
2589,13,666.04,51.23,2025-09-29 00:00:00,2026-01-14 00:00:00,6,166,107,3,5,4,8.9,12
3792,1,35.39,35.39,2026-01-15 00:00:00,2026-01-15 00:00:00,1,165,0,3,1,1,,5
1735,3,169.68,56.56,2025-02-04 00:00:00,2026-01-15 00:00:00,1,165,345,3,2,2,172.5,7
2520,6,331.86,55.31,2025-10-13 00:00:00,2026-01-15 00:00:00,4,165,94,3,3,3,18.8,9
2282,7,363.12,51.87,2024-01-12 00:00:00,2026-01-15 00:00:00,4,165,734,3,3,3,122.3,9
2210,8,388.59,48.57,2024-12-30 00:00:00,2026-01-15 00:00:00,4,165,381,3,4,3,54.4,10
2075,8,491.57,61.45,2024-10-29 00:00:00,2026-01-15 00:00:00,4,165,443,3,4,4,63.3,11
2547,9,490.43,54.49,2024-11-22 00:00:00,2026-01-15 00:00:00,4,165,419,3,4,4,52.4,11
2035,14,464.26,33.16,2025-02-24 00:00:00,2026-01-15 00:00:00,6,165,325,3,5,4,25.0,12
2749,16,467.59,29.22,2024-08-10 00:00:00,2026-01-15 00:00:00,6,165,523,3,5,4,34.9,12
1505,3,133.58,44.53,2025-01-05 00:00:00,2026-01-16 00:00:00,3,164,376,3,2,2,188.0,7
1588,3,195.36,65.12,2025-09-02 00:00:00,2026-01-16 00:00:00,2,164,136,3,2,2,68.0,7
1745,3,225.59,75.2,2024-06-21 00:00:00,2026-01-16 00:00:00,3,164,574,3,2,3,287.0,8
1843,4,138.58,34.64,2024-09-13 00:00:00,2026-01-16 00:00:00,3,164,490,3,2,2,163.3,7
2439,8,238.99,29.87,2025-01-31 00:00:00,2026-01-16 00:00:00,6,164,350,3,3,3,50.0,9
2236,8,587.29,73.41,2025-11-23 00:00:00,2026-01-16 00:00:00,4,164,54,3,4,4,7.7,11
2557,15,905.37,60.36,2025-02-14 00:00:00,2026-01-16 00:00:00,6,164,336,3,5,5,24.0,13
3852,1,28.47,28.47,2026-01-17 00:00:00,2026-01-17 00:00:00,1,163,0,3,1,1,,5
3634,2,62.07,31.04,2025-09-19 00:00:00,2026-01-17 00:00:00,2,163,120,3,1,1,120.0,5
3939,2,119.27,59.63,2025-12-19 00:00:00,2026-01-17 00:00:00,2,163,29,3,2,2,29.0,7
2491,7,390.98,55.85,2025-08-04 00:00:00,2026-01-17 00:00:00,4,163,166,3,3,3,27.7,9
2582,8,378.29,47.29,2025-07-11 00:00:00,2026-01-17 00:00:00,3,163,190,3,4,3,27.1,10
2387,8,555.19,69.4,2024-10-14 00:00:00,2026-01-17 00:00:00,6,163,460,3,4,4,65.7,11
2013,9,345.65,38.41,2025-10-31 00:00:00,2026-01-17 00:00:00,4,163,78,3,4,3,9.8,10
2777,12,745.1,62.09,2024-03-23 00:00:00,2026-01-17 00:00:00,6,163,665,3,4,4,60.5,11
1023,13,928.87,71.45,2024-02-12 00:00:00,2026-01-17 00:00:00,7,163,705,3,5,5,58.8,13
1450,2,123.34,61.67,2025-10-11 00:00:00,2026-01-18 00:00:00,2,162,99,3,2,2,99.0,7
2585,3,203.3,67.77,2024-04-02 00:00:00,2026-01-18 00:00:00,3,162,656,3,2,2,328.0,7
1163,7,1446.31,206.62,2025-04-02 00:00:00,2026-01-18 00:00:00,5,162,291,3,3,5,48.5,11
2042,8,483.51,60.44,2025-06-13 00:00:00,2026-01-18 00:00:00,4,162,219,3,4,4,31.3,11
2721,9,452.28,50.25,2025-03-30 00:00:00,2026-01-18 00:00:00,5,162,294,3,4,3,36.8,10
2402,9,521.73,57.97,2024-04-18 00:00:00,2026-01-18 00:00:00,4,162,640,3,4,4,80.0,11
2281,10,524.92,52.49,2025-12-11 00:00:00,2026-01-18 00:00:00,6,162,38,3,4,4,4.2,11
2002,10,583.89,58.39,2025-03-24 00:00:00,2026-01-18 00:00:00,6,162,300,3,4,4,33.3,11
2632,11,368.12,33.47,2025-06-08 00:00:00,2026-01-18 00:00:00,6,162,224,3,4,3,22.4,10
2684,13,720.55,55.43,2025-12-08 00:00:00,2026-01-18 00:00:00,6,162,41,3,5,4,3.4,12
2404,14,698.01,49.86,2024-07-06 00:00:00,2026-01-18 00:00:00,6,162,561,3,5,4,43.2,12
1743,2,122.88,61.44,2025-11-26 00:00:00,2026-01-19 00:00:00,2,161,54,3,2,2,54.0,7
2253,6,59.71,9.95,2025-10-21 00:00:00,2026-01-19 00:00:00,5,161,90,3,3,1,18.0,7
2221,6,360.34,60.06,2024-10-01 00:00:00,2026-01-19 00:00:00,3,161,475,3,3,3,95.0,9
2760,7,269.7,38.53,2025-03-24 00:00:00,2026-01-19 00:00:00,5,161,301,3,3,3,50.2,9
2708,8,194.1,24.26,2025-11-29 00:00:00,2026-01-19 00:00:00,5,161,51,3,3,2,7.3,8
2780,9,456.26,50.7,2024-04-21 00:00:00,2026-01-19 00:00:00,5,161,638,3,4,4,79.8,11
3980,1,57.5,57.5,2026-01-20 00:00:00,2026-01-20 00:00:00,1,160,0,3,1,1,,5
1755,1,90.9,90.9,2026-01-20 00:00:00,2026-01-20 00:00:00,1,160,0,3,1,2,,6
3763,2,63.62,31.81,2025-09-03 00:00:00,2026-01-20 00:00:00,1,160,139,3,1,1,139.0,5
1597,3,236.88,78.96,2025-06-18 00:00:00,2026-01-20 00:00:00,2,160,216,3,2,3,108.0,8
2209,5,240.77,48.15,2025-01-19 00:00:00,2026-01-20 00:00:00,4,160,366,3,3,3,91.5,9
2680,6,356.43,59.41,2025-07-16 00:00:00,2026-01-20 00:00:00,5,160,188,3,3,3,37.6,9
1376,6,1279.75,213.29,2024-11-01 00:00:00,2026-01-20 00:00:00,4,160,445,3,3,5,89.0,11
2020,7,345.36,49.34,2025-09-18 00:00:00,2026-01-20 00:00:00,5,160,124,3,3,3,20.7,9
2605,8,494.33,61.79,2024-01-27 00:00:00,2026-01-20 00:00:00,4,160,724,3,4,4,103.4,11
2160,9,463.85,51.54,2025-09-25 00:00:00,2026-01-20 00:00:00,5,160,117,3,4,4,14.6,11
2556,9,468.0,52.0,2025-11-09 00:00:00,2026-01-20 00:00:00,5,160,72,3,4,4,9.0,11
2466,9,625.08,69.45,2024-10-05 00:00:00,2026-01-20 00:00:00,4,160,472,3,4,4,59.0,11
2183,10,408.53,40.85,2025-09-24 00:00:00,2026-01-20 00:00:00,6,160,118,3,4,3,13.1,10
2792,10,500.81,50.08,2025-12-02 00:00:00,2026-01-20 00:00:00,7,160,49,3,4,4,5.4,11
2203,10,600.73,60.07,2025-10-16 00:00:00,2026-01-20 00:00:00,5,160,96,3,4,4,10.7,11
2405,5,224.9,44.98,2025-08-25 00:00:00,2026-01-21 00:00:00,3,159,149,3,3,3,37.3,9
2473,5,281.53,56.31,2025-12-01 00:00:00,2026-01-21 00:00:00,3,159,51,3,3,3,12.8,9
2344,6,389.76,64.96,2025-12-18 00:00:00,2026-01-21 00:00:00,5,159,34,3,3,3,6.8,9
2598,7,360.92,51.56,2025-04-10 00:00:00,2026-01-21 00:00:00,4,159,286,3,3,3,47.7,9
2139,12,581.07,48.42,2024-10-16 00:00:00,2026-01-21 00:00:00,5,159,462,3,4,4,42.0,11
2110,14,789.83,56.42,2025-11-19 00:00:00,2026-01-21 00:00:00,5,159,63,3,5,4,4.8,12
3686,1,37.74,37.74,2026-01-22 00:00:00,2026-01-22 00:00:00,1,158,0,3,1,1,,5
2311,3,151.72,50.57,2026-01-06 00:00:00,2026-01-22 00:00:00,3,158,16,3,2,2,8.0,7
2576,5,255.22,51.04,2024-07-13 00:00:00,2026-01-22 00:00:00,4,158,558,3,3,3,139.5,9
2292,6,398.81,66.47,2025-02-16 00:00:00,2026-01-22 00:00:00,4,158,340,3,3,3,68.0,9
2342,7,485.82,69.4,2025-01-25 00:00:00,2026-01-22 00:00:00,4,158,362,3,3,4,60.3,10
2109,8,282.16,35.27,2025-03-19 00:00:00,2026-01-22 00:00:00,3,158,309,3,3,3,44.1,9
2363,8,400.76,50.09,2025-03-23 00:00:00,2026-01-22 00:00:00,5,158,305,3,4,3,43.6,10
2769,8,649.23,81.15,2024-04-09 00:00:00,2026-01-22 00:00:00,4,158,653,3,4,4,93.3,11
2627,9,468.43,52.05,2025-12-10 00:00:00,2026-01-22 00:00:00,5,158,43,3,4,4,5.4,11
2742,13,578.11,44.47,2024-07-03 00:00:00,2026-01-22 00:00:00,5,158,568,3,5,4,47.3,12
2222,14,619.22,44.23,2025-04-16 00:00:00,2026-01-22 00:00:00,7,158,281,3,5,4,21.6,12
1746,1,25.96,25.96,2026-01-23 00:00:00,2026-01-23 00:00:00,1,157,0,3,1,1,,5
1686,3,211.13,70.38,2024-07-17 00:00:00,2026-01-23 00:00:00,2,157,555,3,2,3,277.5,8
2771,4,299.17,74.79,2024-08-15 00:00:00,2026-01-23 00:00:00,3,157,526,3,3,3,175.3,9
1279,4,883.61,220.9,2025-02-26 00:00:00,2026-01-23 00:00:00,2,157,331,3,3,5,110.3,11
1229,4,1027.0,256.75,2025-11-20 00:00:00,2026-01-23 00:00:00,3,157,64,3,3,5,21.3,11
1912,5,232.29,46.46,2025-03-13 00:00:00,2026-01-23 00:00:00,3,157,316,3,3,3,79.0,9
1341,6,1262.27,210.38,2024-03-06 00:00:00,2026-01-23 00:00:00,3,157,688,3,3,5,137.6,11
2613,9,554.5,61.61,2025-12-30 00:00:00,2026-01-23 00:00:00,5,157,24,3,4,4,3.0,11
2408,10,608.45,60.85,2024-02-14 00:00:00,2026-01-23 00:00:00,5,157,709,3,4,4,78.8,11
2527,16,1456.59,91.04,2023-10-12 00:00:00,2026-01-23 00:00:00,6,157,834,3,5,5,55.6,13
1553,4,152.72,38.18,2024-09-15 00:00:00,2026-01-24 00:00:00,3,156,496,3,2,2,165.3,7
1529,4,183.92,45.98,2025-09-06 00:00:00,2026-01-24 00:00:00,3,156,140,3,2,2,46.7,7
2452,4,284.11,71.03,2025-04-12 00:00:00,2026-01-24 00:00:00,3,156,287,3,3,3,95.7,9
2065,5,162.54,32.51,2025-07-10 00:00:00,2026-01-24 00:00:00,5,156,198,3,3,2,49.5,8
2695,8,208.25,26.03,2024-06-10 00:00:00,2026-01-24 00:00:00,5,156,593,3,3,2,84.7,8
2319,8,508.65,63.58,2024-08-19 00:00:00,2026-01-24 00:00:00,5,156,523,3,4,4,74.7,11
2335,10,474.91,47.49,2023-12-14 00:00:00,2026-01-24 00:00:00,6,156,772,3,4,4,85.8,11
2590,10,750.31,75.03,2025-09-19 00:00:00,2026-01-24 00:00:00,5,156,127,3,4,4,14.1,11
2741,10,865.89,86.59,2025-03-19 00:00:00,2026-01-24 00:00:00,5,156,311,3,4,5,34.6,12
2089,11,726.55,66.05,2026-01-02 00:00:00,2026-01-24 00:00:00,6,156,22,3,4,4,2.2,11
1865,2,104.08,52.04,2024-09-27 00:00:00,2026-01-25 00:00:00,2,155,485,3,2,2,485.0,7
2198,8,476.35,59.54,2025-06-29 00:00:00,2026-01-25 00:00:00,3,155,210,3,4,4,30.0,11
2233,8,502.81,62.85,2025-11-19 00:00:00,2026-01-25 00:00:00,7,155,67,3,4,4,9.6,11
2026,9,430.86,47.87,2025-07-27 00:00:00,2026-01-25 00:00:00,5,155,182,3,4,3,22.8,10
2549,10,550.35,55.04,2025-12-13 00:00:00,2026-01-25 00:00:00,6,155,43,3,4,4,4.8,11
2711,14,1131.85,80.85,2023-10-23 00:00:00,2026-01-25 00:00:00,5,155,825,3,5,5,63.5,13
2059,17,669.76,39.4,2025-05-01 00:00:00,2026-01-25 00:00:00,7,155,269,3,5,4,16.8,12
2224,3,82.09,27.36,2025-07-25 00:00:00,2026-01-26 00:00:00,2,154,185,3,2,1,92.5,6
1137,5,1212.13,242.43,2025-08-26 00:00:00,2026-01-26 00:00:00,4,154,153,3,3,5,38.3,11
2426,6,197.14,32.86,2025-12-26 00:00:00,2026-01-26 00:00:00,4,154,31,3,3,2,6.2,8
2129,6,430.4,71.73,2025-10-31 00:00:00,2026-01-26 00:00:00,4,154,87,3,3,3,17.4,9
2468,7,339.24,48.46,2025-11-06 00:00:00,2026-01-26 00:00:00,4,154,81,3,3,3,13.5,9
2040,7,509.34,72.76,2024-07-26 00:00:00,2026-01-26 00:00:00,5,154,549,3,3,4,91.5,10
2029,8,333.73,41.72,2026-01-10 00:00:00,2026-01-26 00:00:00,4,154,16,3,4,3,2.3,10
2755,8,414.57,51.82,2024-11-16 00:00:00,2026-01-26 00:00:00,5,154,436,3,4,3,62.3,10
2640,8,616.21,77.03,2025-04-26 00:00:00,2026-01-26 00:00:00,5,154,275,3,4,4,39.3,11
2564,9,508.46,56.5,2024-11-20 00:00:00,2026-01-26 00:00:00,7,154,432,3,4,4,54.0,11
2303,11,613.0,55.73,2025-02-04 00:00:00,2026-01-26 00:00:00,5,154,356,3,4,4,35.6,11
2666,11,712.83,64.8,2025-10-27 00:00:00,2026-01-26 00:00:00,6,154,91,3,4,4,9.1,11
2316,14,564.89,40.35,2025-12-08 00:00:00,2026-01-26 00:00:00,5,154,49,3,5,4,3.8,12
1551,1,28.95,28.95,2026-01-27 00:00:00,2026-01-27 00:00:00,1,153,0,3,1,1,,5
1402,3,161.47,53.82,2025-10-08 00:00:00,2026-01-27 00:00:00,2,153,111,3,2,2,55.5,7
2482,4,144.63,36.16,2024-06-13 00:00:00,2026-01-27 00:00:00,3,153,593,3,2,2,197.7,7
1264,4,834.67,208.67,2025-07-05 00:00:00,2026-01-27 00:00:00,3,153,206,3,3,4,68.7,10
1503,5,232.16,46.43,2025-03-02 00:00:00,2026-01-27 00:00:00,4,153,331,3,3,3,82.8,9
2132,5,292.47,58.49,2024-08-03 00:00:00,2026-01-27 00:00:00,4,153,542,3,3,3,135.5,9
2646,5,306.73,61.35,2025-05-05 00:00:00,2026-01-27 00:00:00,5,153,267,3,3,3,66.8,9
1665,5,362.46,72.49,2024-04-02 00:00:00,2026-01-27 00:00:00,4,153,665,3,3,3,166.3,9
2144,8,275.77,34.47,2025-06-08 00:00:00,2026-01-27 00:00:00,5,153,233,3,3,3,33.3,9
2245,11,428.91,38.99,2024-10-26 00:00:00,2026-01-27 00:00:00,6,153,458,3,4,3,45.8,10
2475,11,508.74,46.25,2025-12-03 00:00:00,2026-01-27 00:00:00,7,153,55,3,4,4,5.5,11
2358,11,648.18,58.93,2026-01-07 00:00:00,2026-01-27 00:00:00,6,153,20,3,4,4,2.0,11
1375,11,2790.34,253.67,2024-04-05 00:00:00,2026-01-27 00:00:00,6,153,662,3,4,5,66.2,12
2096,12,501.73,41.81,2025-06-24 00:00:00,2026-01-27 00:00:00,5,153,217,3,4,4,19.7,11
413,15,651.9,43.46,2024-02-17 00:00:00,2026-01-27 00:00:00,6,153,710,3,5,4,50.7,12
1606,2,71.71,35.86,2026-01-21 00:00:00,2026-01-28 00:00:00,1,152,7,3,1,1,7.0,5
2635,3,137.8,45.93,2025-07-12 00:00:00,2026-01-28 00:00:00,2,152,200,3,2,2,100.0,7
1313,3,541.91,180.64,2024-12-25 00:00:00,2026-01-28 00:00:00,2,152,399,3,2,4,199.5,9
2493,6,313.98,52.33,2025-12-14 00:00:00,2026-01-28 00:00:00,5,152,45,3,3,3,9.0,9
2709,6,434.92,72.49,2025-10-09 00:00:00,2026-01-28 00:00:00,4,152,111,3,3,3,22.2,9
2434,6,439.94,73.32,2025-03-07 00:00:00,2026-01-28 00:00:00,6,152,327,3,3,3,65.4,9
2637,8,247.89,30.99,2025-08-27 00:00:00,2026-01-28 00:00:00,4,152,154,3,3,3,22.0,9
2781,8,330.32,41.29,2025-09-16 00:00:00,2026-01-28 00:00:00,6,152,134,3,4,3,19.1,10
2534,8,406.0,50.75,2025-10-22 00:00:00,2026-01-28 00:00:00,4,152,98,3,4,3,14.0,10
2173,8,434.15,54.27,2025-12-12 00:00:00,2026-01-28 00:00:00,3,152,47,3,4,3,6.7,10
2103,9,286.94,31.88,2024-07-05 00:00:00,2026-01-28 00:00:00,6,152,572,3,4,3,71.5,10
2505,9,751.72,83.52,2025-11-16 00:00:00,2026-01-28 00:00:00,6,152,73,3,4,4,9.1,11
2764,10,717.93,71.79,2024-02-22 00:00:00,2026-01-28 00:00:00,6,152,706,3,4,4,78.4,11
2509,11,443.38,40.31,2025-05-16 00:00:00,2026-01-28 00:00:00,7,152,257,3,4,3,25.7,10
2360,11,449.1,40.83,2024-10-31 00:00:00,2026-01-28 00:00:00,5,152,454,3,4,3,45.4,10
2553,11,557.14,50.65,2025-12-11 00:00:00,2026-01-28 00:00:00,6,152,48,3,4,4,4.8,11
2188,2,119.88,59.94,2026-01-23 00:00:00,2026-01-29 00:00:00,2,151,6,3,2,2,6.0,7
1283,4,1327.51,331.88,2024-10-09 00:00:00,2026-01-29 00:00:00,4,151,477,3,3,5,159.0,11
2775,6,164.35,27.39,2024-01-25 00:00:00,2026-01-29 00:00:00,5,151,735,3,3,2,147.0,8
627,6,398.39,66.4,2024-06-02 00:00:00,2026-01-29 00:00:00,4,151,606,3,3,3,121.2,9
2126,7,516.52,73.79,2024-12-24 00:00:00,2026-01-29 00:00:00,6,151,401,3,3,4,66.8,10
2376,8,399.87,49.98,2025-06-07 00:00:00,2026-01-29 00:00:00,5,151,236,3,4,3,33.7,10
2751,8,419.51,52.44,2025-02-18 00:00:00,2026-01-29 00:00:00,6,151,345,3,4,3,49.3,10
2388,9,646.74,71.86,2026-01-09 00:00:00,2026-01-29 00:00:00,5,151,20,3,4,4,2.5,11
1707,1,58.21,58.21,2026-01-30 00:00:00,2026-01-30 00:00:00,1,150,0,3,1,1,,5
1968,2,93.15,46.58,2025-08-08 00:00:00,2026-01-30 00:00:00,2,150,175,3,1,2,175.0,6
2560,6,399.21,66.53,2025-04-30 00:00:00,2026-01-30 00:00:00,4,150,275,3,3,3,55.0,9
2012,7,303.83,43.4,2025-09-19 00:00:00,2026-01-30 00:00:00,5,150,133,3,3,3,22.2,9
2503,7,434.71,62.1,2025-12-20 00:00:00,2026-01-30 00:00:00,5,150,41,3,3,3,6.8,9
2450,7,525.86,75.12,2025-03-08 00:00:00,2026-01-30 00:00:00,4,150,328,3,3,4,54.7,10
1296,8,2057.85,257.23,2024-02-26 00:00:00,2026-01-30 00:00:00,4,150,704,3,4,5,100.6,12
2660,9,592.45,65.83,2025-09-19 00:00:00,2026-01-30 00:00:00,6,150,133,3,4,4,16.6,11
2492,4,151.5,37.88,2024-03-11 00:00:00,2026-01-31 00:00:00,4,149,691,3,2,2,230.3,7
2090,5,230.5,46.1,2025-08-30 00:00:00,2026-01-31 00:00:00,4,149,154,3,3,3,38.5,9
2716,5,330.5,66.1,2026-01-15 00:00:00,2026-01-31 00:00:00,2,149,16,3,3,3,4.0,9
2770,5,349.0,69.8,2025-10-15 00:00:00,2026-01-31 00:00:00,4,149,108,3,3,3,27.0,9
2595,6,116.38,19.4,2025-07-01 00:00:00,2026-01-31 00:00:00,4,149,214,3,3,2,42.8,8
2753,8,408.58,51.07,2025-06-13 00:00:00,2026-01-31 00:00:00,5,149,232,3,4,3,33.1,10
2106,5,321.22,64.24,2025-04-07 00:00:00,2026-02-01 00:00:00,3,148,300,3,3,3,75.0,9
2570,8,382.54,47.82,2024-07-11 00:00:00,2026-02-01 00:00:00,5,148,570,3,4,3,81.4,10
2301,8,584.06,73.01,2024-01-13 00:00:00,2026-02-01 00:00:00,5,148,750,3,4,4,107.1,11
2506,10,648.66,64.87,2024-10-14 00:00:00,2026-02-01 00:00:00,5,148,475,3,4,4,52.8,11
2297,10,755.19,75.52,2024-11-17 00:00:00,2026-02-01 00:00:00,4,148,441,3,4,4,49.0,11
1989,2,81.52,40.76,2024-07-20 00:00:00,2026-02-02 00:00:00,1,147,562,3,1,1,562.0,5
1487,2,179.41,89.7,2025-04-24 00:00:00,2026-02-02 00:00:00,2,147,284,3,2,2,284.0,7
1312,5,1450.4,290.08,2024-10-01 00:00:00,2026-02-02 00:00:00,3,147,489,3,3,5,122.3,11
2130,6,308.01,51.34,2025-11-02 00:00:00,2026-02-02 00:00:00,4,147,92,3,3,3,18.4,9
2653,9,401.38,44.6,2024-06-10 00:00:00,2026-02-02 00:00:00,4,147,602,3,4,3,75.3,10
2418,9,640.11,71.12,2024-04-03 00:00:00,2026-02-02 00:00:00,5,147,670,3,4,4,83.8,11
2037,10,558.33,55.83,2024-09-14 00:00:00,2026-02-02 00:00:00,5,147,506,3,4,4,56.2,11
621,10,611.58,61.16,2024-10-15 00:00:00,2026-02-02 00:00:00,5,147,475,3,4,4,52.8,11
2568,12,351.13,29.26,2024-07-12 00:00:00,2026-02-02 00:00:00,6,147,570,3,4,3,51.8,10
2494,16,700.78,43.8,2024-07-11 00:00:00,2026-02-02 00:00:00,6,147,571,3,5,4,38.1,12
1984,2,101.92,50.96,2025-12-12 00:00:00,2026-02-03 00:00:00,2,146,53,3,2,2,53.0,7
2197,5,312.58,62.52,2025-06-21 00:00:00,2026-02-03 00:00:00,4,146,227,3,3,3,56.8,9
2539,5,365.42,73.08,2025-08-12 00:00:00,2026-02-03 00:00:00,4,146,175,3,3,3,43.8,9
2260,7,520.21,74.32,2025-12-29 00:00:00,2026-02-03 00:00:00,5,146,36,3,3,4,6.0,10
2796,8,356.3,44.54,2024-08-11 00:00:00,2026-02-03 00:00:00,6,146,541,3,4,3,77.3,10
2055,8,634.67,79.33,2025-06-01 00:00:00,2026-02-03 00:00:00,5,146,247,3,4,4,35.3,11
1356,8,1797.92,224.74,2025-03-10 00:00:00,2026-02-03 00:00:00,3,146,330,3,4,5,47.1,12
2474,9,330.38,36.71,2025-10-23 00:00:00,2026-02-03 00:00:00,6,146,103,3,4,3,12.9,10
2622,10,589.11,58.91,2025-04-24 00:00:00,2026-02-03 00:00:00,6,146,285,3,4,4,31.7,11
2510,10,691.41,69.14,2024-09-15 00:00:00,2026-02-03 00:00:00,6,146,506,3,4,4,56.2,11
2461,11,490.32,44.57,2025-04-22 00:00:00,2026-02-03 00:00:00,6,146,287,3,4,4,28.7,11
1655,1,37.94,37.94,2026-02-04 00:00:00,2026-02-04 00:00:00,1,145,0,3,1,1,,5
1610,2,140.59,70.3,2025-11-13 00:00:00,2026-02-04 00:00:00,2,145,83,3,2,2,83.0,7
2038,3,90.94,30.31,2024-09-08 00:00:00,2026-02-04 00:00:00,3,145,514,3,2,2,257.0,7
2530,6,368.9,61.48,2025-03-05 00:00:00,2026-02-04 00:00:00,4,145,336,3,3,3,67.2,9
1319,6,1701.31,283.55,2024-12-26 00:00:00,2026-02-04 00:00:00,4,145,405,3,3,5,81.0,11
2341,7,356.48,50.93,2026-01-15 00:00:00,2026-02-04 00:00:00,5,145,20,3,3,3,3.3,9
2304,7,357.4,51.06,2025-09-26 00:00:00,2026-02-04 00:00:00,5,145,131,3,3,3,21.8,9
2091,9,513.25,57.03,2025-12-21 00:00:00,2026-02-04 00:00:00,6,145,45,3,4,4,5.6,11
2273,10,417.24,41.72,2026-01-17 00:00:00,2026-02-04 00:00:00,6,145,18,3,4,3,2.0,10
2706,12,525.49,43.79,2025-07-13 00:00:00,2026-02-04 00:00:00,5,145,206,3,4,4,18.7,11
1976,1,46.58,46.58,2026-02-05 00:00:00,2026-02-05 00:00:00,1,144,0,3,1,1,,5
2271,2,77.49,38.75,2025-11-10 00:00:00,2026-02-05 00:00:00,2,144,87,3,1,1,87.0,5
2610,4,217.04,54.26,2025-05-29 00:00:00,2026-02-05 00:00:00,2,144,252,3,2,3,84.0,8
2597,7,517.13,73.88,2025-03-31 00:00:00,2026-02-05 00:00:00,4,144,311,3,3,4,51.8,10
2288,9,533.9,59.32,2025-11-26 00:00:00,2026-02-05 00:00:00,5,144,71,3,4,4,8.9,11
433,11,527.47,47.95,2024-11-30 00:00:00,2026-02-05 00:00:00,5,144,432,3,4,4,43.2,11
2141,12,494.91,41.24,2025-02-04 00:00:00,2026-02-05 00:00:00,5,144,366,3,4,4,33.3,11
2007,13,631.59,48.58,2025-05-01 00:00:00,2026-02-05 00:00:00,7,144,280,3,5,4,23.3,12
893,13,858.96,66.07,2024-03-11 00:00:00,2026-02-05 00:00:00,5,144,696,3,5,4,58.0,12
1522,1,45.48,45.48,2026-02-06 00:00:00,2026-02-06 00:00:00,1,143,0,3,1,1,,5
1981,1,68.34,68.34,2026-02-06 00:00:00,2026-02-06 00:00:00,1,143,0,3,1,1,,5
1719,3,152.21,50.74,2025-03-09 00:00:00,2026-02-06 00:00:00,3,143,334,3,2,2,167.0,7
1943,4,146.5,36.63,2024-11-22 00:00:00,2026-02-06 00:00:00,3,143,441,3,2,2,147.0,7
2614,5,196.18,39.24,2024-04-29 00:00:00,2026-02-06 00:00:00,4,143,648,3,3,2,162.0,8
2519,5,231.27,46.25,2025-10-17 00:00:00,2026-02-06 00:00:00,3,143,112,3,3,3,28.0,9
2251,6,129.3,21.55,2025-07-21 00:00:00,2026-02-06 00:00:00,4,143,200,3,3,2,40.0,8
2525,6,248.87,41.48,2025-11-24 00:00:00,2026-02-06 00:00:00,5,143,74,3,3,3,14.8,9
2552,7,388.44,55.49,2025-03-17 00:00:00,2026-02-06 00:00:00,4,143,326,3,3,3,54.3,9
2587,7,463.09,66.16,2025-01-05 00:00:00,2026-02-06 00:00:00,6,143,397,3,3,4,66.2,10
2248,8,264.3,33.04,2024-08-03 00:00:00,2026-02-06 00:00:00,6,143,552,3,3,3,78.9,9
760,9,864.46,96.05,2024-03-27 00:00:00,2026-02-06 00:00:00,4,143,681,3,4,5,85.1,12
1216,10,2826.54,282.65,2024-09-19 00:00:00,2026-02-06 00:00:00,6,143,505,3,4,5,56.1,12
343,14,788.46,56.32,2024-05-03 00:00:00,2026-02-06 00:00:00,5,143,644,3,5,4,49.5,12
1779,2,31.54,15.77,2024-08-04 00:00:00,2026-02-07 00:00:00,1,142,552,3,1,1,552.0,5
2093,8,360.17,45.02,2025-12-28 00:00:00,2026-02-07 00:00:00,5,142,41,3,4,3,5.9,10
2441,10,604.97,60.5,2024-10-03 00:00:00,2026-02-07 00:00:00,6,142,492,3,4,4,54.7,11
2538,10,832.96,83.3,2024-08-01 00:00:00,2026-02-07 00:00:00,5,142,555,3,4,4,61.7,11
648,11,426.1,38.74,2025-04-22 00:00:00,2026-02-07 00:00:00,6,142,291,3,4,3,29.1,10
2155,11,615.19,55.93,2025-06-29 00:00:00,2026-02-07 00:00:00,6,142,223,3,4,4,22.3,11
3638,3,113.98,37.99,2025-08-24 00:00:00,2026-02-08 00:00:00,3,141,168,3,2,2,84.0,7
2066,4,238.88,59.72,2025-12-12 00:00:00,2026-02-08 00:00:00,4,141,58,3,2,3,19.3,8
1196,6,1944.69,324.12,2024-07-12 00:00:00,2026-02-08 00:00:00,5,141,576,3,3,5,115.2,11
2011,7,522.17,74.6,2025-08-20 00:00:00,2026-02-08 00:00:00,3,141,172,3,3,4,28.7,10
1299,7,2262.86,323.27,2025-04-03 00:00:00,2026-02-08 00:00:00,4,141,311,3,3,5,51.8,11
978,8,594.39,74.3,2024-05-05 00:00:00,2026-02-08 00:00:00,5,141,644,3,4,4,92.0,11
2407,9,238.47,26.5,2024-04-04 00:00:00,2026-02-08 00:00:00,5,141,675,3,4,3,84.4,10
2289,9,483.23,53.69,2024-02-26 00:00:00,2026-02-08 00:00:00,5,141,713,3,4,4,89.1,11
2651,10,681.76,68.18,2025-09-13 00:00:00,2026-02-08 00:00:00,6,141,148,3,4,4,16.4,11
2423,11,756.84,68.8,2024-06-25 00:00:00,2026-02-08 00:00:00,5,141,593,3,4,4,59.3,11
2237,12,537.3,44.77,2024-04-26 00:00:00,2026-02-08 00:00:00,5,141,653,3,4,4,59.4,11
2081,12,737.25,61.44,2025-01-27 00:00:00,2026-02-08 00:00:00,6,141,377,3,4,4,34.3,11
1826,1,54.17,54.17,2026-02-09 00:00:00,2026-02-09 00:00:00,1,140,0,3,1,1,,5
2681,10,194.02,19.4,2024-06-01 00:00:00,2026-02-09 00:00:00,4,140,618,3,4,2,68.7,9
538,17,1143.77,67.28,2025-01-25 00:00:00,2026-02-09 00:00:00,6,140,380,3,5,5,23.8,13
70,24,2380.75,99.2,2024-09-19 00:00:00,2026-02-09 00:00:00,7,140,508,3,5,5,22.1,13
1424,1,54.82,54.82,2026-02-10 00:00:00,2026-02-10 00:00:00,1,139,0,3,1,1,,5
2766,4,277.59,69.4,2024-11-04 00:00:00,2026-02-10 00:00:00,3,139,463,3,3,3,154.3,9
2641,5,214.02,42.8,2024-10-05 00:00:00,2026-02-10 00:00:00,5,139,493,3,3,3,123.3,9
2095,7,491.38,70.2,2025-06-20 00:00:00,2026-02-10 00:00:00,5,139,235,3,3,4,39.2,10
2119,8,381.04,47.63,2025-10-31 00:00:00,2026-02-10 00:00:00,5,139,102,3,4,3,14.6,10
879,9,657.62,73.07,2024-06-13 00:00:00,2026-02-10 00:00:00,4,139,607,3,4,4,75.9,11
2117,11,540.45,49.13,2025-12-26 00:00:00,2026-02-10 00:00:00,6,139,46,3,4,4,4.6,11
2730,13,449.13,34.55,2024-10-07 00:00:00,2026-02-10 00:00:00,5,139,491,3,5,3,40.9,11
1964,2,83.14,41.57,2024-12-13 00:00:00,2026-02-11 00:00:00,2,138,425,3,1,2,425.0,6
1656,2,110.64,55.32,2024-12-22 00:00:00,2026-02-11 00:00:00,2,138,416,3,2,2,416.0,7
1790,3,116.34,38.78,2025-10-07 00:00:00,2026-02-11 00:00:00,3,138,127,3,2,2,63.5,7
2054,4,272.99,68.25,2025-11-17 00:00:00,2026-02-11 00:00:00,3,138,86,3,3,3,28.7,9
2712,6,319.5,53.25,2024-04-05 00:00:00,2026-02-11 00:00:00,5,138,677,3,3,3,135.4,9
2170,8,431.48,53.94,2025-03-30 00:00:00,2026-02-11 00:00:00,4,138,318,3,4,3,45.4,10
2241,8,489.72,61.22,2024-10-20 00:00:00,2026-02-11 00:00:00,5,138,479,3,4,4,68.4,11
2768,10,484.23,48.42,2025-02-24 00:00:00,2026-02-11 00:00:00,6,138,352,3,4,4,39.1,11
334,10,867.73,86.77,2024-07-15 00:00:00,2026-02-11 00:00:00,5,138,576,3,4,5,64.0,12
2683,12,524.01,43.67,2025-12-09 00:00:00,2026-02-11 00:00:00,6,138,64,3,4,4,5.8,11
2481,12,612.64,51.05,2025-06-28 00:00:00,2026-02-11 00:00:00,6,138,228,3,4,4,20.7,11
1948,3,216.71,72.24,2025-09-15 00:00:00,2026-02-12 00:00:00,3,137,150,3,2,3,75.0,8
1233,4,671.15,167.79,2025-10-14 00:00:00,2026-02-12 00:00:00,4,137,121,3,3,4,40.3,10
2626,6,209.18,34.86,2025-01-04 00:00:00,2026-02-12 00:00:00,5,137,404,3,3,2,80.8,8
2567,7,440.88,62.98,2025-05-15 00:00:00,2026-02-12 00:00:00,4,137,273,3,3,3,45.5,9
2738,7,532.23,76.03,2024-10-26 00:00:00,2026-02-12 00:00:00,5,137,474,3,3,4,79.0,10
2412,7,577.22,82.46,2025-07-25 00:00:00,2026-02-12 00:00:00,4,137,202,3,3,4,33.7,10
2365,8,455.83,56.98,2026-01-08 00:00:00,2026-02-12 00:00:00,5,137,35,3,4,4,5.0,11
2508,10,554.33,55.43,2024-10-31 00:00:00,2026-02-12 00:00:00,7,137,469,3,4,4,52.1,11
2602,10,745.5,74.55,2025-01-04 00:00:00,2026-02-12 00:00:00,5,137,404,3,4,4,44.9,11
1673,1,32.76,32.76,2026-02-13 00:00:00,2026-02-13 00:00:00,1,136,0,3,1,1,,5
2643,6,260.42,43.4,2025-08-20 00:00:00,2026-02-13 00:00:00,4,136,177,3,3,3,35.4,9
2262,6,312.82,52.14,2026-01-20 00:00:00,2026-02-13 00:00:00,5,136,24,3,3,3,4.8,9
2336,6,342.46,57.08,2025-10-18 00:00:00,2026-02-13 00:00:00,5,136,118,3,3,3,23.6,9
889,9,807.26,89.7,2025-03-03 00:00:00,2026-02-13 00:00:00,6,136,347,3,4,4,43.4,11
565,16,904.86,56.55,2024-05-19 00:00:00,2026-02-13 00:00:00,6,136,635,3,5,5,42.3,13
755,21,1174.15,55.91,2024-03-19 00:00:00,2026-02-13 00:00:00,5,136,696,3,5,5,34.8,13
1449,1,17.73,17.73,2026-02-14 00:00:00,2026-02-14 00:00:00,1,135,0,3,1,1,,5
1881,1,63.8,63.8,2026-02-14 00:00:00,2026-02-14 00:00:00,1,135,0,3,1,1,,5
1483,2,101.22,50.61,2024-05-05 00:00:00,2026-02-14 00:00:00,2,135,650,3,2,2,650.0,7
1310,3,582.41,194.14,2025-10-27 00:00:00,2026-02-14 00:00:00,3,135,110,3,2,4,55.0,9
2477,4,193.01,48.25,2025-09-18 00:00:00,2026-02-14 00:00:00,4,135,149,3,2,2,49.7,7
2014,6,268.05,44.68,2025-11-03 00:00:00,2026-02-14 00:00:00,3,135,103,3,3,3,20.6,9
2019,9,259.96,28.88,2025-10-17 00:00:00,2026-02-14 00:00:00,5,135,120,3,4,3,15.0,10
414,12,988.31,82.36,2024-09-09 00:00:00,2026-02-14 00:00:00,6,135,523,3,5,5,47.5,13
1706,2,133.1,66.55,2025-12-02 00:00:00,2026-02-15 00:00:00,2,134,75,3,2,2,75.0,7
2122,6,253.26,42.21,2025-10-18 00:00:00,2026-02-15 00:00:00,5,134,120,3,3,3,24.0,9
2369,6,338.46,56.41,2024-08-24 00:00:00,2026-02-15 00:00:00,4,134,540,3,3,3,108.0,9
2686,7,383.08,54.73,2024-12-21 00:00:00,2026-02-15 00:00:00,5,134,421,3,3,3,70.2,9
2537,8,537.29,67.16,2026-01-06 00:00:00,2026-02-15 00:00:00,6,134,40,3,4,4,5.7,11
2559,9,351.89,39.1,2024-12-11 00:00:00,2026-02-15 00:00:00,6,134,431,3,4,3,53.9,10
2061,10,521.68,52.17,2024-10-23 00:00:00,2026-02-15 00:00:00,5,134,480,3,4,4,53.3,11
2276,12,560.0,46.67,2024-02-25 00:00:00,2026-02-15 00:00:00,7,134,721,3,4,4,65.5,11
652,12,826.04,68.84,2024-06-13 00:00:00,2026-02-15 00:00:00,6,134,612,3,4,4,55.6,11
2115,4,231.88,57.97,2025-11-14 00:00:00,2026-02-16 00:00:00,3,133,94,3,2,3,31.3,8
2048,10,529.17,52.92,2023-11-12 00:00:00,2026-02-16 00:00:00,4,133,827,3,4,4,91.9,11
2620,10,655.12,65.51,2025-07-26 00:00:00,2026-02-16 00:00:00,6,133,205,3,4,4,22.8,11
1028,10,777.16,77.72,2024-10-22 00:00:00,2026-02-16 00:00:00,5,133,482,3,4,4,53.6,11
980,12,533.86,44.49,2024-10-11 00:00:00,2026-02-16 00:00:00,6,133,493,3,4,4,44.8,11
2710,3,162.35,54.12,2026-01-11 00:00:00,2026-02-17 00:00:00,3,132,37,3,2,2,18.5,7
1792,6,182.62,30.44,2025-07-20 00:00:00,2026-02-17 00:00:00,5,132,212,3,3,2,42.4,8
2644,6,521.42,86.9,2024-12-04 00:00:00,2026-02-17 00:00:00,4,132,440,3,3,4,88.0,10
2436,8,372.13,46.52,2023-11-02 00:00:00,2026-02-17 00:00:00,4,132,838,3,4,3,119.7,10
2312,8,633.44,79.18,2026-01-07 00:00:00,2026-02-17 00:00:00,6,132,41,3,4,4,5.9,11
2569,9,300.82,33.42,2025-12-09 00:00:00,2026-02-17 00:00:00,3,132,70,3,4,3,8.8,10
2720,10,626.56,62.66,2024-08-09 00:00:00,2026-02-17 00:00:00,6,132,557,3,4,4,61.9,11
2480,10,666.06,66.61,2024-02-25 00:00:00,2026-02-17 00:00:00,6,132,723,3,4,4,80.3,11
2784,13,649.24,49.94,2025-01-31 00:00:00,2026-02-17 00:00:00,7,132,382,3,5,4,31.8,12
1334,2,467.83,233.91,2025-07-26 00:00:00,2026-02-18 00:00:00,2,131,207,3,2,4,207.0,9
2092,6,233.35,38.89,2025-07-27 00:00:00,2026-02-18 00:00:00,3,131,206,3,3,3,41.2,9
2707,8,182.95,22.87,2024-07-11 00:00:00,2026-02-18 00:00:00,5,131,587,3,3,2,83.9,8
2676,8,479.53,59.94,2025-11-21 00:00:00,2026-02-18 00:00:00,5,131,89,3,4,4,12.7,11
2464,8,561.17,70.15,2025-11-10 00:00:00,2026-02-18 00:00:00,4,131,100,3,4,4,14.3,11
2138,9,411.69,45.74,2025-11-23 00:00:00,2026-02-18 00:00:00,6,131,87,3,4,3,10.9,10
2084,9,786.47,87.39,2025-08-11 00:00:00,2026-02-18 00:00:00,5,131,191,3,4,4,23.9,11
2356,11,359.01,32.64,2025-03-07 00:00:00,2026-02-18 00:00:00,7,131,348,3,4,3,34.8,10
781,15,902.16,60.14,2024-02-17 00:00:00,2026-02-18 00:00:00,5,131,732,3,5,5,52.3,13
1804,1,42.02,42.02,2026-02-19 00:00:00,2026-02-19 00:00:00,1,130,0,3,1,1,,5
1714,2,101.57,50.78,2025-11-22 00:00:00,2026-02-19 00:00:00,2,130,89,3,2,2,89.0,7
2673,4,214.33,53.58,2025-12-22 00:00:00,2026-02-19 00:00:00,3,130,59,3,2,3,19.7,8
2728,7,213.36,30.48,2025-09-03 00:00:00,2026-02-19 00:00:00,5,130,169,3,3,3,28.2,9
2062,7,361.01,51.57,2024-05-11 00:00:00,2026-02-19 00:00:00,4,130,649,3,3,3,108.2,9
1240,8,1594.02,199.25,2024-06-04 00:00:00,2026-02-19 00:00:00,4,130,625,3,4,5,89.3,12
2691,9,503.84,55.98,2025-01-03 00:00:00,2026-02-19 00:00:00,6,130,412,3,4,4,51.5,11
2045,9,642.04,71.34,2025-01-27 00:00:00,2026-02-19 00:00:00,6,130,388,3,4,4,48.5,11
2617,10,492.04,49.2,2025-03-15 00:00:00,2026-02-19 00:00:00,5,130,341,3,4,4,37.9,11
1305,11,2117.14,192.47,2025-03-03 00:00:00,2026-02-19 00:00:00,5,130,353,3,4,5,35.3,12
2097,12,718.09,59.84,2025-11-21 00:00:00,2026-02-19 00:00:00,6,130,90,3,4,4,8.2,11
2476,15,942.29,62.82,2024-01-26 00:00:00,2026-02-19 00:00:00,7,130,755,3,5,5,53.9,13
200,23,1744.58,75.85,2025-01-11 00:00:00,2026-02-19 00:00:00,7,130,404,3,5,5,18.4,13
1915,2,66.49,33.24,2025-12-15 00:00:00,2026-02-20 00:00:00,2,129,67,3,1,1,67.0,5
1146,4,767.58,191.89,2025-06-07 00:00:00,2026-02-20 00:00:00,4,129,258,3,3,4,86.0,10
2504,5,340.28,68.06,2026-01-09 00:00:00,2026-02-20 00:00:00,3,129,42,3,3,3,10.5,9
2776,7,533.11,76.16,2025-12-09 00:00:00,2026-02-20 00:00:00,4,129,73,3,3,4,12.2,10
2158,8,355.67,44.46,2025-09-01 00:00:00,2026-02-20 00:00:00,5,129,172,3,4,3,24.6,10
2573,8,697.56,87.19,2026-02-01 00:00:00,2026-02-20 00:00:00,6,129,19,3,4,4,2.7,11
2275,9,422.51,46.95,2024-10-04 00:00:00,2026-02-20 00:00:00,4,129,504,3,4,3,63.0,10
1067,10,523.23,52.32,2024-03-24 00:00:00,2026-02-20 00:00:00,7,129,698,3,4,4,77.6,11
2017,11,572.09,52.01,2026-02-10 00:00:00,2026-02-20 00:00:00,6,129,10,3,4,4,1.0,11
2586,11,1074.45,97.68,2025-10-13 00:00:00,2026-02-20 00:00:00,6,129,130,3,4,5,13.0,12
2083,14,567.1,40.51,2025-05-07 00:00:00,2026-02-20 00:00:00,5,129,289,3,5,4,22.2,12
1566,1,36.18,36.18,2026-02-21 00:00:00,2026-02-21 00:00:00,1,128,0,3,1,1,,5
2165,10,612.07,61.21,2024-12-30 00:00:00,2026-02-21 00:00:00,6,128,418,3,4,4,46.4,11
2032,11,508.75,46.25,2025-10-05 00:00:00,2026-02-21 00:00:00,7,128,139,3,4,4,13.9,11
2511,14,543.35,38.81,2024-05-21 00:00:00,2026-02-21 00:00:00,6,128,641,3,5,4,49.3,12
936,16,1370.04,85.63,2024-06-09 00:00:00,2026-02-21 00:00:00,5,128,622,3,5,5,41.5,13
1808,1,19.47,19.47,2026-02-22 00:00:00,2026-02-22 00:00:00,1,127,0,3,1,1,,5
1720,3,149.78,49.93,2024-10-25 00:00:00,2026-02-22 00:00:00,3,127,485,3,2,2,242.5,7
2565,7,400.98,57.28,2024-04-25 00:00:00,2026-02-22 00:00:00,5,127,668,3,3,3,111.3,9
865,8,251.53,31.44,2024-09-24 00:00:00,2026-02-22 00:00:00,4,127,516,3,3,3,73.7,9
2187,9,393.78,43.75,2025-08-13 00:00:00,2026-02-22 00:00:00,5,127,193,3,4,3,24.1,10
2182,10,574.32,57.43,2025-12-05 00:00:00,2026-02-22 00:00:00,6,127,79,3,4,4,8.8,11
2700,13,496.35,38.18,2025-12-31 00:00:00,2026-02-22 00:00:00,5,127,53,3,5,4,4.4,12
1651,1,58.01,58.01,2026-02-23 00:00:00,2026-02-23 00:00:00,1,126,0,3,1,1,,5
1425,3,124.78,41.59,2025-09-10 00:00:00,2026-02-23 00:00:00,2,126,166,3,2,2,83.0,7
2469,6,198.84,33.14,2025-10-05 00:00:00,2026-02-23 00:00:00,6,126,141,3,3,2,28.2,8
2772,6,410.63,68.44,2026-01-21 00:00:00,2026-02-23 00:00:00,4,126,33,3,3,3,6.6,9
588,8,329.99,41.25,2025-06-26 00:00:00,2026-02-23 00:00:00,5,126,242,3,4,3,34.6,10
2313,10,619.08,61.91,2024-08-19 00:00:00,2026-02-23 00:00:00,6,126,553,3,4,4,61.4,11
2367,12,623.87,51.99,2025-09-22 00:00:00,2026-02-23 00:00:00,7,126,154,3,4,4,14.0,11
131,19,2007.72,105.67,2024-10-12 00:00:00,2026-02-23 00:00:00,7,126,499,3,5,5,27.7,13
2235,4,189.46,47.37,2025-10-18 00:00:00,2026-02-24 00:00:00,3,125,129,3,2,2,43.0,7
2299,7,423.57,60.51,2025-08-23 00:00:00,2026-02-24 00:00:00,4,125,185,3,3,3,30.8,9
1203,8,1642.17,205.27,2024-08-09 00:00:00,2026-02-24 00:00:00,6,125,564,3,4,5,80.6,12
2027,9,443.38,49.26,2023-12-31 00:00:00,2026-02-24 00:00:00,7,125,786,3,4,3,98.3,10
2713,9,669.25,74.36,2025-04-11 00:00:00,2026-02-24 00:00:00,4,125,319,3,4,4,39.9,11
2350,11,588.08,53.46,2025-02-12 00:00:00,2026-02-24 00:00:00,5,125,377,3,4,4,37.7,11
1007,11,723.05,65.73,2025-06-25 00:00:00,2026-02-24 00:00:00,6,125,244,3,4,4,24.4,11
1078,12,651.4,54.28,2024-03-10 00:00:00,2026-02-24 00:00:00,6,125,716,3,4,4,65.1,11
723,12,1053.5,87.79,2024-08-22 00:00:00,2026-02-24 00:00:00,4,125,551,3,5,5,50.1,13
66,13,1426.5,109.73,2024-03-31 00:00:00,2026-02-24 00:00:00,6,125,695,3,5,5,57.9,13
842,16,1242.22,77.64,2025-08-13 00:00:00,2026-02-24 00:00:00,6,125,195,3,5,5,13.0,13
222,25,1993.59,79.74,2024-02-26 00:00:00,2026-02-24 00:00:00,7,125,729,3,5,5,30.4,13
1373,2,345.56,172.78,2025-05-15 00:00:00,2026-02-25 00:00:00,2,124,286,3,2,3,286.0,8
2410,9,631.87,70.21,2025-11-24 00:00:00,2026-02-25 00:00:00,4,124,93,3,4,4,11.6,11
2401,10,648.54,64.85,2025-11-08 00:00:00,2026-02-25 00:00:00,5,124,109,3,4,4,12.1,11
2172,10,681.31,68.13,2026-02-02 00:00:00,2026-02-25 00:00:00,6,124,23,3,4,4,2.6,11
774,11,526.33,47.85,2025-05-07 00:00:00,2026-02-25 00:00:00,6,124,294,3,4,4,29.4,11
2102,13,539.34,41.49,2025-09-16 00:00:00,2026-02-25 00:00:00,7,124,162,3,5,4,13.5,12
1508,1,42.0,42.0,2026-02-26 00:00:00,2026-02-26 00:00:00,1,123,0,3,1,1,,5
1539,5,106.3,21.26,2025-10-01 00:00:00,2026-02-26 00:00:00,4,123,148,3,3,2,37.0,8
2724,6,236.71,39.45,2025-11-01 00:00:00,2026-02-26 00:00:00,4,123,117,3,3,3,23.4,9
2206,6,384.51,64.08,2025-09-23 00:00:00,2026-02-26 00:00:00,4,123,156,3,3,3,31.2,9
2307,7,512.94,73.28,2024-06-16 00:00:00,2026-02-26 00:00:00,4,123,620,3,3,4,103.3,10
2272,9,523.63,58.18,2024-04-29 00:00:00,2026-02-26 00:00:00,5,123,668,3,4,4,83.5,11
2181,12,753.4,62.78,2025-02-25 00:00:00,2026-02-26 00:00:00,6,123,366,3,4,4,33.3,11
940,13,1058.46,81.42,2024-08-23 00:00:00,2026-02-26 00:00:00,6,123,552,3,5,5,46.0,13
104,25,2463.44,98.54,2024-01-19 00:00:00,2026-02-26 00:00:00,7,123,769,3,5,5,32.0,13
1512,1,51.25,51.25,2026-02-27 00:00:00,2026-02-27 00:00:00,1,122,0,3,1,1,,5
1353,3,730.53,243.51,2025-12-09 00:00:00,2026-02-27 00:00:00,3,122,80,3,2,4,40.0,9
1382,5,987.94,197.59,2025-03-18 00:00:00,2026-02-27 00:00:00,4,122,346,3,3,5,86.5,11
1139,5,1522.89,304.58,2025-07-18 00:00:00,2026-02-27 00:00:00,3,122,224,3,3,5,56.0,11
2377,6,290.59,48.43,2025-09-17 00:00:00,2026-02-27 00:00:00,5,122,163,3,3,3,32.6,9
2057,11,377.72,34.34,2026-01-07 00:00:00,2026-02-27 00:00:00,5,122,51,3,4,3,5.1,10
984,11,747.0,67.91,2024-10-27 00:00:00,2026-02-27 00:00:00,6,122,488,3,4,4,48.8,11
2284,13,1048.24,80.63,2024-06-10 00:00:00,2026-02-27 00:00:00,6,122,627,3,5,5,52.3,13
2502,15,465.12,31.01,2024-09-22 00:00:00,2026-02-27 00:00:00,5,122,523,3,5,4,37.4,12
1701,1,66.15,66.15,2026-02-28 00:00:00,2026-02-28 00:00:00,1,121,0,3,1,1,,5
1689,2,136.5,68.25,2026-01-01 00:00:00,2026-02-28 00:00:00,2,121,58,3,2,2,58.0,7
1749,3,132.57,44.19,2025-11-05 00:00:00,2026-02-28 00:00:00,2,121,115,3,2,2,57.5,7
1235,3,407.25,135.75,2025-10-01 00:00:00,2026-02-28 00:00:00,2,121,150,3,2,3,75.0,8
1292,3,692.23,230.74,2025-02-01 00:00:00,2026-02-28 00:00:00,3,121,392,3,2,4,196.0,9
2246,6,514.72,85.79,2025-11-13 00:00:00,2026-02-28 00:00:00,4,121,107,3,3,4,21.4,10
2116,7,478.19,68.31,2026-02-06 00:00:00,2026-02-28 00:00:00,3,121,22,3,3,4,3.7,10
1141,7,1596.88,228.13,2025-02-14 00:00:00,2026-02-28 00:00:00,6,121,379,3,3,5,63.2,11
2263,8,254.96,31.87,2025-12-04 00:00:00,2026-02-28 00:00:00,4,121,86,3,3,3,12.3,9
888,8,411.21,51.4,2025-01-15 00:00:00,2026-02-28 00:00:00,4,121,409,3,4,3,58.4,10
2428,8,552.71,69.09,2025-12-14 00:00:00,2026-02-28 00:00:00,5,121,76,3,4,4,10.9,11
2455,10,841.55,84.16,2024-01-16 00:00:00,2026-02-28 00:00:00,4,121,774,3,4,4,86.0,11
1589,1,40.55,40.55,2026-03-01 00:00:00,2026-03-01 00:00:00,1,120,0,3,1,1,,5
1744,4,207.03,51.76,2024-12-18 00:00:00,2026-03-01 00:00:00,4,120,438,3,2,2,146.0,7
2645,6,265.88,44.31,2025-06-25 00:00:00,2026-03-01 00:00:00,4,120,249,3,3,3,49.8,9
2747,6,411.52,68.59,2025-12-02 00:00:00,2026-03-01 00:00:00,5,120,89,3,3,3,17.8,9
2218,9,734.84,81.65,2025-06-12 00:00:00,2026-03-01 00:00:00,5,120,262,3,4,4,32.8,11
2196,11,395.96,36.0,2024-08-03 00:00:00,2026-03-01 00:00:00,6,120,575,3,4,3,57.5,10
1077,12,676.58,56.38,2024-07-30 00:00:00,2026-03-01 00:00:00,5,120,579,3,4,4,52.6,11
740,12,1041.24,86.77,2024-05-26 00:00:00,2026-03-01 00:00:00,5,120,644,3,5,5,58.5,13
2257,15,939.61,62.64,2026-02-13 00:00:00,2026-03-01 00:00:00,6,120,16,3,5,5,1.1,13
1000,15,1179.14,78.61,2025-01-14 00:00:00,2026-03-01 00:00:00,5,120,411,3,5,5,29.4,13
2070,5,293.29,58.66,2025-06-26 00:00:00,2026-03-02 00:00:00,4,119,249,3,3,3,62.3,9
2550,7,337.83,48.26,2025-11-08 00:00:00,2026-03-02 00:00:00,5,119,114,3,3,3,19.0,9
2754,7,490.35,70.05,2025-02-01 00:00:00,2026-03-02 00:00:00,4,119,394,3,3,4,65.7,10
2371,9,472.37,52.49,2025-05-06 00:00:00,2026-03-02 00:00:00,3,119,300,3,4,4,37.5,11
2463,10,232.56,23.26,2025-11-08 00:00:00,2026-03-02 00:00:00,5,119,114,3,4,3,12.7,10
425,10,465.99,46.6,2025-03-24 00:00:00,2026-03-02 00:00:00,6,119,343,3,4,4,38.1,11
722,11,82.43,7.49,2024-09-12 00:00:00,2026-03-02 00:00:00,3,119,536,3,4,1,53.6,8
370,17,170.91,10.05,2024-09-08 00:00:00,2026-03-02 00:00:00,6,119,540,3,5,2,33.8,10
1626,2,81.94,40.97,2025-08-03 00:00:00,2026-03-03 00:00:00,2,118,212,3,1,1,212.0,5
2270,4,132.08,33.02,2026-01-26 00:00:00,2026-03-03 00:00:00,3,118,36,3,2,2,12.0,7
1582,4,223.28,55.82,2025-04-17 00:00:00,2026-03-03 00:00:00,3,118,320,3,2,3,106.7,8
2125,8,527.36,65.92,2024-01-25 00:00:00,2026-03-03 00:00:00,4,118,768,3,4,4,109.7,11
440,9,651.14,72.35,2024-10-16 00:00:00,2026-03-03 00:00:00,7,118,503,3,4,4,62.9,11
2239,10,769.25,76.92,2025-12-05 00:00:00,2026-03-03 00:00:00,5,118,88,3,4,4,9.8,11
670,14,547.97,39.14,2025-03-21 00:00:00,2026-03-03 00:00:00,6,118,347,3,5,4,26.7,12
1997,1,34.78,34.78,2026-03-04 00:00:00,2026-03-04 00:00:00,1,117,0,3,1,1,,5
1242,2,383.94,191.97,2025-12-30 00:00:00,2026-03-04 00:00:00,2,117,64,3,2,3,64.0,8
1228,2,481.06,240.53,2025-06-12 00:00:00,2026-03-04 00:00:00,2,117,265,3,2,4,265.0,9
1469,3,183.6,61.2,2025-10-01 00:00:00,2026-03-04 00:00:00,3,117,154,3,2,2,77.0,7
1869,5,219.28,43.86,2025-04-08 00:00:00,2026-03-04 00:00:00,4,117,330,3,3,3,82.5,9
1171,5,1573.23,314.65,2024-10-19 00:00:00,2026-03-04 00:00:00,3,117,501,3,3,5,125.3,11
2333,7,54.29,7.76,2026-01-11 00:00:00,2026-03-04 00:00:00,4,117,52,3,3,1,8.7,7
2033,7,345.57,49.37,2025-10-16 00:00:00,2026-03-04 00:00:00,5,117,139,3,3,3,23.2,9
2121,8,384.02,48.0,2025-05-11 00:00:00,2026-03-04 00:00:00,5,117,297,3,4,3,42.4,10
2167,8,469.16,58.64,2024-03-16 00:00:00,2026-03-04 00:00:00,5,117,718,3,4,4,102.6,11
1071,13,884.47,68.04,2025-03-28 00:00:00,2026-03-04 00:00:00,5,117,341,3,5,5,28.4,13
188,16,1427.95,89.25,2024-04-18 00:00:00,2026-03-04 00:00:00,7,117,685,3,5,5,45.7,13
1154,2,423.96,211.98,2025-07-22 00:00:00,2026-03-05 00:00:00,2,116,226,3,2,3,226.0,8
1921,3,190.11,63.37,2025-08-20 00:00:00,2026-03-05 00:00:00,2,116,197,3,2,2,98.5,7
1458,5,284.93,56.99,2024-08-29 00:00:00,2026-03-05 00:00:00,4,116,553,3,3,3,138.3,9
2378,5,350.38,70.08,2026-01-31 00:00:00,2026-03-05 00:00:00,3,116,33,3,3,3,8.3,9
2415,8,374.5,46.81,2025-11-11 00:00:00,2026-03-05 00:00:00,5,116,114,3,4,3,16.3,10
2663,8,502.97,62.87,2025-08-28 00:00:00,2026-03-05 00:00:00,4,116,189,3,4,4,27.0,11
2077,9,290.62,32.29,2025-12-21 00:00:00,2026-03-05 00:00:00,4,116,74,3,4,3,9.3,10
2419,9,622.0,69.11,2024-07-12 00:00:00,2026-03-05 00:00:00,5,116,601,3,4,4,75.1,11
693,12,659.85,54.99,2024-09-23 00:00:00,2026-03-05 00:00:00,6,116,528,3,4,4,48.0,11
1888,5,126.04,25.21,2025-04-14 00:00:00,2026-03-06 00:00:00,3,115,326,3,3,2,81.5,8
2324,5,340.47,68.09,2025-11-11 00:00:00,2026-03-06 00:00:00,4,115,115,3,3,3,28.8,9
1147,6,1754.0,292.33,2025-03-03 00:00:00,2026-03-06 00:00:00,4,115,368,3,3,5,73.6,11
680,7,349.39,49.91,2025-02-19 00:00:00,2026-03-06 00:00:00,5,115,380,3,3,3,63.3,9
2317,10,710.13,71.01,2025-04-10 00:00:00,2026-03-06 00:00:00,7,115,330,3,4,4,36.7,11
2446,11,458.03,41.64,2025-12-08 00:00:00,2026-03-06 00:00:00,5,115,88,3,4,4,8.8,11
1008,17,1262.9,74.29,2024-02-19 00:00:00,2026-03-06 00:00:00,6,115,746,3,5,5,46.6,13
53,26,2075.95,79.84,2024-10-13 00:00:00,2026-03-06 00:00:00,7,115,509,3,5,5,20.4,13
1598,3,197.86,65.95,2025-10-05 00:00:00,2026-03-07 00:00:00,2,114,153,3,2,2,76.5,7
1806,3,212.14,70.71,2025-12-12 00:00:00,2026-03-07 00:00:00,2,114,85,3,2,3,42.5,8
2487,4,258.86,64.72,2026-02-18 00:00:00,2026-03-07 00:00:00,3,114,17,3,2,3,5.7,8
1212,5,1228.18,245.64,2025-10-03 00:00:00,2026-03-07 00:00:00,5,114,155,3,3,5,38.8,11
2690,7,408.84,58.41,2025-12-28 00:00:00,2026-03-07 00:00:00,5,114,69,3,3,3,11.5,9
2536,10,806.7,80.67,2026-02-18 00:00:00,2026-03-07 00:00:00,7,114,17,3,4,4,1.9,11
947,12,823.7,68.64,2024-03-18 00:00:00,2026-03-07 00:00:00,5,114,719,3,4,4,65.4,11
1700,1,35.88,35.88,2026-03-08 00:00:00,2026-03-08 00:00:00,1,113,0,3,1,1,,5
1995,3,147.02,49.01,2026-01-28 00:00:00,2026-03-08 00:00:00,2,113,39,3,2,2,19.5,7
1616,4,75.48,18.87,2025-10-05 00:00:00,2026-03-08 00:00:00,2,113,154,3,2,1,51.3,6
2332,6,112.3,18.72,2025-10-21 00:00:00,2026-03-08 00:00:00,5,113,138,3,3,2,27.6,8
814,12,376.22,31.35,2024-08-19 00:00:00,2026-03-08 00:00:00,5,113,566,3,4,3,51.5,10
1533,1,63.67,63.67,2026-03-09 00:00:00,2026-03-09 00:00:00,1,112,0,3,1,1,,5
2495,5,282.87,56.57,2025-06-08 00:00:00,2026-03-09 00:00:00,4,112,274,3,3,3,68.5,9
2615,7,525.49,75.07,2025-12-28 00:00:00,2026-03-09 00:00:00,4,112,71,3,3,4,11.8,10
2227,9,787.87,87.54,2025-10-02 00:00:00,2026-03-09 00:00:00,5,112,158,3,4,4,19.8,11
2577,10,479.15,47.91,2025-10-15 00:00:00,2026-03-09 00:00:00,6,112,145,3,4,4,16.1,11
715,13,837.33,64.41,2024-06-11 00:00:00,2026-03-09 00:00:00,6,112,636,3,5,4,53.0,12
1699,2,60.42,30.21,2026-01-26 00:00:00,2026-03-10 00:00:00,2,111,43,3,1,1,43.0,5
1920,2,154.52,77.26,2025-02-09 00:00:00,2026-03-10 00:00:00,2,111,394,3,2,2,394.0,7
1390,10,1606.52,160.65,2024-09-16 00:00:00,2026-03-10 00:00:00,5,111,540,3,4,5,60.0,12
1153,3,730.17,243.39,2025-05-23 00:00:00,2026-03-11 00:00:00,2,110,292,3,2,4,146.0,9
1463,4,179.55,44.89,2025-06-25 00:00:00,2026-03-11 00:00:00,2,110,259,3,2,2,86.3,7
1170,4,947.82,236.96,2025-08-02 00:00:00,2026-03-11 00:00:00,3,110,221,3,3,5,73.7,11
1205,6,1161.07,193.51,2025-01-23 00:00:00,2026-03-11 00:00:00,4,110,412,3,3,5,82.4,11
2147,7,385.5,55.07,2025-08-18 00:00:00,2026-03-11 00:00:00,5,110,205,3,3,3,34.2,9
2343,10,494.8,49.48,2025-05-08 00:00:00,2026-03-11 00:00:00,6,110,307,3,4,4,34.1,11
2380,11,537.75,48.89,2025-07-08 00:00:00,2026-03-11 00:00:00,5,110,246,3,4,4,24.6,11
2107,12,403.21,33.6,2026-01-17 00:00:00,2026-03-11 00:00:00,6,110,53,3,4,3,4.8,10
2213,15,907.6,60.51,2025-04-14 00:00:00,2026-03-11 00:00:00,6,110,331,3,5,5,23.6,13
38,20,1620.0,81.0,2024-04-26 00:00:00,2026-03-11 00:00:00,6,110,684,3,5,5,36.0,13
1564,2,56.24,28.12,2025-12-18 00:00:00,2026-03-12 00:00:00,1,109,84,3,1,1,84.0,5
2618,6,337.31,56.22,2024-01-30 00:00:00,2026-03-12 00:00:00,4,109,772,3,3,3,154.4,9
2719,6,380.74,63.46,2025-10-10 00:00:00,2026-03-12 00:00:00,4,109,153,3,3,3,30.6,9
2148,7,285.1,40.73,2024-07-28 00:00:00,2026-03-12 00:00:00,4,109,592,3,3,3,98.7,9
2156,7,373.85,53.41,2026-01-26 00:00:00,2026-03-12 00:00:00,4,109,45,3,3,3,7.5,9
2789,7,384.62,54.95,2024-08-03 00:00:00,2026-03-12 00:00:00,5,109,586,3,3,3,97.7,9
2383,7,453.35,64.76,2024-08-18 00:00:00,2026-03-12 00:00:00,5,109,571,3,3,3,95.2,9
569,12,1140.43,95.04,2024-08-17 00:00:00,2026-03-12 00:00:00,6,109,572,3,5,5,52.0,13
358,17,765.11,45.01,2025-08-27 00:00:00,2026-03-12 00:00:00,5,109,197,3,5,4,12.3,12
1635,1,52.12,52.12,2026-03-13 00:00:00,2026-03-13 00:00:00,1,108,0,3,1,1,,5
1622,2,123.08,61.54,2025-10-01 00:00:00,2026-03-13 00:00:00,2,108,163,3,2,2,163.0,7
2629,3,96.33,32.11,2026-01-10 00:00:00,2026-03-13 00:00:00,3,108,62,3,2,2,31.0,7
1518,4,78.17,19.54,2025-01-11 00:00:00,2026-03-13 00:00:00,3,108,426,3,2,1,142.0,6
617,6,411.85,68.64,2025-11-14 00:00:00,2026-03-13 00:00:00,5,108,119,3,3,3,23.8,9
2101,8,165.3,20.66,2025-12-27 00:00:00,2026-03-13 00:00:00,4,108,76,4,3,2,10.9,9
502,11,383.59,34.87,2024-09-08 00:00:00,2026-03-13 00:00:00,6,108,551,4,4,3,55.1,11
2454,11,647.67,58.88,2025-10-20 00:00:00,2026-03-13 00:00:00,7,108,144,4,4,4,14.4,12
509,13,323.02,24.85,2025-06-20 00:00:00,2026-03-13 00:00:00,7,108,266,4,5,3,22.2,12
2718,13,801.83,61.68,2025-03-07 00:00:00,2026-03-13 00:00:00,4,108,371,4,5,4,30.9,13
1453,1,55.98,55.98,2026-03-14 00:00:00,2026-03-14 00:00:00,1,107,0,4,1,1,,6
1514,1,60.37,60.37,2026-03-14 00:00:00,2026-03-14 00:00:00,1,107,0,4,1,1,,6
1193,3,681.14,227.05,2025-11-19 00:00:00,2026-03-14 00:00:00,2,107,115,4,2,4,57.5,10
2440,5,249.76,49.95,2025-05-28 00:00:00,2026-03-14 00:00:00,4,107,290,4,3,3,72.5,10
2397,7,431.0,61.57,2025-03-24 00:00:00,2026-03-14 00:00:00,4,107,355,4,3,3,59.2,10
2584,8,470.83,58.85,2025-10-08 00:00:00,2026-03-14 00:00:00,6,107,157,4,4,4,22.4,12
2290,9,460.36,51.15,2024-11-15 00:00:00,2026-03-14 00:00:00,4,107,484,4,4,4,60.5,12
2705,9,712.42,79.16,2025-08-31 00:00:00,2026-03-14 00:00:00,5,107,195,4,4,4,24.4,12
746,10,781.44,78.14,2025-01-05 00:00:00,2026-03-14 00:00:00,6,107,433,4,4,4,48.1,12
1018,12,426.95,35.58,2024-10-09 00:00:00,2026-03-14 00:00:00,5,107,521,4,4,3,47.4,11
2675,13,982.47,75.57,2024-05-18 00:00:00,2026-03-14 00:00:00,7,107,665,4,5,5,55.4,14
304,21,1764.59,84.03,2024-04-22 00:00:00,2026-03-14 00:00:00,6,107,691,4,5,5,34.5,14
1594,1,58.11,58.11,2026-03-15 00:00:00,2026-03-15 00:00:00,1,106,0,4,1,1,,6
1515,1,58.67,58.67,2026-03-15 00:00:00,2026-03-15 00:00:00,1,106,0,4,1,1,,6
2399,5,206.18,41.24,2025-08-03 00:00:00,2026-03-15 00:00:00,3,106,224,4,3,2,56.0,9
2234,5,256.53,51.31,2025-12-26 00:00:00,2026-03-15 00:00:00,4,106,79,4,3,3,19.8,10
1691,5,286.83,57.37,2024-07-31 00:00:00,2026-03-15 00:00:00,4,106,592,4,3,3,148.0,10
1274,5,1396.25,279.25,2025-06-18 00:00:00,2026-03-15 00:00:00,5,106,270,4,3,5,67.5,12
2604,6,363.15,60.52,2024-11-09 00:00:00,2026-03-15 00:00:00,5,106,491,4,3,3,98.2,10
967,9,131.97,14.66,2024-12-01 00:00:00,2026-03-15 00:00:00,7,106,469,4,4,2,58.6,10
1728,3,110.3,36.77,2025-11-22 00:00:00,2026-03-16 00:00:00,2,105,114,4,2,2,57.0,8
1173,5,514.34,102.87,2024-07-02 00:00:00,2026-03-16 00:00:00,4,105,622,4,3,4,155.5,11
2456,8,583.95,72.99,2026-02-24 00:00:00,2026-03-16 00:00:00,6,105,20,4,4,4,2.9,12
2773,11,484.29,44.03,2026-01-14 00:00:00,2026-03-16 00:00:00,7,105,61,4,4,4,6.1,12
327,12,698.29,58.19,2024-02-14 00:00:00,2026-03-16 00:00:00,4,105,761,4,4,4,69.2,12
994,18,1258.78,69.93,2024-02-16 00:00:00,2026-03-16 00:00:00,7,105,759,4,5,5,44.6,14
1761,1,44.88,44.88,2026-03-17 00:00:00,2026-03-17 00:00:00,1,104,0,4,1,1,,6
1531,1,83.92,83.92,2026-03-17 00:00:00,2026-03-17 00:00:00,1,104,0,4,1,2,,7
1770,2,91.88,45.94,2026-02-06 00:00:00,2026-03-17 00:00:00,2,104,39,4,1,2,39.0,7
1457,2,97.4,48.7,2025-01-28 00:00:00,2026-03-17 00:00:00,2,104,413,4,2,2,413.0,8
1204,4,864.93,216.23,2025-07-13 00:00:00,2026-03-17 00:00:00,4,104,247,4,3,5,82.3,12
2072,9,495.69,55.08,2024-02-01 00:00:00,2026-03-17 00:00:00,7,104,775,4,4,4,96.9,12
560,10,522.63,52.26,2024-06-30 00:00:00,2026-03-17 00:00:00,6,104,625,4,4,4,69.4,12
2087,15,1014.46,67.63,2024-02-09 00:00:00,2026-03-17 00:00:00,6,104,767,4,5,5,54.8,14
1958,1,42.74,42.74,2026-03-18 00:00:00,2026-03-18 00:00:00,1,103,0,4,1,1,,6
1874,1,63.64,63.64,2026-03-18 00:00:00,2026-03-18 00:00:00,1,103,0,4,1,1,,6
1201,2,173.91,86.95,2026-02-21 00:00:00,2026-03-18 00:00:00,2,103,25,4,2,2,25.0,8
2053,4,259.0,64.75,2025-11-07 00:00:00,2026-03-18 00:00:00,3,103,131,4,3,3,43.7,10
2008,9,468.82,52.09,2025-08-03 00:00:00,2026-03-18 00:00:00,5,103,227,4,4,4,28.4,12
2022,9,729.88,81.1,2025-11-13 00:00:00,2026-03-18 00:00:00,4,103,125,4,4,4,15.6,12
2250,10,415.9,41.59,2026-01-11 00:00:00,2026-03-18 00:00:00,5,103,66,4,4,3,7.3,11
643,15,648.95,43.26,2025-03-18 00:00:00,2026-03-18 00:00:00,6,103,365,4,5,4,26.1,13
167,28,1984.19,70.86,2024-05-26 00:00:00,2026-03-18 00:00:00,7,103,661,4,5,5,24.5,14
1908,1,85.19,85.19,2026-03-19 00:00:00,2026-03-19 00:00:00,1,102,0,4,1,2,,7
1722,2,75.39,37.7,2025-09-24 00:00:00,2026-03-19 00:00:00,2,102,176,4,1,1,176.0,6
2486,7,461.67,65.95,2025-10-06 00:00:00,2026-03-19 00:00:00,4,102,164,4,3,4,27.3,11
1352,7,1607.52,229.65,2024-03-09 00:00:00,2026-03-19 00:00:00,4,102,740,4,3,5,123.3,12
2431,9,681.07,75.67,2025-09-22 00:00:00,2026-03-19 00:00:00,4,102,178,4,4,4,22.3,12
2230,11,475.25,43.2,2026-02-06 00:00:00,2026-03-19 00:00:00,4,102,41,4,4,4,4.1,12
1157,11,3884.92,353.17,2024-11-24 00:00:00,2026-03-19 00:00:00,5,102,480,4,4,5,48.0,13
2524,14,477.93,34.14,2024-03-27 00:00:00,2026-03-19 00:00:00,6,102,722,4,5,4,55.5,13
858,18,1429.29,79.41,2024-04-21 00:00:00,2026-03-19 00:00:00,7,102,697,4,5,5,41.0,14
1780,2,87.52,43.76,2025-10-03 00:00:00,2026-03-20 00:00:00,2,101,168,4,1,2,168.0,7
1221,5,837.26,167.45,2024-11-13 00:00:00,2026-03-20 00:00:00,2,101,492,4,3,4,123.0,11
2018,8,621.48,77.69,2025-05-07 00:00:00,2026-03-20 00:00:00,4,101,317,4,4,4,45.3,12
437,9,475.4,52.82,2025-09-08 00:00:00,2026-03-20 00:00:00,6,101,193,4,4,4,24.1,12
790,13,870.2,66.94,2024-09-30 00:00:00,2026-03-20 00:00:00,5,101,536,4,5,5,44.7,14
902,16,665.78,41.61,2025-01-20 00:00:00,2026-03-20 00:00:00,7,101,424,4,5,4,28.3,13
1938,1,39.25,39.25,2026-03-21 00:00:00,2026-03-21 00:00:00,1,100,0,4,1,1,,6
1880,2,102.35,51.17,2024-10-29 00:00:00,2026-03-21 00:00:00,2,100,508,4,2,2,508.0,8
1646,2,120.62,60.31,2026-03-17 00:00:00,2026-03-21 00:00:00,2,100,4,4,2,2,4.0,8
1195,5,1278.36,255.67,2025-02-01 00:00:00,2026-03-21 00:00:00,3,100,413,4,3,5,103.3,12
2194,6,253.1,42.18,2025-11-30 00:00:00,2026-03-21 00:00:00,4,100,111,4,3,3,22.2,10
2488,10,186.27,18.63,2026-02-17 00:00:00,2026-03-21 00:00:00,5,100,32,4,4,2,3.6,10
713,13,669.32,51.49,2024-08-18 00:00:00,2026-03-21 00:00:00,6,100,580,4,5,4,48.3,13
857,14,702.65,50.19,2025-09-11 00:00:00,2026-03-21 00:00:00,7,100,191,4,5,4,14.7,13
872,17,902.62,53.1,2024-06-08 00:00:00,2026-03-21 00:00:00,7,100,651,4,5,5,40.7,14
1694,2,70.95,35.47,2026-03-14 00:00:00,2026-03-22 00:00:00,2,99,8,4,1,1,8.0,6
1218,3,729.46,243.15,2025-11-15 00:00:00,2026-03-22 00:00:00,2,99,127,4,2,4,63.5,10
2200,7,400.1,57.16,2025-01-16 00:00:00,2026-03-22 00:00:00,5,99,430,4,3,3,71.7,10
2310,7,495.76,70.82,2025-08-29 00:00:00,2026-03-22 00:00:00,5,99,205,4,3,4,34.2,11
939,10,747.54,74.75,2024-10-29 00:00:00,2026-03-22 00:00:00,7,99,509,4,4,4,56.6,12
2265,14,415.21,29.66,2026-03-02 00:00:00,2026-03-22 00:00:00,7,99,20,4,5,3,1.5,12
1977,1,94.27,94.27,2026-03-23 00:00:00,2026-03-23 00:00:00,1,98,0,4,1,2,,7
1541,2,91.2,45.6,2026-02-01 00:00:00,2026-03-23 00:00:00,1,98,50,4,1,2,50.0,7
1903,2,158.51,79.25,2025-04-12 00:00:00,2026-03-23 00:00:00,1,98,345,4,2,2,345.0,8
1301,4,880.36,220.09,2025-10-14 00:00:00,2026-03-23 00:00:00,3,98,160,4,3,5,53.3,12
1126,4,1129.95,282.49,2024-12-03 00:00:00,2026-03-23 00:00:00,2,98,475,4,3,5,158.3,12
1387,8,1496.84,187.1,2025-05-18 00:00:00,2026-03-23 00:00:00,4,98,309,4,4,5,44.1,13
2216,9,517.95,57.55,2026-01-13 00:00:00,2026-03-23 00:00:00,3,98,69,4,4,4,8.6,12
602,11,943.25,85.75,2024-09-04 00:00:00,2026-03-23 00:00:00,4,98,565,4,4,5,56.5,13
2451,12,607.61,50.63,2026-01-03 00:00:00,2026-03-23 00:00:00,6,98,79,4,4,4,7.2,12
2566,12,611.58,50.97,2024-02-23 00:00:00,2026-03-23 00:00:00,6,98,759,4,4,4,69.0,12
2449,12,815.24,67.94,2025-02-26 00:00:00,2026-03-23 00:00:00,5,98,390,4,4,4,35.5,12
997,15,894.55,59.64,2024-03-20 00:00:00,2026-03-23 00:00:00,7,98,733,4,5,5,52.4,14
89,27,3293.67,121.99,2025-01-17 00:00:00,2026-03-23 00:00:00,7,98,430,4,5,5,16.5,14
1839,2,104.92,52.46,2026-03-05 00:00:00,2026-03-24 00:00:00,2,97,19,4,2,2,19.0,8
1766,4,198.65,49.66,2025-07-19 00:00:00,2026-03-24 00:00:00,2,97,248,4,2,2,82.7,8
2642,5,228.3,45.66,2025-07-11 00:00:00,2026-03-24 00:00:00,4,97,256,4,3,3,64.0,10
2516,6,199.51,33.25,2026-02-17 00:00:00,2026-03-24 00:00:00,4,97,35,4,3,2,7.0,9
1043,19,597.33,31.44,2024-07-17 00:00:00,2026-03-24 00:00:00,7,97,615,4,5,4,34.2,13
1532,5,203.23,40.65,2024-09-09 00:00:00,2026-03-25 00:00:00,4,96,562,4,3,2,140.5,9
33,16,1433.96,89.62,2025-06-11 00:00:00,2026-03-25 00:00:00,7,96,287,4,5,5,19.1,14
122,17,2510.48,147.68,2024-05-30 00:00:00,2026-03-25 00:00:00,7,96,664,4,5,5,41.5,14
236,22,2495.9,113.45,2024-12-15 00:00:00,2026-03-25 00:00:00,7,96,465,4,5,5,22.1,14
55,24,2800.41,116.68,2024-06-27 00:00:00,2026-03-25 00:00:00,7,96,636,4,5,5,27.7,14
1442,1,61.78,61.78,2026-03-26 00:00:00,2026-03-26 00:00:00,1,95,0,4,1,1,,6
1426,2,107.14,53.57,2026-03-02 00:00:00,2026-03-26 00:00:00,2,95,24,4,2,2,24.0,8
1380,4,1033.46,258.37,2025-02-12 00:00:00,2026-03-26 00:00:00,3,95,407,4,3,5,135.7,12
2650,5,404.2,80.84,2026-01-28 00:00:00,2026-03-26 00:00:00,3,95,57,4,3,3,14.3,10
747,6,623.79,103.96,2025-11-30 00:00:00,2026-03-26 00:00:00,4,95,116,4,3,4,23.2,11
2274,7,277.28,39.61,2026-02-03 00:00:00,2026-03-26 00:00:00,5,95,51,4,3,3,8.5,10
2526,7,310.02,44.29,2025-04-02 00:00:00,2026-03-26 00:00:00,6,95,358,4,3,3,59.7,10
1394,8,1042.94,130.37,2025-02-18 00:00:00,2026-03-26 00:00:00,5,95,401,4,4,5,57.3,13
2786,10,463.13,46.31,2025-05-20 00:00:00,2026-03-26 00:00:00,5,95,310,4,4,4,34.4,12
718,10,521.0,52.1,2024-03-12 00:00:00,2026-03-26 00:00:00,6,95,744,4,4,4,82.7,12
563,13,784.84,60.37,2024-06-19 00:00:00,2026-03-26 00:00:00,5,95,645,4,5,4,53.8,13
1873,1,67.91,67.91,2026-03-27 00:00:00,2026-03-27 00:00:00,1,94,0,4,1,1,,6
1736,4,205.04,51.26,2026-02-04 00:00:00,2026-03-27 00:00:00,2,94,51,4,2,2,17.0,8
1954,5,218.42,43.68,2024-10-12 00:00:00,2026-03-27 00:00:00,3,94,531,4,3,3,132.8,10
457,7,302.33,43.19,2024-11-15 00:00:00,2026-03-27 00:00:00,3,94,497,4,3,3,82.8,10
2003,8,339.55,42.44,2026-02-15 00:00:00,2026-03-27 00:00:00,5,94,40,4,4,3,5.7,11
2044,8,427.21,53.4,2026-01-19 00:00:00,2026-03-27 00:00:00,5,94,67,4,4,3,9.6,11
2328,11,746.16,67.83,2025-12-09 00:00:00,2026-03-27 00:00:00,6,94,108,4,4,4,10.8,12
1011,14,973.43,69.53,2024-04-20 00:00:00,2026-03-27 00:00:00,6,94,706,4,5,5,54.3,14
178,19,1552.29,81.7,2024-04-08 00:00:00,2026-03-27 00:00:00,6,94,718,4,5,5,39.9,14
1683,2,90.87,45.44,2025-12-27 00:00:00,2026-03-28 00:00:00,2,93,91,4,1,2,91.0,7
1733,3,122.75,40.92,2025-01-15 00:00:00,2026-03-28 00:00:00,3,93,437,4,2,2,218.5,8
1818,3,126.57,42.19,2025-07-05 00:00:00,2026-03-28 00:00:00,2,93,266,4,2,2,133.0,8
1811,3,223.21,74.4,2026-01-15 00:00:00,2026-03-28 00:00:00,2,93,72,4,2,3,36.0,9
1162,3,773.02,257.67,2025-08-21 00:00:00,2026-03-28 00:00:00,3,93,219,4,2,4,109.5,10
1325,3,853.83,284.61,2025-05-20 00:00:00,2026-03-28 00:00:00,3,93,312,4,2,4,156.0,10
985,8,572.64,71.58,2025-07-03 00:00:00,2026-03-28 00:00:00,5,93,268,4,4,4,38.3,12
410,9,488.36,54.26,2024-11-21 00:00:00,2026-03-28 00:00:00,4,93,492,4,4,4,61.5,12
1278,2,464.88,232.44,2026-01-19 00:00:00,2026-03-29 00:00:00,1,92,69,4,2,4,69.0,10
2063,6,302.93,50.49,2025-10-05 00:00:00,2026-03-29 00:00:00,3,92,175,4,3,3,35.0,10
2752,8,483.13,60.39,2025-11-14 00:00:00,2026-03-29 00:00:00,5,92,135,4,4,4,19.3,12
1210,8,2865.11,358.14,2025-06-09 00:00:00,2026-03-29 00:00:00,5,92,293,4,4,5,41.9,13
339,9,342.68,38.08,2025-06-10 00:00:00,2026-03-29 00:00:00,3,92,292,4,4,3,36.5,11
1130,9,3013.08,334.79,2024-07-11 00:00:00,2026-03-29 00:00:00,5,92,626,4,4,5,78.3,13
559,14,1019.95,72.85,2024-03-06 00:00:00,2026-03-29 00:00:00,5,92,753,4,5,5,57.9,14
1052,16,1039.22,64.95,2024-04-28 00:00:00,2026-03-29 00:00:00,7,92,700,4,5,5,46.7,14
1822,1,43.91,43.91,2026-03-30 00:00:00,2026-03-30 00:00:00,1,91,0,4,1,1,,6
1549,3,155.91,51.97,2025-07-17 00:00:00,2026-03-30 00:00:00,3,91,256,4,2,2,128.0,8
2164,4,110.72,27.68,2025-07-31 00:00:00,2026-03-30 00:00:00,3,91,242,4,2,2,80.7,8
1445,4,195.22,48.8,2025-08-07 00:00:00,2026-03-30 00:00:00,3,91,235,4,2,2,78.3,8
1835,5,175.49,35.1,2025-09-21 00:00:00,2026-03-30 00:00:00,3,91,190,4,3,2,47.5,9
1202,8,2795.83,349.48,2025-09-17 00:00:00,2026-03-30 00:00:00,4,91,194,4,4,5,27.7,13
1269,12,3316.76,276.4,2024-05-27 00:00:00,2026-03-30 00:00:00,4,91,672,4,5,5,61.1,14
855,13,861.52,66.27,2024-10-08 00:00:00,2026-03-30 00:00:00,5,91,538,4,5,4,44.8,13
761,15,779.57,51.97,2024-09-28 00:00:00,2026-03-30 00:00:00,6,91,548,4,5,4,39.1,13
430,16,684.64,42.79,2024-06-01 00:00:00,2026-03-30 00:00:00,7,91,667,4,5,4,44.5,13
1838,3,54.32,18.11,2025-06-18 00:00:00,2026-03-31 00:00:00,2,90,286,4,2,1,143.0,7
1481,3,148.8,49.6,2025-11-08 00:00:00,2026-03-31 00:00:00,3,90,143,4,2,2,71.5,8
2071,5,192.09,38.42,2025-01-13 00:00:00,2026-03-31 00:00:00,3,90,442,4,3,2,110.5,9
687,7,475.34,67.91,2025-04-08 00:00:00,2026-03-31 00:00:00,6,90,357,4,3,4,59.5,11
3,21,2357.5,112.26,2025-03-25 00:00:00,2026-03-31 00:00:00,7,90,371,4,5,5,18.6,14
1851,1,8.47,8.47,2026-04-01 00:00:00,2026-04-01 00:00:00,1,89,0,4,1,1,,6
1875,1,45.21,45.21,2026-04-01 00:00:00,2026-04-01 00:00:00,1,89,0,4,1,1,,6
1777,3,105.94,35.31,2025-11-06 00:00:00,2026-04-01 00:00:00,3,89,146,4,2,2,73.0,8
1672,5,124.29,24.86,2025-08-02 00:00:00,2026-04-01 00:00:00,3,89,242,4,3,2,60.5,9
1391,5,1207.42,241.48,2024-12-22 00:00:00,2026-04-01 00:00:00,4,89,465,4,3,5,116.3,12
2630,7,66.21,9.46,2026-03-01 00:00:00,2026-04-01 00:00:00,6,89,31,4,3,1,5.2,8
2785,10,307.19,30.72,2026-03-05 00:00:00,2026-04-01 00:00:00,5,89,27,4,4,3,3.0,11
1796,2,71.32,35.66,2025-12-28 00:00:00,2026-04-02 00:00:00,1,88,95,4,1,1,95.0,6
1863,2,121.28,60.64,2025-11-16 00:00:00,2026-04-02 00:00:00,2,88,137,4,2,2,137.0,8
1775,4,221.28,55.32,2025-11-13 00:00:00,2026-04-02 00:00:00,3,88,140,4,2,3,46.7,9
1282,5,1343.07,268.61,2024-02-27 00:00:00,2026-04-02 00:00:00,4,88,765,4,3,5,191.3,12
1340,6,1592.45,265.41,2025-08-28 00:00:00,2026-04-02 00:00:00,5,88,217,4,3,5,43.4,12
517,8,256.58,32.07,2024-11-16 00:00:00,2026-04-02 00:00:00,6,88,502,4,3,3,71.7,10
469,11,714.58,64.96,2024-08-19 00:00:00,2026-04-02 00:00:00,6,88,591,4,4,4,59.1,12
937,12,846.38,70.53,2024-09-08 00:00:00,2026-04-02 00:00:00,6,88,571,4,4,4,51.9,12
1085,19,1305.64,68.72,2024-11-26 00:00:00,2026-04-02 00:00:00,6,88,492,4,5,5,27.3,14
1794,4,194.76,48.69,2024-09-27 00:00:00,2026-04-03 00:00:00,4,87,553,4,2,2,184.3,8
972,13,587.05,45.16,2024-05-11 00:00:00,2026-04-03 00:00:00,5,87,692,4,5,4,57.7,13
1967,2,57.1,28.55,2025-03-06 00:00:00,2026-04-04 00:00:00,2,86,394,4,1,1,394.0,6
750,6,334.4,55.73,2024-12-19 00:00:00,2026-04-04 00:00:00,4,86,471,4,3,3,94.2,10
1038,10,457.13,45.71,2025-02-17 00:00:00,2026-04-04 00:00:00,6,86,411,4,4,4,45.7,12
1079,13,787.1,60.55,2024-08-14 00:00:00,2026-04-04 00:00:00,6,86,598,4,5,4,49.8,13
421,16,785.17,49.07,2024-03-20 00:00:00,2026-04-04 00:00:00,6,86,745,4,5,4,49.7,13
391,22,1483.02,67.41,2024-10-09 00:00:00,2026-04-04 00:00:00,7,86,542,4,5,5,25.8,14
1475,1,65.67,65.67,2026-04-05 00:00:00,2026-04-05 00:00:00,1,85,0,4,1,1,,6
1389,8,2056.13,257.02,2024-09-12 00:00:00,2026-04-05 00:00:00,4,85,570,4,4,5,81.4,13
1288,11,1532.41,139.31,2024-04-18 00:00:00,2026-04-05 00:00:00,6,85,717,4,4,5,71.7,13
625,14,799.52,57.11,2024-09-28 00:00:00,2026-04-05 00:00:00,7,85,554,4,5,4,42.6,13
710,15,627.44,41.83,2024-08-01 00:00:00,2026-04-05 00:00:00,4,85,612,4,5,4,43.7,13
525,16,1055.86,65.99,2024-02-25 00:00:00,2026-04-05 00:00:00,7,85,770,4,5,5,51.3,14
1474,4,211.15,52.79,2025-06-21 00:00:00,2026-04-06 00:00:00,4,84,289,4,2,3,96.3,9
321,8,596.03,74.5,2024-10-05 00:00:00,2026-04-06 00:00:00,5,84,548,4,4,4,78.3,12
1372,9,626.58,69.62,2024-09-22 00:00:00,2026-04-06 00:00:00,5,84,561,4,4,4,70.1,12
1021,11,561.9,51.08,2024-11-29 00:00:00,2026-04-06 00:00:00,6,84,493,4,4,4,49.3,12
184,22,1820.46,82.75,2025-06-10 00:00:00,2026-04-06 00:00:00,7,84,300,4,5,5,14.3,14
1914,3,69.93,23.31,2025-10-09 00:00:00,2026-04-07 00:00:00,3,83,180,4,2,1,90.0,7
1326,8,1218.11,152.26,2024-01-17 00:00:00,2026-04-07 00:00:00,5,83,811,4,4,5,115.9,13
583,13,542.41,41.72,2024-10-05 00:00:00,2026-04-07 00:00:00,7,83,549,4,5,4,45.8,13
821,18,828.41,46.02,2024-07-23 00:00:00,2026-04-07 00:00:00,7,83,623,4,5,4,36.6,13
1019,8,367.68,45.96,2024-11-12 00:00:00,2026-04-08 00:00:00,6,82,512,4,4,3,73.1,11
535,9,460.67,51.19,2025-02-07 00:00:00,2026-04-08 00:00:00,5,82,425,4,4,4,53.1,12
1255,11,2165.01,196.82,2024-08-29 00:00:00,2026-04-08 00:00:00,5,82,587,4,4,5,58.7,13
1062,15,1297.21,86.48,2025-03-09 00:00:00,2026-04-08 00:00:00,5,82,395,4,5,5,28.2,14
1420,1,22.41,22.41,2026-04-09 00:00:00,2026-04-09 00:00:00,1,81,0,4,1,1,,6
1765,1,32.96,32.96,2026-04-09 00:00:00,2026-04-09 00:00:00,1,81,0,4,1,1,,6
1786,1,48.91,48.91,2026-04-09 00:00:00,2026-04-09 00:00:00,1,81,0,4,1,1,,6
1925,2,68.05,34.02,2026-03-14 00:00:00,2026-04-09 00:00:00,2,81,26,4,1,1,26.0,6
1523,2,114.78,57.39,2025-06-08 00:00:00,2026-04-09 00:00:00,2,81,305,4,2,2,305.0,8
1674,3,135.37,45.12,2024-07-25 00:00:00,2026-04-09 00:00:00,1,81,623,4,2,2,311.5,8
679,11,657.08,59.73,2025-10-20 00:00:00,2026-04-09 00:00:00,5,81,171,4,4,4,17.1,12
867,12,866.81,72.23,2025-01-11 00:00:00,2026-04-09 00:00:00,6,81,453,4,4,5,41.2,13
1410,1,50.87,50.87,2026-04-10 00:00:00,2026-04-10 00:00:00,1,80,0,4,1,1,,6
1575,2,104.45,52.23,2025-08-02 00:00:00,2026-04-10 00:00:00,2,80,251,4,2,2,251.0,8
923,11,457.5,41.59,2024-08-25 00:00:00,2026-04-10 00:00:00,7,80,593,4,4,4,59.3,12
1107,11,589.33,53.58,2024-05-17 00:00:00,2026-04-10 00:00:00,5,80,693,4,4,4,69.3,12
1567,1,15.71,15.71,2026-04-11 00:00:00,2026-04-11 00:00:00,1,79,0,4,1,1,,6
1760,3,152.15,50.72,2025-10-22 00:00:00,2026-04-11 00:00:00,2,79,171,4,2,2,85.5,8
1901,4,149.11,37.28,2026-01-17 00:00:00,2026-04-11 00:00:00,4,79,84,4,2,2,28.0,8
776,8,256.67,32.08,2024-09-18 00:00:00,2026-04-11 00:00:00,4,79,570,4,3,3,81.4,10
404,8,359.26,44.91,2024-12-22 00:00:00,2026-04-11 00:00:00,5,79,475,4,4,3,67.9,11
756,13,702.51,54.04,2024-12-15 00:00:00,2026-04-11 00:00:00,6,79,482,4,5,4,40.2,13
1870,1,24.94,24.94,2026-04-12 00:00:00,2026-04-12 00:00:00,1,78,0,4,1,1,,6
1339,1,173.31,173.31,2026-04-12 00:00:00,2026-04-12 00:00:00,1,78,0,4,1,2,,7
1789,2,78.44,39.22,2025-12-01 00:00:00,2026-04-12 00:00:00,1,78,132,4,1,1,132.0,6
1957,3,161.9,53.97,2026-01-05 00:00:00,2026-04-12 00:00:00,2,78,97,4,2,2,48.5,8
1697,3,225.31,75.1,2026-01-15 00:00:00,2026-04-12 00:00:00,3,78,87,4,2,3,43.5,9
1177,4,472.56,118.14,2025-10-10 00:00:00,2026-04-12 00:00:00,3,78,184,4,3,4,61.3,11
1396,7,1783.55,254.79,2025-10-02 00:00:00,2026-04-12 00:00:00,6,78,192,4,3,5,32.0,12
34,11,1062.97,96.63,2024-02-21 00:00:00,2026-04-12 00:00:00,7,78,781,4,4,5,78.1,13
435,12,229.64,19.14,2025-10-10 00:00:00,2026-04-12 00:00:00,5,78,184,4,4,3,16.7,11
728,12,532.66,44.39,2024-09-11 00:00:00,2026-04-12 00:00:00,4,78,578,4,4,4,52.5,12
618,14,407.34,29.1,2024-05-15 00:00:00,2026-04-12 00:00:00,6,78,697,4,5,3,53.6,12
338,15,1117.31,74.49,2025-03-24 00:00:00,2026-04-12 00:00:00,5,78,384,4,5,5,27.4,14
1769,1,42.39,42.39,2026-04-13 00:00:00,2026-04-13 00:00:00,1,77,0,4,1,1,,6
1298,4,730.21,182.55,2026-02-04 00:00:00,2026-04-13 00:00:00,4,77,68,4,3,4,22.7,11
778,8,504.38,63.05,2024-10-16 00:00:00,2026-04-13 00:00:00,5,77,544,4,4,4,77.7,12
1152,8,960.44,120.05,2024-11-19 00:00:00,2026-04-13 00:00:00,4,77,510,4,4,5,72.9,13
1399,8,2079.23,259.9,2025-01-14 00:00:00,2026-04-13 00:00:00,4,77,454,4,4,5,64.9,13
683,10,524.26,52.43,2024-07-20 00:00:00,2026-04-13 00:00:00,5,77,632,4,4,4,70.2,12
241,22,2202.25,100.1,2025-04-24 00:00:00,2026-04-13 00:00:00,7,77,354,4,5,5,16.9,14
1460,2,88.07,44.03,2025-10-31 00:00:00,2026-04-14 00:00:00,2,76,165,4,1,2,165.0,7
1772,2,99.3,49.65,2026-03-12 00:00:00,2026-04-14 00:00:00,2,76,33,4,2,2,33.0,8
1659,4,200.32,50.08,2025-03-10 00:00:00,2026-04-14 00:00:00,4,76,400,4,2,2,133.3,8
1101,8,594.36,74.3,2024-05-20 00:00:00,2026-04-14 00:00:00,5,76,694,4,4,4,99.1,12
671,17,1051.01,61.82,2025-01-20 00:00:00,2026-04-14 00:00:00,6,76,449,4,5,5,28.1,14
1142,5,1236.85,247.37,2024-10-02 00:00:00,2026-04-15 00:00:00,3,75,560,4,3,5,140.0,12
1277,5,1568.2,313.64,2025-10-29 00:00:00,2026-04-15 00:00:00,2,75,168,4,3,5,42.0,12
610,10,652.78,65.28,2025-02-27 00:00:00,2026-04-15 00:00:00,5,75,412,4,4,4,45.8,12
1098,11,578.98,52.63,2025-08-17 00:00:00,2026-04-15 00:00:00,7,75,241,4,4,4,24.1,12
704,13,935.72,71.98,2025-08-26 00:00:00,2026-04-15 00:00:00,5,75,232,4,5,5,19.3,14
942,14,1358.72,97.05,2024-01-28 00:00:00,2026-04-15 00:00:00,7,75,808,4,5,5,62.2,14
1784,3,125.54,41.85,2025-12-31 00:00:00,2026-04-16 00:00:00,1,74,106,4,2,2,53.0,8
1709,3,141.29,47.1,2025-08-01 00:00:00,2026-04-16 00:00:00,3,74,258,4,2,2,129.0,8
1693,3,141.32,47.11,2026-01-19 00:00:00,2026-04-16 00:00:00,2,74,87,4,2,2,43.5,8
1333,4,871.49,217.87,2025-06-03 00:00:00,2026-04-16 00:00:00,3,74,317,4,3,5,105.7,12
1304,9,982.34,109.15,2024-04-21 00:00:00,2026-04-16 00:00:00,6,74,725,4,4,5,90.6,13
1633,4,181.13,45.28,2025-01-22 00:00:00,2026-04-17 00:00:00,4,73,450,4,2,2,150.0,8
1601,4,282.84,70.71,2025-09-11 00:00:00,2026-04-17 00:00:00,4,73,218,4,3,3,72.7,10
1172,4,1177.57,294.39,2026-02-13 00:00:00,2026-04-17 00:00:00,3,73,63,4,3,5,21.0,12
511,10,786.82,78.68,2025-09-11 00:00:00,2026-04-17 00:00:00,5,73,218,4,4,4,24.2,12
1336,10,3442.14,344.21,2025-10-24 00:00:00,2026-04-17 00:00:00,5,73,175,4,4,5,19.4,13
445,11,505.2,45.93,2025-05-12 00:00:00,2026-04-17 00:00:00,6,73,340,4,4,4,34.0,12
830,12,692.1,57.68,2024-10-09 00:00:00,2026-04-17 00:00:00,6,73,555,4,4,4,50.5,12
426,13,853.77,65.67,2024-04-12 00:00:00,2026-04-17 00:00:00,7,73,735,4,5,4,61.3,13
443,17,436.58,25.68,2024-03-24 00:00:00,2026-04-17 00:00:00,6,73,754,4,5,3,47.1,12
1664,1,5.0,5.0,2026-04-18 00:00:00,2026-04-18 00:00:00,1,72,0,4,1,1,,6
1985,1,46.96,46.96,2026-04-18 00:00:00,2026-04-18 00:00:00,1,72,0,4,1,1,,6
1924,3,144.67,48.22,2025-06-16 00:00:00,2026-04-18 00:00:00,3,72,306,4,2,2,153.0,8
1704,5,262.63,52.53,2024-11-24 00:00:00,2026-04-18 00:00:00,2,72,510,4,3,3,127.5,10
1374,7,1467.8,209.69,2025-07-23 00:00:00,2026-04-18 00:00:00,5,72,269,4,3,5,44.8,12
1294,9,2565.77,285.09,2026-01-10 00:00:00,2026-04-18 00:00:00,5,72,98,4,4,5,12.3,13
1001,10,675.43,67.54,2025-02-27 00:00:00,2026-04-18 00:00:00,6,72,415,4,4,4,46.1,12
458,10,742.6,74.26,2025-02-23 00:00:00,2026-04-18 00:00:00,5,72,419,4,4,4,46.6,12
841,15,1111.69,74.11,2025-02-19 00:00:00,2026-04-18 00:00:00,5,72,423,4,5,5,30.2,14
352,16,616.72,38.55,2025-01-19 00:00:00,2026-04-18 00:00:00,7,72,454,4,5,4,30.3,13
186,23,2008.23,87.31,2024-07-14 00:00:00,2026-04-18 00:00:00,7,72,643,4,5,5,29.2,14
209,25,3084.72,123.39,2024-04-30 00:00:00,2026-04-18 00:00:00,7,72,718,4,5,5,29.9,14
1254,6,1638.88,273.15,2025-07-28 00:00:00,2026-04-19 00:00:00,6,71,265,4,3,5,53.0,12
953,7,315.12,45.02,2025-02-14 00:00:00,2026-04-19 00:00:00,2,71,429,4,3,3,71.5,10
1106,9,531.78,59.09,2024-08-29 00:00:00,2026-04-19 00:00:00,6,71,598,4,4,4,74.8,12
922,11,688.03,62.55,2025-01-20 00:00:00,2026-04-19 00:00:00,5,71,454,4,4,4,45.4,12
945,14,514.43,36.74,2024-12-20 00:00:00,2026-04-19 00:00:00,7,71,485,4,5,4,37.3,13
1489,1,37.25,37.25,2026-04-20 00:00:00,2026-04-20 00:00:00,1,70,0,4,1,1,,6
1504,2,39.24,19.62,2026-03-11 00:00:00,2026-04-20 00:00:00,2,70,40,4,1,1,40.0,6
1918,5,212.35,42.47,2025-10-23 00:00:00,2026-04-20 00:00:00,3,70,179,4,3,3,44.8,10
682,7,312.59,44.66,2025-05-15 00:00:00,2026-04-20 00:00:00,5,70,340,4,3,3,56.7,10
782,10,589.76,58.98,2024-03-16 00:00:00,2026-04-20 00:00:00,4,70,765,4,4,4,85.0,12
1009,11,537.98,48.91,2024-05-30 00:00:00,2026-04-20 00:00:00,5,70,690,4,4,4,69.0,12
694,11,698.22,63.47,2024-06-08 00:00:00,2026-04-20 00:00:00,4,70,681,4,4,4,68.1,12
1409,1,38.5,38.5,2026-04-21 00:00:00,2026-04-21 00:00:00,1,69,0,4,1,1,,6
1678,1,45.45,45.45,2026-04-21 00:00:00,2026-04-21 00:00:00,1,69,0,4,1,1,,6
1677,1,66.17,66.17,2026-04-21 00:00:00,2026-04-21 00:00:00,1,69,0,4,1,1,,6
1604,3,114.69,38.23,2024-08-11 00:00:00,2026-04-21 00:00:00,2,69,618,4,2,2,309.0,8
1386,8,1638.29,204.79,2025-10-22 00:00:00,2026-04-21 00:00:00,5,69,181,4,4,5,25.9,13
744,10,753.33,75.33,2024-12-02 00:00:00,2026-04-21 00:00:00,6,69,505,4,4,4,56.1,12
356,13,630.17,48.47,2025-02-13 00:00:00,2026-04-21 00:00:00,5,69,432,4,5,4,36.0,13
816,13,634.3,48.79,2024-10-12 00:00:00,2026-04-21 00:00:00,5,69,556,4,5,4,46.3,13
894,13,1275.72,98.13,2025-01-28 00:00:00,2026-04-21 00:00:00,7,69,448,4,5,5,37.3,14
741,16,1363.92,85.25,2024-05-08 00:00:00,2026-04-21 00:00:00,7,69,713,4,5,5,47.5,14
310,20,1783.78,89.19,2025-01-10 00:00:00,2026-04-21 00:00:00,7,69,466,4,5,5,24.5,14
148,23,1811.85,78.78,2024-06-13 00:00:00,2026-04-21 00:00:00,7,69,677,4,5,5,30.8,14
1960,1,15.1,15.1,2026-04-22 00:00:00,2026-04-22 00:00:00,1,68,0,4,1,1,,6
1692,1,73.1,73.1,2026-04-22 00:00:00,2026-04-22 00:00:00,1,68,0,4,1,1,,6
1647,2,103.3,51.65,2026-03-25 00:00:00,2026-04-22 00:00:00,2,68,28,4,2,2,28.0,8
501,13,395.71,30.44,2025-02-14 00:00:00,2026-04-22 00:00:00,4,68,432,4,5,3,36.0,12
996,14,698.96,49.93,2025-04-13 00:00:00,2026-04-22 00:00:00,5,68,374,4,5,4,28.8,13
1104,18,1422.7,79.04,2024-11-07 00:00:00,2026-04-22 00:00:00,6,68,531,4,5,5,31.2,14
141,28,3099.98,110.71,2024-07-09 00:00:00,2026-04-22 00:00:00,7,68,652,4,5,5,24.1,14
1970,2,79.99,40.0,2026-02-28 00:00:00,2026-04-23 00:00:00,2,67,54,4,1,1,54.0,6
1971,3,76.42,25.47,2025-08-30 00:00:00,2026-04-23 00:00:00,3,67,236,4,2,1,118.0,7
1318,5,846.34,169.27,2025-12-17 00:00:00,2026-04-23 00:00:00,4,67,127,4,3,4,31.8,11
1160,5,1108.08,221.62,2025-05-01 00:00:00,2026-04-23 00:00:00,2,67,357,4,3,5,89.3,12
1178,6,1070.79,178.47,2025-05-17 00:00:00,2026-04-23 00:00:00,4,67,341,4,3,5,68.2,12
1158,6,1441.2,240.2,2025-07-27 00:00:00,2026-04-23 00:00:00,4,67,270,4,3,5,54.0,12
1272,6,1531.54,255.26,2024-05-12 00:00:00,2026-04-23 00:00:00,5,67,711,4,3,5,142.2,12
1044,7,278.72,39.82,2025-12-18 00:00:00,2026-04-23 00:00:00,4,67,126,4,3,3,21.0,10
1392,8,2386.68,298.33,2025-01-23 00:00:00,2026-04-23 00:00:00,5,67,455,4,4,5,65.0,13
512,10,561.31,56.13,2024-11-27 00:00:00,2026-04-23 00:00:00,6,67,512,4,4,4,56.9,12
812,14,435.5,31.11,2025-07-14 00:00:00,2026-04-23 00:00:00,7,67,283,4,5,3,21.8,12
974,14,949.65,67.83,2025-01-07 00:00:00,2026-04-23 00:00:00,6,67,471,4,5,5,36.2,14
1711,1,26.94,26.94,2026-04-24 00:00:00,2026-04-24 00:00:00,1,66,0,4,1,1,,6
1928,1,50.67,50.67,2026-04-24 00:00:00,2026-04-24 00:00:00,1,66,0,4,1,1,,6
1669,1,51.92,51.92,2026-04-24 00:00:00,2026-04-24 00:00:00,1,66,0,4,1,1,,6
1991,2,63.85,31.93,2025-02-20 00:00:00,2026-04-24 00:00:00,2,66,428,4,1,1,428.0,6
1959,4,268.11,67.03,2024-06-16 00:00:00,2026-04-24 00:00:00,2,66,677,4,3,3,225.7,10
1281,6,768.53,128.09,2024-01-09 00:00:00,2026-04-24 00:00:00,4,66,836,4,3,4,167.2,11
642,12,548.79,45.73,2024-06-09 00:00:00,2026-04-24 00:00:00,7,66,684,4,4,4,62.2,12
551,13,631.36,48.57,2024-05-17 00:00:00,2026-04-24 00:00:00,6,66,707,4,5,4,58.9,13
884,14,672.56,48.04,2025-05-30 00:00:00,2026-04-24 00:00:00,6,66,329,4,5,4,25.3,13
1464,3,197.43,65.81,2025-06-09 00:00:00,2026-04-25 00:00:00,3,65,320,4,2,2,160.0,8
1287,5,1228.73,245.75,2025-03-30 00:00:00,2026-04-25 00:00:00,4,65,391,4,3,5,97.8,12
1331,8,2638.79,329.85,2025-03-04 00:00:00,2026-04-25 00:00:00,5,65,417,4,4,5,59.6,13
1066,11,900.34,81.85,2025-03-28 00:00:00,2026-04-25 00:00:00,6,65,393,4,4,5,39.3,13
64,12,1600.35,133.36,2025-01-10 00:00:00,2026-04-25 00:00:00,7,65,470,4,5,5,42.7,14
389,13,646.52,49.73,2025-07-20 00:00:00,2026-04-25 00:00:00,6,65,279,4,5,4,23.3,13
692,15,849.11,56.61,2024-03-19 00:00:00,2026-04-25 00:00:00,5,65,767,4,5,4,54.8,13
1778,1,47.12,47.12,2026-04-26 00:00:00,2026-04-26 00:00:00,1,64,0,4,1,1,,6
1887,3,193.35,64.45,2025-01-24 00:00:00,2026-04-26 00:00:00,2,64,457,4,2,2,228.5,8
1180,4,924.86,231.22,2025-02-17 00:00:00,2026-04-26 00:00:00,3,64,433,4,3,5,144.3,12
1864,5,216.22,43.24,2025-09-03 00:00:00,2026-04-26 00:00:00,3,64,235,4,3,3,58.8,10
1275,5,1607.33,321.47,2025-12-03 00:00:00,2026-04-26 00:00:00,4,64,144,4,3,5,36.0,12
1243,6,1293.28,215.55,2025-06-16 00:00:00,2026-04-26 00:00:00,4,64,314,4,3,5,62.8,12
932,11,593.97,54.0,2025-01-12 00:00:00,2026-04-26 00:00:00,6,64,469,4,4,4,46.9,12
1058,12,604.3,50.36,2024-05-15 00:00:00,2026-04-26 00:00:00,6,64,711,4,4,4,64.6,12
372,12,688.2,57.35,2024-04-13 00:00:00,2026-04-26 00:00:00,6,64,743,4,4,4,67.5,12
561,13,1079.11,83.01,2025-03-06 00:00:00,2026-04-26 00:00:00,5,64,416,4,5,5,34.7,14
1412,1,51.94,51.94,2026-04-27 00:00:00,2026-04-27 00:00:00,1,63,0,4,1,1,,6
1383,2,438.12,219.06,2026-03-03 00:00:00,2026-04-27 00:00:00,1,63,55,4,2,3,55.0,9
1231,7,2151.12,307.3,2025-12-08 00:00:00,2026-04-27 00:00:00,5,63,140,4,3,5,23.3,12
1131,8,1820.74,227.59,2025-03-30 00:00:00,2026-04-27 00:00:00,6,63,393,4,4,5,56.1,13
1081,11,504.44,45.86,2025-03-20 00:00:00,2026-04-27 00:00:00,5,63,403,4,4,4,40.3,12
63,14,662.72,47.34,2024-11-18 00:00:00,2026-04-27 00:00:00,6,63,525,4,5,4,40.4,13
791,15,760.5,50.7,2025-04-02 00:00:00,2026-04-27 00:00:00,5,63,390,4,5,4,27.9,13
253,23,2475.68,107.64,2025-02-23 00:00:00,2026-04-27 00:00:00,6,63,428,4,5,5,19.5,14
1853,1,52.44,52.44,2026-04-28 00:00:00,2026-04-28 00:00:00,1,62,0,4,1,1,,6
1734,2,160.78,80.39,2025-07-05 00:00:00,2026-04-28 00:00:00,2,62,297,4,2,2,297.0,8
1890,3,97.57,32.52,2026-01-21 00:00:00,2026-04-28 00:00:00,3,62,97,4,2,2,48.5,8
1309,7,1404.07,200.58,2025-07-18 00:00:00,2026-04-28 00:00:00,6,62,284,4,3,5,47.3,12
973,10,812.74,81.27,2024-08-18 00:00:00,2026-04-28 00:00:00,5,62,618,4,4,4,68.7,12
1022,11,558.64,50.79,2025-06-01 00:00:00,2026-04-28 00:00:00,5,62,331,4,4,4,33.1,12
460,12,875.93,72.99,2024-09-05 00:00:00,2026-04-28 00:00:00,4,62,600,4,4,5,54.5,13
613,14,844.93,60.35,2024-08-18 00:00:00,2026-04-28 00:00:00,6,62,618,4,5,4,47.5,13
844,15,643.42,42.89,2025-04-26 00:00:00,2026-04-28 00:00:00,7,62,367,4,5,4,26.2,13
1072,16,1233.64,77.1,2025-07-03 00:00:00,2026-04-28 00:00:00,5,62,299,4,5,5,19.9,14
1444,1,38.2,38.2,2026-04-29 00:00:00,2026-04-29 00:00:00,1,61,0,4,1,1,,6
1648,2,141.46,70.73,2025-12-10 00:00:00,2026-04-29 00:00:00,1,61,140,4,2,2,140.0,8
1263,4,745.31,186.33,2024-05-27 00:00:00,2026-04-29 00:00:00,3,61,702,4,3,4,234.0,11
773,9,732.71,81.41,2025-09-01 00:00:00,2026-04-29 00:00:00,5,61,240,4,4,4,30.0,12
883,10,537.09,53.71,2025-08-06 00:00:00,2026-04-29 00:00:00,7,61,266,4,4,4,29.6,12
1068,12,513.33,42.78,2024-10-01 00:00:00,2026-04-29 00:00:00,5,61,575,4,4,4,52.3,12
317,13,1121.94,86.3,2024-10-19 00:00:00,2026-04-29 00:00:00,7,61,557,4,5,5,46.4,14
219,20,2113.12,105.66,2024-04-21 00:00:00,2026-04-29 00:00:00,5,61,738,4,5,5,38.8,14
1477,2,80.42,40.21,2026-04-28 00:00:00,2026-04-30 00:00:00,2,60,2,4,1,1,2.0,6
1844,4,332.94,83.23,2025-11-16 00:00:00,2026-04-30 00:00:00,4,60,165,4,3,3,55.0,10
1268,4,1027.36,256.84,2025-10-18 00:00:00,2026-04-30 00:00:00,4,60,194,4,3,5,64.7,12
1250,4,1206.82,301.7,2025-05-14 00:00:00,2026-04-30 00:00:00,3,60,351,4,3,5,117.0,12
962,8,578.14,72.27,2024-04-05 00:00:00,2026-04-30 00:00:00,4,60,755,4,4,4,107.9,12
544,9,456.63,50.74,2024-08-02 00:00:00,2026-04-30 00:00:00,5,60,636,4,4,4,79.5,12
1143,9,1961.87,217.99,2025-02-06 00:00:00,2026-04-30 00:00:00,5,60,448,4,4,5,56.0,13
726,10,674.15,67.41,2026-01-01 00:00:00,2026-04-30 00:00:00,4,60,119,4,4,4,13.2,12
342,11,800.7,72.79,2025-11-06 00:00:00,2026-04-30 00:00:00,6,60,175,4,4,4,17.5,12
730,11,818.69,74.43,2024-07-04 00:00:00,2026-04-30 00:00:00,6,60,665,4,4,4,66.5,12
900,13,863.86,66.45,2024-11-05 00:00:00,2026-04-30 00:00:00,6,60,541,4,5,5,45.1,14
674,18,1408.81,78.27,2025-07-25 00:00:00,2026-04-30 00:00:00,7,60,279,4,5,5,16.4,14
526,19,872.72,45.93,2024-12-05 00:00:00,2026-04-30 00:00:00,5,60,511,4,5,5,28.4,14
299,19,1086.33,57.18,2024-09-07 00:00:00,2026-04-30 00:00:00,7,60,600,4,5,5,33.3,14
15,21,2969.75,141.42,2024-07-26 00:00:00,2026-04-30 00:00:00,6,60,643,4,5,5,32.1,14
1737,1,35.25,35.25,2026-05-01 00:00:00,2026-05-01 00:00:00,1,59,0,4,1,1,,6
1579,2,78.97,39.48,2026-04-20 00:00:00,2026-05-01 00:00:00,2,59,11,4,1,1,11.0,6
1868,3,141.89,47.3,2026-03-31 00:00:00,2026-05-01 00:00:00,2,59,31,4,2,2,15.5,8
1124,5,1294.64,258.93,2025-12-13 00:00:00,2026-05-01 00:00:00,3,59,139,4,3,5,34.8,12
1267,9,1348.78,149.86,2024-08-20 00:00:00,2026-05-01 00:00:00,6,59,619,4,4,5,77.4,13
1227,9,2007.73,223.08,2024-10-30 00:00:00,2026-05-01 00:00:00,5,59,548,4,4,5,68.5,13
736,11,765.52,69.59,2025-04-12 00:00:00,2026-05-01 00:00:00,4,59,384,4,4,4,38.4,12
758,13,522.67,40.21,2024-05-11 00:00:00,2026-05-01 00:00:00,6,59,720,4,5,4,60.0,13
640,16,541.27,33.83,2024-03-07 00:00:00,2026-05-01 00:00:00,7,59,785,4,5,4,52.3,13
1962,1,38.67,38.67,2026-05-02 00:00:00,2026-05-02 00:00:00,1,58,0,4,1,1,,6
1417,3,140.43,46.81,2026-04-19 00:00:00,2026-05-02 00:00:00,3,58,13,4,2,2,6.5,8
1151,3,834.21,278.07,2026-04-02 00:00:00,2026-05-02 00:00:00,3,58,30,4,2,4,15.0,10
1247,7,2227.84,318.26,2025-10-02 00:00:00,2026-05-02 00:00:00,4,58,212,4,3,5,35.3,12
689,12,837.12,69.76,2025-05-02 00:00:00,2026-05-02 00:00:00,6,58,365,4,4,4,33.2,12
480,13,907.45,69.8,2025-10-29 00:00:00,2026-05-02 00:00:00,5,58,185,4,5,5,15.4,14
672,14,678.99,48.5,2025-10-01 00:00:00,2026-05-02 00:00:00,6,58,213,4,5,4,16.4,13
113,17,1468.11,86.36,2025-04-20 00:00:00,2026-05-02 00:00:00,7,58,377,4,5,5,23.6,14
144,22,1829.92,83.18,2024-10-05 00:00:00,2026-05-02 00:00:00,7,58,574,4,5,5,27.3,14
210,23,1991.9,86.6,2024-02-25 00:00:00,2026-05-02 00:00:00,6,58,797,4,5,5,36.2,14
1451,1,62.38,62.38,2026-05-03 00:00:00,2026-05-03 00:00:00,1,57,0,4,1,1,,6
365,4,266.54,66.64,2026-01-27 00:00:00,2026-05-03 00:00:00,3,57,96,4,3,3,32.0,10
1258,5,753.27,150.65,2026-02-05 00:00:00,2026-05-03 00:00:00,2,57,87,4,3,4,21.8,11
965,10,551.88,55.19,2025-01-14 00:00:00,2026-05-03 00:00:00,6,57,474,4,4,4,52.7,12
1069,10,597.08,59.71,2024-03-18 00:00:00,2026-05-03 00:00:00,6,57,776,4,4,4,86.2,12
1061,13,391.92,30.15,2024-08-09 00:00:00,2026-05-03 00:00:00,6,57,632,4,5,3,52.7,12
853,14,130.02,9.29,2024-10-30 00:00:00,2026-05-03 00:00:00,7,57,550,4,5,2,42.3,11
419,14,380.58,27.18,2024-05-16 00:00:00,2026-05-03 00:00:00,6,57,717,4,5,3,55.2,12
837,14,1238.33,88.45,2024-08-23 00:00:00,2026-05-03 00:00:00,5,57,618,4,5,5,47.5,14
1705,1,40.29,40.29,2026-05-04 00:00:00,2026-05-04 00:00:00,1,56,0,4,1,1,,6
1973,2,138.52,69.26,2025-12-04 00:00:00,2026-05-04 00:00:00,2,56,151,4,2,2,151.0,8
1827,2,160.87,80.44,2025-04-19 00:00:00,2026-05-04 00:00:00,2,56,380,4,2,2,380.0,8
1337,4,883.42,220.86,2024-09-23 00:00:00,2026-05-04 00:00:00,4,56,588,4,3,5,196.0,12
1384,4,989.68,247.42,2026-01-20 00:00:00,2026-05-04 00:00:00,2,56,104,4,3,5,34.7,12
1145,5,895.39,179.08,2026-02-11 00:00:00,2026-05-04 00:00:00,5,56,82,4,3,5,20.5,12
1150,9,1899.3,211.03,2025-09-08 00:00:00,2026-05-04 00:00:00,5,56,238,4,4,5,29.8,13
331,10,306.43,30.64,2025-09-15 00:00:00,2026-05-04 00:00:00,6,56,231,4,4,3,25.7,11
669,15,1107.02,73.8,2024-06-05 00:00:00,2026-05-04 00:00:00,7,56,698,4,5,5,49.9,14
897,15,1434.38,95.63,2024-06-28 00:00:00,2026-05-04 00:00:00,6,56,675,4,5,5,48.2,14
647,18,1740.14,96.67,2024-10-05 00:00:00,2026-05-04 00:00:00,7,56,576,4,5,5,33.9,14
500,19,1044.43,54.97,2025-12-03 00:00:00,2026-05-04 00:00:00,6,56,152,4,5,5,8.4,14
1482,1,56.05,56.05,2026-05-05 00:00:00,2026-05-05 00:00:00,1,55,0,4,1,1,,6
1724,2,134.01,67.0,2025-01-04 00:00:00,2026-05-05 00:00:00,2,55,486,4,2,2,486.0,8
1571,3,160.76,53.59,2026-03-20 00:00:00,2026-05-05 00:00:00,3,55,46,4,2,2,23.0,8
1323,3,519.72,173.24,2026-04-06 00:00:00,2026-05-05 00:00:00,3,55,29,4,2,4,14.5,10
1511,5,210.02,42.0,2025-04-24 00:00:00,2026-05-05 00:00:00,3,55,376,4,3,3,94.0,10
1125,5,1031.78,206.36,2026-03-12 00:00:00,2026-05-05 00:00:00,4,55,54,4,3,5,13.5,12
748,12,598.76,49.9,2025-03-15 00:00:00,2026-05-05 00:00:00,7,55,416,4,4,4,37.8,12
461,14,1472.41,105.17,2024-05-20 00:00:00,2026-05-05 00:00:00,7,55,715,4,5,5,55.0,14
112,15,906.09,60.41,2025-07-12 00:00:00,2026-05-05 00:00:00,6,55,297,4,5,5,21.2,14
864,16,883.58,55.22,2024-07-31 00:00:00,2026-05-05 00:00:00,5,55,643,4,5,5,42.9,14
1050,16,1035.51,64.72,2024-09-11 00:00:00,2026-05-05 00:00:00,3,55,601,4,5,5,40.1,14
369,17,507.04,29.83,2025-02-23 00:00:00,2026-05-05 00:00:00,7,55,436,4,5,4,27.3,13
84,21,1703.68,81.13,2025-04-16 00:00:00,2026-05-05 00:00:00,7,55,384,4,5,5,19.2,14
1657,2,48.21,24.11,2025-05-23 00:00:00,2026-05-06 00:00:00,1,54,348,4,1,1,348.0,6
911,9,173.18,19.24,2024-07-02 00:00:00,2026-05-06 00:00:00,5,54,673,4,4,2,84.1,10
708,12,699.28,58.27,2025-04-13 00:00:00,2026-05-06 00:00:00,5,54,388,4,4,4,35.3,12
348,12,741.65,61.8,2024-12-04 00:00:00,2026-05-06 00:00:00,5,54,518,4,4,4,47.1,12
1026,12,846.38,70.53,2025-04-24 00:00:00,2026-05-06 00:00:00,5,54,377,4,4,4,34.3,12
1199,12,2364.86,197.07,2024-04-17 00:00:00,2026-05-06 00:00:00,6,54,749,4,5,5,68.1,14
606,15,1088.13,72.54,2025-09-28 00:00:00,2026-05-06 00:00:00,6,54,220,4,5,5,15.7,14
968,16,1060.95,66.31,2025-05-27 00:00:00,2026-05-06 00:00:00,7,54,344,4,5,5,22.9,14
181,20,894.54,44.73,2024-06-20 00:00:00,2026-05-06 00:00:00,7,54,685,4,5,5,36.1,14
301,20,1679.85,83.99,2024-12-03 00:00:00,2026-05-06 00:00:00,5,54,519,4,5,5,27.3,14
446,23,1470.74,63.95,2025-05-21 00:00:00,2026-05-06 00:00:00,7,54,350,4,5,5,15.9,14
362,23,2101.42,91.37,2025-01-01 00:00:00,2026-05-06 00:00:00,7,54,490,4,5,5,22.3,14
50,28,1417.38,50.62,2024-03-09 00:00:00,2026-05-06 00:00:00,7,54,788,4,5,5,29.2,14
1419,2,63.87,31.93,2026-04-28 00:00:00,2026-05-07 00:00:00,2,53,9,4,1,1,9.0,6
1615,2,87.22,43.61,2026-03-14 00:00:00,2026-05-07 00:00:00,2,53,54,4,1,2,54.0,7
1234,5,1277.72,255.54,2025-08-09 00:00:00,2026-05-07 00:00:00,4,53,271,4,3,5,67.8,12
1338,6,1056.13,176.02,2024-10-17 00:00:00,2026-05-07 00:00:00,4,53,567,4,3,5,113.4,12
1156,7,1277.77,182.54,2025-07-21 00:00:00,2026-05-07 00:00:00,5,53,290,4,3,5,48.3,12
1166,8,1415.03,176.88,2024-02-29 00:00:00,2026-05-07 00:00:00,4,53,798,4,4,5,114.0,13
799,10,710.49,71.05,2025-12-02 00:00:00,2026-05-07 00:00:00,4,53,156,4,4,4,17.3,12
847,16,1261.71,78.86,2025-12-07 00:00:00,2026-05-07 00:00:00,7,53,151,4,5,5,10.1,14
562,17,549.57,32.33,2025-03-06 00:00:00,2026-05-07 00:00:00,6,53,427,4,5,4,26.7,13
1774,1,69.59,69.59,2026-05-08 00:00:00,2026-05-08 00:00:00,1,52,0,4,1,1,,6
1316,5,767.69,153.54,2026-04-09 00:00:00,2026-05-08 00:00:00,4,52,29,4,3,4,7.3,11
1262,5,827.31,165.46,2025-07-07 00:00:00,2026-05-08 00:00:00,3,52,305,4,3,4,76.3,11
1357,5,1073.85,214.77,2025-08-01 00:00:00,2026-05-08 00:00:00,4,52,280,4,3,5,70.0,12
1329,9,1555.46,172.83,2025-03-16 00:00:00,2026-05-08 00:00:00,4,52,418,4,4,5,52.3,13
450,11,323.3,29.39,2025-04-03 00:00:00,2026-05-08 00:00:00,5,52,400,4,4,3,40.0,11
455,11,440.78,40.07,2026-01-31 00:00:00,2026-05-08 00:00:00,6,52,97,4,4,3,9.7,11
822,11,596.4,54.22,2025-03-23 00:00:00,2026-05-08 00:00:00,6,52,411,4,4,4,41.1,12
566,11,864.55,78.6,2024-09-26 00:00:00,2026-05-08 00:00:00,5,52,589,4,4,5,58.9,13
762,13,865.12,66.55,2024-08-28 00:00:00,2026-05-08 00:00:00,5,52,618,4,5,5,51.5,14
827,15,728.51,48.57,2026-02-13 00:00:00,2026-05-08 00:00:00,5,52,84,4,5,4,6.0,13
224,16,1335.4,83.46,2024-03-24 00:00:00,2026-05-08 00:00:00,6,52,775,4,5,5,51.7,14
111,21,1773.82,84.47,2025-05-17 00:00:00,2026-05-08 00:00:00,6,52,356,4,5,5,17.8,14
556,22,948.1,43.1,2024-07-01 00:00:00,2026-05-08 00:00:00,6,52,676,4,5,5,32.2,14
1496,1,5.0,5.0,2026-05-09 00:00:00,2026-05-09 00:00:00,1,51,0,4,1,1,,6
1951,3,186.57,62.19,2025-05-24 00:00:00,2026-05-09 00:00:00,2,51,350,4,2,2,175.0,8
1265,3,564.17,188.06,2024-08-09 00:00:00,2026-05-09 00:00:00,2,51,638,4,2,4,319.0,10
1237,3,718.24,239.41,2025-01-11 00:00:00,2026-05-09 00:00:00,2,51,483,4,2,4,241.5,10
1415,5,215.2,43.04,2026-01-12 00:00:00,2026-05-09 00:00:00,4,51,117,4,3,3,29.3,10
1224,6,1535.47,255.91,2025-08-21 00:00:00,2026-05-09 00:00:00,4,51,261,4,3,5,52.2,12
1302,6,2062.06,343.68,2025-02-25 00:00:00,2026-05-09 00:00:00,4,51,438,4,3,5,87.6,12
927,9,766.38,85.15,2025-05-22 00:00:00,2026-05-09 00:00:00,5,51,352,4,4,4,44.0,12
958,11,520.59,47.33,2025-08-19 00:00:00,2026-05-09 00:00:00,6,51,263,4,4,4,26.3,12
850,11,701.58,63.78,2025-08-24 00:00:00,2026-05-09 00:00:00,4,51,258,4,4,4,25.8,12
503,11,902.68,82.06,2024-03-21 00:00:00,2026-05-09 00:00:00,6,51,779,4,4,5,77.9,13
1167,11,3719.4,338.13,2025-02-17 00:00:00,2026-05-09 00:00:00,4,51,446,4,4,5,44.6,13
1092,12,900.2,75.02,2024-06-21 00:00:00,2026-05-09 00:00:00,6,51,687,4,4,5,62.5,13
1037,13,490.88,37.76,2025-10-01 00:00:00,2026-05-09 00:00:00,4,51,220,4,5,4,18.3,13
743,13,632.43,48.65,2025-09-09 00:00:00,2026-05-09 00:00:00,6,51,242,4,5,4,20.2,13
725,13,988.65,76.05,2025-01-23 00:00:00,2026-05-09 00:00:00,7,51,471,4,5,5,39.3,14
379,14,725.76,51.84,2024-08-02 00:00:00,2026-05-09 00:00:00,7,51,645,4,5,4,49.6,13
330,14,748.68,53.48,2024-08-11 00:00:00,2026-05-09 00:00:00,6,51,636,4,5,4,48.9,13
929,19,1257.2,66.17,2025-01-10 00:00:00,2026-05-09 00:00:00,6,51,484,4,5,5,26.9,14
906,20,910.8,45.54,2024-04-29 00:00:00,2026-05-09 00:00:00,5,51,740,4,5,5,38.9,14
124,24,1999.9,83.33,2025-11-19 00:00:00,2026-05-09 00:00:00,7,51,171,4,5,5,7.4,14
1653,1,68.05,68.05,2026-05-10 00:00:00,2026-05-10 00:00:00,1,50,0,4,1,1,,6
1368,3,695.72,231.91,2026-01-07 00:00:00,2026-05-10 00:00:00,3,50,123,4,2,4,61.5,10
1219,6,1548.45,258.07,2025-07-17 00:00:00,2026-05-10 00:00:00,4,50,297,4,3,5,59.4,12
489,8,508.8,63.6,2025-06-24 00:00:00,2026-05-10 00:00:00,5,50,320,4,4,4,45.7,12
332,9,553.14,61.46,2025-07-04 00:00:00,2026-05-10 00:00:00,4,50,310,4,4,4,38.8,12
909,11,550.13,50.01,2024-09-06 00:00:00,2026-05-10 00:00:00,5,50,611,4,4,4,61.1,12
1016,13,862.23,66.33,2025-09-23 00:00:00,2026-05-10 00:00:00,6,50,229,4,5,5,19.1,14
378,17,808.16,47.54,2024-08-16 00:00:00,2026-05-10 00:00:00,7,50,632,4,5,4,39.5,13
941,17,1617.43,95.14,2025-08-18 00:00:00,2026-05-10 00:00:00,6,50,265,4,5,5,16.6,14
102,18,2426.28,134.79,2025-06-12 00:00:00,2026-05-10 00:00:00,6,50,332,4,5,5,19.5,14
140,28,4013.51,143.34,2025-08-04 00:00:00,2026-05-10 00:00:00,7,50,279,4,5,5,10.3,14
1570,3,145.45,48.48,2025-12-15 00:00:00,2026-05-11 00:00:00,3,49,147,4,2,2,73.5,8
1892,3,168.82,56.27,2025-12-11 00:00:00,2026-05-11 00:00:00,3,49,151,4,2,2,75.5,8
1222,3,534.21,178.07,2025-04-12 00:00:00,2026-05-11 00:00:00,3,49,394,4,2,4,197.0,10
1223,6,1482.29,247.05,2025-12-30 00:00:00,2026-05-11 00:00:00,4,49,132,4,3,5,26.4,12
1031,8,525.25,65.66,2025-01-04 00:00:00,2026-05-11 00:00:00,4,49,492,4,4,4,70.3,12
829,10,186.95,18.7,2024-11-14 00:00:00,2026-05-11 00:00:00,6,49,543,4,4,2,60.3,10
717,10,482.59,48.26,2024-07-31 00:00:00,2026-05-11 00:00:00,5,49,649,4,4,4,72.1,12
576,10,497.84,49.78,2025-03-10 00:00:00,2026-05-11 00:00:00,6,49,427,4,4,4,47.4,12
839,14,651.62,46.54,2025-04-05 00:00:00,2026-05-11 00:00:00,6,49,401,4,5,4,30.8,13
577,15,691.88,46.13,2024-09-15 00:00:00,2026-05-11 00:00:00,5,49,603,4,5,4,43.1,13
462,20,1728.92,86.45,2025-07-29 00:00:00,2026-05-11 00:00:00,7,49,286,4,5,5,15.1,14
237,23,1775.98,77.22,2024-04-10 00:00:00,2026-05-11 00:00:00,7,49,761,4,5,5,34.6,14
35,25,3171.78,126.87,2024-04-14 00:00:00,2026-05-11 00:00:00,6,49,757,4,5,5,31.5,14
225,25,4447.73,177.91,2024-12-24 00:00:00,2026-05-11 00:00:00,7,49,503,4,5,5,21.0,14
1473,1,51.11,51.11,2026-05-12 00:00:00,2026-05-12 00:00:00,1,48,0,4,1,1,,6
1867,2,98.82,49.41,2026-01-09 00:00:00,2026-05-12 00:00:00,2,48,123,4,2,2,123.0,8
1927,3,80.96,26.99,2025-05-14 00:00:00,2026-05-12 00:00:00,3,48,363,4,2,1,181.5,7
1472,5,192.08,38.42,2025-03-27 00:00:00,2026-05-12 00:00:00,3,48,411,4,3,2,102.8,9
1088,7,534.9,76.41,2025-05-19 00:00:00,2026-05-12 00:00:00,5,48,358,4,3,4,59.7,11
558,8,265.46,33.18,2025-10-04 00:00:00,2026-05-12 00:00:00,5,48,220,4,3,3,31.4,10
688,9,336.66,37.41,2024-02-26 00:00:00,2026-05-12 00:00:00,6,48,806,4,4,3,100.8,11
1270,9,1720.66,191.18,2025-03-25 00:00:00,2026-05-12 00:00:00,5,48,413,4,4,5,51.6,13
415,10,277.57,27.76,2024-12-08 00:00:00,2026-05-12 00:00:00,7,48,520,4,4,3,57.8,11
485,10,504.66,50.47,2025-12-20 00:00:00,2026-05-12 00:00:00,6,48,143,4,4,4,15.9,12
1370,10,3643.27,364.33,2024-05-25 00:00:00,2026-05-12 00:00:00,6,48,717,4,4,5,79.7,13
470,11,384.35,34.94,2024-03-20 00:00:00,2026-05-12 00:00:00,5,48,783,4,4,3,78.3,11
363,11,633.54,57.59,2025-02-15 00:00:00,2026-05-12 00:00:00,6,48,451,4,4,4,45.1,12
72,11,1240.84,112.8,2024-09-22 00:00:00,2026-05-12 00:00:00,5,48,597,4,4,5,59.7,13
660,14,1591.18,113.66,2024-08-12 00:00:00,2026-05-12 00:00:00,4,48,638,4,5,5,49.1,14
677,17,1072.7,63.1,2025-04-10 00:00:00,2026-05-12 00:00:00,7,48,397,4,5,5,24.8,14
891,17,1255.44,73.85,2024-04-05 00:00:00,2026-05-12 00:00:00,6,48,767,4,5,5,47.9,14
1513,2,54.74,27.37,2026-04-21 00:00:00,2026-05-13 00:00:00,2,47,22,4,1,1,22.0,6
1812,3,156.16,52.05,2024-07-18 00:00:00,2026-05-13 00:00:00,3,47,664,4,2,2,332.0,8
1369,3,624.98,208.33,2025-08-20 00:00:00,2026-05-13 00:00:00,2,47,266,4,2,4,133.0,10
1823,4,184.85,46.21,2024-11-16 00:00:00,2026-05-13 00:00:00,4,47,543,4,2,2,181.0,8
1494,4,215.86,53.96,2025-11-23 00:00:00,2026-05-13 00:00:00,3,47,171,4,2,3,57.0,9
1895,4,233.86,58.47,2025-01-19 00:00:00,2026-05-13 00:00:00,3,47,479,4,2,3,159.7,9
1378,6,982.22,163.7,2025-12-22 00:00:00,2026-05-13 00:00:00,5,47,142,4,3,5,28.4,12
944,7,193.27,27.61,2026-01-11 00:00:00,2026-05-13 00:00:00,4,47,122,4,3,2,20.3,9
477,7,220.1,31.44,2025-07-19 00:00:00,2026-05-13 00:00:00,4,47,298,4,3,3,49.7,10
1284,8,1468.27,183.53,2025-06-23 00:00:00,2026-05-13 00:00:00,6,47,324,4,4,5,46.3,13
757,10,590.56,59.06,2026-02-11 00:00:00,2026-05-13 00:00:00,5,47,91,4,4,4,10.1,12
1321,10,2581.13,258.11,2026-01-04 00:00:00,2026-05-13 00:00:00,6,47,129,4,4,5,14.3,13
1239,10,2807.66,280.77,2024-09-13 00:00:00,2026-05-13 00:00:00,7,47,607,4,4,5,67.4,13
1042,11,605.52,55.05,2024-02-11 00:00:00,2026-05-13 00:00:00,5,47,822,4,4,4,82.2,12
1034,12,310.31,25.86,2024-11-17 00:00:00,2026-05-13 00:00:00,7,47,542,4,4,3,49.3,11
524,13,651.58,50.12,2024-12-06 00:00:00,2026-05-13 00:00:00,5,47,523,4,5,4,43.6,13
636,14,607.73,43.41,2025-06-24 00:00:00,2026-05-13 00:00:00,6,47,323,4,5,4,24.8,13
387,14,708.29,50.59,2025-04-04 00:00:00,2026-05-13 00:00:00,6,47,404,4,5,4,31.1,13
700,14,898.0,64.14,2024-10-05 00:00:00,2026-05-13 00:00:00,5,47,585,4,5,5,45.0,14
1093,16,631.1,39.44,2025-01-16 00:00:00,2026-05-13 00:00:00,6,47,482,4,5,4,32.1,13
770,16,900.95,56.31,2024-05-03 00:00:00,2026-05-13 00:00:00,6,47,740,4,5,5,49.3,14
195,23,1961.18,85.27,2024-09-03 00:00:00,2026-05-13 00:00:00,7,47,617,4,5,5,28.0,14
185,25,1365.97,54.64,2024-04-29 00:00:00,2026-05-13 00:00:00,7,47,744,4,5,5,31.0,14
1510,1,30.09,30.09,2026-05-14 00:00:00,2026-05-14 00:00:00,1,46,0,4,1,1,,6
1599,1,40.02,40.02,2026-05-14 00:00:00,2026-05-14 00:00:00,1,46,0,4,1,1,,6
1527,1,45.11,45.11,2026-05-14 00:00:00,2026-05-14 00:00:00,1,46,0,4,1,1,,6
1416,2,113.07,56.54,2026-03-30 00:00:00,2026-05-14 00:00:00,1,46,45,4,2,2,45.0,8
1762,3,134.92,44.97,2026-03-20 00:00:00,2026-05-14 00:00:00,2,46,55,4,2,2,27.5,8
1179,3,492.3,164.1,2025-06-23 00:00:00,2026-05-14 00:00:00,3,46,325,4,2,4,162.5,10
1191,5,1248.82,249.76,2026-01-30 00:00:00,2026-05-14 00:00:00,2,46,104,4,3,5,26.0,12
1087,7,226.67,32.38,2026-01-02 00:00:00,2026-05-14 00:00:00,3,46,132,4,3,3,22.0,10
570,7,487.0,69.57,2025-06-07 00:00:00,2026-05-14 00:00:00,5,46,341,4,3,4,56.8,11
1293,7,1724.31,246.33,2026-04-19 00:00:00,2026-05-14 00:00:00,5,46,25,4,3,5,4.2,12
706,9,478.92,53.21,2024-11-27 00:00:00,2026-05-14 00:00:00,5,46,533,4,4,4,66.6,12
349,10,366.96,36.7,2025-05-30 00:00:00,2026-05-14 00:00:00,4,46,349,4,4,3,38.8,11
1096,11,808.65,73.51,2025-08-29 00:00:00,2026-05-14 00:00:00,5,46,258,4,4,4,25.8,12
1083,12,289.55,24.13,2025-12-09 00:00:00,2026-05-14 00:00:00,7,46,156,4,4,3,14.2,11
787,12,294.05,24.5,2025-09-03 00:00:00,2026-05-14 00:00:00,5,46,253,4,4,3,23.0,11
673,12,536.16,44.68,2025-01-15 00:00:00,2026-05-14 00:00:00,5,46,484,4,4,4,44.0,12
1241,12,2526.33,210.53,2025-11-14 00:00:00,2026-05-14 00:00:00,5,46,181,4,5,5,16.5,14
1027,13,1167.33,89.79,2025-03-10 00:00:00,2026-05-14 00:00:00,6,46,430,4,5,5,35.8,14
484,14,251.76,17.98,2024-02-11 00:00:00,2026-05-14 00:00:00,5,46,823,4,5,3,63.3,12
548,14,696.58,49.76,2025-10-20 00:00:00,2026-05-14 00:00:00,6,46,206,4,5,4,15.8,13
31,20,2221.8,111.09,2024-08-11 00:00:00,2026-05-14 00:00:00,5,46,641,4,5,5,33.7,14
182,23,2112.08,91.83,2024-07-29 00:00:00,2026-05-14 00:00:00,7,46,654,4,5,5,29.7,14
1860,3,188.95,62.98,2024-12-08 00:00:00,2026-05-15 00:00:00,3,45,523,4,2,2,261.5,8
1355,5,1294.9,258.98,2025-10-18 00:00:00,2026-05-15 00:00:00,3,45,209,4,3,5,52.3,12
1206,6,1269.41,211.57,2026-03-17 00:00:00,2026-05-15 00:00:00,6,45,59,4,3,5,11.8,12
1165,6,1511.96,251.99,2025-12-05 00:00:00,2026-05-15 00:00:00,4,45,161,4,3,5,32.2,12
400,9,817.4,90.82,2024-09-09 00:00:00,2026-05-15 00:00:00,5,45,613,4,4,4,76.6,12
820,10,837.95,83.8,2025-08-19 00:00:00,2026-05-15 00:00:00,5,45,269,4,4,4,29.9,12
653,11,502.29,45.66,2024-10-30 00:00:00,2026-05-15 00:00:00,6,45,562,4,4,4,56.2,12
917,11,666.36,60.58,2025-09-17 00:00:00,2026-05-15 00:00:00,4,45,240,4,4,4,24.0,12
836,12,662.29,55.19,2024-06-19 00:00:00,2026-05-15 00:00:00,6,45,695,4,4,4,63.2,12
326,12,807.34,67.28,2024-06-25 00:00:00,2026-05-15 00:00:00,5,45,689,4,4,4,62.6,12
737,14,536.03,38.29,2024-09-22 00:00:00,2026-05-15 00:00:00,7,45,600,4,5,4,46.2,13
623,14,999.03,71.36,2024-05-11 00:00:00,2026-05-15 00:00:00,6,45,734,4,5,5,56.5,14
137,22,2495.43,113.43,2024-06-08 00:00:00,2026-05-15 00:00:00,7,45,706,4,5,5,33.6,14
1189,4,423.92,105.98,2025-12-29 00:00:00,2026-05-16 00:00:00,2,44,138,4,3,3,46.0,10
595,6,252.14,42.02,2025-11-11 00:00:00,2026-05-16 00:00:00,4,44,186,4,3,3,37.2,10
355,7,363.06,51.87,2024-10-20 00:00:00,2026-05-16 00:00:00,5,44,573,4,3,3,95.5,10
645,8,375.4,46.92,2025-11-11 00:00:00,2026-05-16 00:00:00,6,44,186,4,4,3,26.6,11
1054,9,761.44,84.6,2025-07-21 00:00:00,2026-05-16 00:00:00,4,44,299,4,4,4,37.4,12
798,11,702.33,63.85,2024-07-22 00:00:00,2026-05-16 00:00:00,5,44,663,4,4,4,66.3,12
1159,12,1926.69,160.56,2025-04-02 00:00:00,2026-05-16 00:00:00,5,44,409,4,5,5,37.2,14
754,13,769.09,59.16,2024-06-06 00:00:00,2026-05-16 00:00:00,7,44,709,4,5,4,59.1,13
1,14,1362.29,97.31,2025-12-16 00:00:00,2026-05-16 00:00:00,6,44,151,4,5,5,11.6,14
98,23,2889.46,125.63,2025-03-14 00:00:00,2026-05-16 00:00:00,7,44,428,4,5,5,19.5,14
229,25,2477.32,99.09,2024-11-05 00:00:00,2026-05-16 00:00:00,7,44,557,4,5,5,23.2,14
1907,1,32.81,32.81,2026-05-17 00:00:00,2026-05-17 00:00:00,1,43,0,4,1,1,,6
1652,1,65.13,65.13,2026-05-17 00:00:00,2026-05-17 00:00:00,1,43,0,4,1,1,,6
1845,3,180.85,60.28,2025-10-19 00:00:00,2026-05-17 00:00:00,3,43,210,4,2,2,105.0,8
1314,3,492.55,164.18,2025-10-17 00:00:00,2026-05-17 00:00:00,2,43,212,4,2,4,106.0,10
1252,6,1018.13,169.69,2024-09-17 00:00:00,2026-05-17 00:00:00,5,43,607,4,3,5,121.4,12
786,7,334.67,47.81,2025-03-29 00:00:00,2026-05-17 00:00:00,5,43,414,4,3,3,69.0,10
1393,9,2881.98,320.22,2026-01-25 00:00:00,2026-05-17 00:00:00,4,43,112,4,4,5,14.0,13
487,11,576.44,52.4,2024-11-07 00:00:00,2026-05-17 00:00:00,5,43,556,4,4,4,55.6,12
584,12,278.71,23.23,2025-12-17 00:00:00,2026-05-17 00:00:00,6,43,151,4,4,3,13.7,11
624,16,688.84,43.05,2024-02-20 00:00:00,2026-05-17 00:00:00,7,43,817,4,5,4,54.5,13
438,16,894.1,55.88,2024-08-15 00:00:00,2026-05-17 00:00:00,6,43,640,4,5,5,42.7,14
801,16,1009.38,63.09,2024-03-05 00:00:00,2026-05-17 00:00:00,7,43,803,4,5,5,53.5,14
147,17,1520.17,89.42,2024-06-15 00:00:00,2026-05-17 00:00:00,5,43,701,4,5,5,43.8,14
749,20,354.29,17.71,2024-08-08 00:00:00,2026-05-17 00:00:00,7,43,647,4,5,3,34.1,12
291,20,931.96,46.6,2025-06-04 00:00:00,2026-05-17 00:00:00,7,43,347,4,5,5,18.3,14
246,20,1432.25,71.61,2025-01-14 00:00:00,2026-05-17 00:00:00,7,43,488,4,5,5,25.7,14
257,24,1829.45,76.23,2024-10-03 00:00:00,2026-05-17 00:00:00,6,43,591,4,5,5,25.7,14
51,32,1646.88,51.47,2024-01-14 00:00:00,2026-05-17 00:00:00,7,43,854,4,5,5,27.5,14
1448,1,33.64,33.64,2026-05-18 00:00:00,2026-05-18 00:00:00,1,42,0,4,1,1,,6
1803,1,63.19,63.19,2026-05-18 00:00:00,2026-05-18 00:00:00,1,42,0,4,1,1,,6
1650,2,91.42,45.71,2024-06-16 00:00:00,2026-05-18 00:00:00,2,42,701,4,1,2,701.0,7
1742,2,110.21,55.11,2026-05-10 00:00:00,2026-05-18 00:00:00,1,42,8,4,2,2,8.0,8
1552,2,111.44,55.72,2025-12-23 00:00:00,2026-05-18 00:00:00,2,42,146,4,2,2,146.0,8
1516,3,243.4,81.13,2026-01-12 00:00:00,2026-05-18 00:00:00,2,42,126,4,2,3,63.0,9
1308,6,1038.0,173.0,2026-02-18 00:00:00,2026-05-18 00:00:00,4,42,89,4,3,5,17.8,12
506,10,270.43,27.04,2025-12-04 00:00:00,2026-05-18 00:00:00,6,42,165,4,4,3,18.3,11
586,10,462.73,46.27,2025-09-14 00:00:00,2026-05-18 00:00:00,4,42,246,4,4,4,27.3,12
924,11,393.07,35.73,2025-01-05 00:00:00,2026-05-18 00:00:00,5,42,498,4,4,3,49.8,11
1253,11,1943.26,176.66,2025-04-20 00:00:00,2026-05-18 00:00:00,7,42,393,4,4,5,39.3,13
731,12,594.3,49.52,2025-12-08 00:00:00,2026-05-18 00:00:00,6,42,161,4,4,4,14.6,12
720,14,429.71,30.69,2026-02-27 00:00:00,2026-05-18 00:00:00,6,42,80,4,5,3,6.2,12
990,14,821.5,58.68,2024-11-22 00:00:00,2026-05-18 00:00:00,6,42,542,4,5,4,41.7,13
709,17,1692.74,99.57,2024-04-08 00:00:00,2026-05-18 00:00:00,6,42,770,4,5,5,48.1,14
662,19,1592.56,83.82,2025-06-09 00:00:00,2026-05-18 00:00:00,7,42,343,4,5,5,19.1,14
1215,1,140.92,140.92,2026-05-19 00:00:00,2026-05-19 00:00:00,1,41,0,4,1,2,,7
1217,2,299.41,149.7,2025-06-10 00:00:00,2026-05-19 00:00:00,2,41,343,4,2,3,343.0,9
596,8,799.89,99.99,2024-10-29 00:00:00,2026-05-19 00:00:00,6,41,567,4,4,4,81.0,12
475,12,860.37,71.7,2025-01-19 00:00:00,2026-05-19 00:00:00,7,41,485,4,4,4,44.1,12
251,14,1200.18,85.73,2024-07-14 00:00:00,2026-05-19 00:00:00,6,41,674,4,5,5,51.8,14
488,17,445.06,26.18,2024-11-05 00:00:00,2026-05-19 00:00:00,6,41,560,4,5,3,35.0,12
1245,2,147.83,73.91,2026-01-22 00:00:00,2026-05-20 00:00:00,1,40,118,4,2,2,118.0,8
1718,5,230.22,46.04,2024-02-09 00:00:00,2026-05-20 00:00:00,3,40,831,4,3,3,207.8,10
1115,8,441.6,55.2,2025-03-17 00:00:00,2026-05-20 00:00:00,4,40,429,4,4,3,61.3,11
1070,10,251.6,25.16,2025-11-26 00:00:00,2026-05-20 00:00:00,5,40,175,4,4,3,19.4,11
971,11,972.01,88.36,2025-05-15 00:00:00,2026-05-20 00:00:00,6,40,370,4,4,5,37.0,13
915,12,526.61,43.88,2025-06-25 00:00:00,2026-05-20 00:00:00,5,40,329,4,4,4,29.9,12
409,12,574.86,47.91,2026-01-11 00:00:00,2026-05-20 00:00:00,5,40,129,4,4,4,11.7,12
869,13,984.93,75.76,2024-09-09 00:00:00,2026-05-20 00:00:00,5,40,618,4,5,5,51.5,14
1108,14,861.35,61.52,2025-02-11 00:00:00,2026-05-20 00:00:00,7,40,463,4,5,4,35.6,13
529,16,1031.71,64.48,2025-02-04 00:00:00,2026-05-20 00:00:00,7,40,470,4,5,5,31.3,14
383,21,214.86,10.23,2024-08-18 00:00:00,2026-05-20 00:00:00,7,40,640,4,5,3,32.0,12
99,21,1491.71,71.03,2024-08-09 00:00:00,2026-05-20 00:00:00,7,40,649,4,5,5,32.5,14
1754,1,44.13,44.13,2026-05-21 00:00:00,2026-05-21 00:00:00,1,39,0,4,1,1,,6
1562,2,78.24,39.12,2026-04-19 00:00:00,2026-05-21 00:00:00,2,39,32,4,1,1,32.0,6
1773,2,88.13,44.06,2025-12-19 00:00:00,2026-05-21 00:00:00,2,39,153,4,1,2,153.0,7
1485,2,90.8,45.4,2025-11-12 00:00:00,2026-05-21 00:00:00,2,39,190,4,1,2,190.0,7
1580,3,75.14,25.05,2026-04-29 00:00:00,2026-05-21 00:00:00,3,39,22,4,2,1,11.0,7
1351,4,1067.45,266.86,2025-09-17 00:00:00,2026-05-21 00:00:00,4,39,246,4,3,5,82.0,12
1364,7,1202.34,171.76,2024-10-16 00:00:00,2026-05-21 00:00:00,6,39,582,4,3,5,97.0,12
1220,7,1577.65,225.38,2025-11-06 00:00:00,2026-05-21 00:00:00,4,39,196,4,3,5,32.7,12
476,8,533.35,66.67,2026-04-01 00:00:00,2026-05-21 00:00:00,4,39,50,4,4,4,7.1,12
1214,8,1329.26,166.16,2026-02-22 00:00:00,2026-05-21 00:00:00,3,39,88,4,4,5,12.6,13
516,12,661.37,55.11,2024-03-03 00:00:00,2026-05-21 00:00:00,5,39,809,4,4,4,73.5,12
377,14,775.75,55.41,2024-11-12 00:00:00,2026-05-21 00:00:00,7,39,555,4,5,4,42.7,13
518,16,1040.42,65.03,2025-08-13 00:00:00,2026-05-21 00:00:00,5,39,281,4,5,5,18.7,14
697,24,1354.53,56.44,2024-09-24 00:00:00,2026-05-21 00:00:00,6,39,604,4,5,5,26.3,14
1815,1,45.06,45.06,2026-05-22 00:00:00,2026-05-22 00:00:00,1,38,0,4,1,1,,6
1899,1,69.38,69.38,2026-05-22 00:00:00,2026-05-22 00:00:00,1,38,0,4,1,1,,6
1432,2,92.83,46.42,2024-12-28 00:00:00,2026-05-22 00:00:00,2,38,510,4,1,2,510.0,7
1230,6,1097.78,182.96,2026-04-01 00:00:00,2026-05-22 00:00:00,5,38,51,4,3,5,10.2,12
1248,6,1174.83,195.8,2024-10-28 00:00:00,2026-05-22 00:00:00,5,38,571,4,3,5,114.2,12
1133,8,818.13,102.27,2025-10-08 00:00:00,2026-05-22 00:00:00,5,38,226,4,4,4,32.3,12
619,9,469.47,52.16,2024-10-12 00:00:00,2026-05-22 00:00:00,5,38,587,4,4,4,73.4,12
1123,9,2013.55,223.73,2025-05-18 00:00:00,2026-05-22 00:00:00,6,38,369,4,4,5,46.1,13
528,10,618.8,61.88,2025-01-03 00:00:00,2026-05-22 00:00:00,5,38,504,4,4,4,56.0,12
534,11,325.25,29.57,2025-12-10 00:00:00,2026-05-22 00:00:00,6,38,163,4,4,3,16.3,11
885,11,801.58,72.87,2024-09-21 00:00:00,2026-05-22 00:00:00,5,38,608,4,4,4,60.8,12
465,11,821.41,74.67,2024-12-29 00:00:00,2026-05-22 00:00:00,4,38,509,4,4,4,50.9,12
896,12,360.75,30.06,2026-02-28 00:00:00,2026-05-22 00:00:00,6,38,83,4,4,3,7.5,11
949,13,729.95,56.15,2024-06-09 00:00:00,2026-05-22 00:00:00,4,38,712,4,5,4,59.3,13
390,15,844.14,56.28,2025-07-28 00:00:00,2026-05-22 00:00:00,6,38,298,4,5,4,21.3,13
1073,15,1029.47,68.63,2024-10-17 00:00:00,2026-05-22 00:00:00,7,38,582,4,5,5,41.6,14
192,15,1044.85,69.66,2024-12-24 00:00:00,2026-05-22 00:00:00,7,38,514,4,5,5,36.7,14
907,17,1455.66,85.63,2025-08-06 00:00:00,2026-05-22 00:00:00,7,38,289,4,5,5,18.1,14
78,17,1836.56,108.03,2025-01-30 00:00:00,2026-05-22 00:00:00,7,38,477,4,5,5,29.8,14
286,18,1997.22,110.96,2024-08-11 00:00:00,2026-05-22 00:00:00,6,38,649,4,5,5,38.2,14
296,32,4396.01,137.38,2024-05-15 00:00:00,2026-05-22 00:00:00,7,38,737,4,5,5,23.8,14
1569,2,76.75,38.38,2026-05-07 00:00:00,2026-05-23 00:00:00,2,37,16,4,1,1,16.0,6
1776,2,97.85,48.92,2026-01-04 00:00:00,2026-05-23 00:00:00,2,37,139,4,2,2,139.0,8
1161,2,378.33,189.16,2026-05-22 00:00:00,2026-05-23 00:00:00,2,37,1,4,2,3,1.0,9
1658,3,116.97,38.99,2025-08-02 00:00:00,2026-05-23 00:00:00,3,37,294,4,2,2,147.0,8
1138,3,459.05,153.02,2026-04-17 00:00:00,2026-05-23 00:00:00,3,37,36,4,2,4,18.0,10
1990,5,230.8,46.16,2026-04-06 00:00:00,2026-05-23 00:00:00,4,37,47,4,3,3,11.8,10
1149,5,945.3,189.06,2024-09-02 00:00:00,2026-05-23 00:00:00,4,37,628,4,3,5,157.0,12
1186,5,1490.56,298.11,2026-02-01 00:00:00,2026-05-23 00:00:00,4,37,111,4,3,5,27.8,12
1187,6,1305.4,217.57,2025-11-19 00:00:00,2026-05-23 00:00:00,4,37,185,4,3,5,37.0,12
1904,7,322.61,46.09,2025-08-11 00:00:00,2026-05-23 00:00:00,4,37,285,4,3,3,47.5,10
471,7,382.45,54.64,2025-08-19 00:00:00,2026-05-23 00:00:00,4,37,277,4,3,3,46.2,10
366,11,500.22,45.47,2026-04-11 00:00:00,2026-05-23 00:00:00,6,37,42,4,4,4,4.2,12
1056,11,776.87,70.62,2025-03-22 00:00:00,2026-05-23 00:00:00,6,37,427,4,4,4,42.7,12
714,13,454.08,34.93,2025-04-25 00:00:00,2026-05-23 00:00:00,5,37,393,4,5,4,32.8,13
448,13,870.5,66.96,2024-11-18 00:00:00,2026-05-23 00:00:00,5,37,551,4,5,5,45.9,14
991,14,844.39,60.31,2025-05-19 00:00:00,2026-05-23 00:00:00,7,37,369,4,5,4,28.4,13
1059,15,848.57,56.57,2025-12-30 00:00:00,2026-05-23 00:00:00,7,37,144,4,5,4,10.3,13
796,15,1091.34,72.76,2025-01-10 00:00:00,2026-05-23 00:00:00,6,37,498,4,5,5,35.6,14
818,15,1348.68,89.91,2024-08-22 00:00:00,2026-05-23 00:00:00,6,37,639,4,5,5,45.6,14
568,16,738.41,46.15,2025-06-03 00:00:00,2026-05-23 00:00:00,6,37,354,4,5,4,23.6,13
463,16,1002.35,62.65,2025-05-02 00:00:00,2026-05-23 00:00:00,6,37,386,4,5,5,25.7,14
952,18,973.5,54.08,2025-11-23 00:00:00,2026-05-23 00:00:00,6,37,181,4,5,5,10.6,14
423,18,1329.29,73.85,2024-12-04 00:00:00,2026-05-23 00:00:00,7,37,535,4,5,5,31.5,14
318,19,2283.05,120.16,2025-04-03 00:00:00,2026-05-23 00:00:00,6,37,415,4,5,5,23.1,14
73,19,2296.37,120.86,2024-12-28 00:00:00,2026-05-23 00:00:00,6,37,511,4,5,5,28.4,14
630,20,1120.8,56.04,2025-09-09 00:00:00,2026-05-23 00:00:00,7,37,256,4,5,5,13.5,14
267,22,2070.08,94.09,2024-02-04 00:00:00,2026-05-23 00:00:00,7,37,839,4,5,5,40.0,14
5,23,2232.47,97.06,2025-01-30 00:00:00,2026-05-23 00:00:00,7,37,478,4,5,5,21.7,14
207,24,2904.58,121.02,2024-06-29 00:00:00,2026-05-23 00:00:00,7,37,693,4,5,5,30.1,14
1455,3,172.3,57.43,2026-02-13 00:00:00,2026-05-24 00:00:00,3,36,100,4,2,2,50.0,8
1381,5,441.74,88.35,2024-11-01 00:00:00,2026-05-24 00:00:00,4,36,569,4,3,3,142.3,10
357,7,646.78,92.4,2025-12-25 00:00:00,2026-05-24 00:00:00,6,36,150,4,3,4,25.0,11
537,8,427.52,53.44,2025-06-21 00:00:00,2026-05-24 00:00:00,6,36,337,4,4,3,48.1,11
1175,8,2157.45,269.68,2025-09-11 00:00:00,2026-05-24 00:00:00,5,36,255,4,4,5,36.4,13
496,9,771.65,85.74,2026-02-02 00:00:00,2026-05-24 00:00:00,5,36,111,4,4,4,13.9,12
805,9,806.79,89.64,2025-05-05 00:00:00,2026-05-24 00:00:00,4,36,384,4,4,4,48.0,12
777,10,440.71,44.07,2024-04-21 00:00:00,2026-05-24 00:00:00,6,36,763,4,4,3,84.8,11
382,10,653.78,65.38,2024-10-01 00:00:00,2026-05-24 00:00:00,6,36,600,4,4,4,66.7,12
527,11,562.36,51.12,2024-04-20 00:00:00,2026-05-24 00:00:00,5,36,764,4,4,4,76.4,12
550,12,1257.67,104.81,2025-05-22 00:00:00,2026-05-24 00:00:00,6,36,367,4,5,5,33.4,14
809,13,289.26,22.25,2025-08-17 00:00:00,2026-05-24 00:00:00,5,36,280,4,5,3,23.3,12
676,13,586.86,45.14,2026-03-15 00:00:00,2026-05-24 00:00:00,7,36,70,4,5,4,5.8,13
834,16,917.64,57.35,2025-10-18 00:00:00,2026-05-24 00:00:00,7,36,218,4,5,5,14.5,14
1105,19,1231.43,64.81,2025-12-08 00:00:00,2026-05-24 00:00:00,7,36,167,4,5,5,9.3,14
255,20,2320.72,116.04,2025-11-12 00:00:00,2026-05-24 00:00:00,7,36,193,4,5,5,10.2,14
40,29,3724.57,128.43,2025-04-05 00:00:00,2026-05-24 00:00:00,7,36,414,4,5,5,14.8,14
1879,1,62.46,62.46,2026-05-25 00:00:00,2026-05-25 00:00:00,1,35,0,4,1,1,,6
1876,2,149.49,74.75,2026-03-23 00:00:00,2026-05-25 00:00:00,1,35,63,4,2,2,63.0,8
1600,3,152.38,50.79,2026-04-16 00:00:00,2026-05-25 00:00:00,2,35,39,4,2,2,19.5,8
1953,3,182.27,60.76,2025-07-29 00:00:00,2026-05-25 00:00:00,2,35,300,4,2,2,150.0,8
1526,3,216.59,72.2,2025-02-03 00:00:00,2026-05-25 00:00:00,2,35,476,4,2,3,238.0,9
1554,4,163.98,40.99,2026-02-09 00:00:00,2026-05-25 00:00:00,3,35,105,4,2,2,35.0,8
1075,5,149.11,29.82,2025-11-16 00:00:00,2026-05-25 00:00:00,3,35,190,4,3,2,47.5,9
1086,8,561.49,70.19,2024-06-22 00:00:00,2026-05-25 00:00:00,6,35,702,4,4,4,100.3,12
763,8,564.86,70.61,2025-03-04 00:00:00,2026-05-25 00:00:00,5,35,447,4,4,4,63.9,12
957,8,615.26,76.91,2026-02-10 00:00:00,2026-05-25 00:00:00,5,35,104,4,4,4,14.9,12
1176,8,1890.42,236.3,2026-03-27 00:00:00,2026-05-25 00:00:00,5,35,59,4,4,5,8.4,13
951,12,833.17,69.43,2025-03-26 00:00:00,2026-05-25 00:00:00,5,35,425,4,4,4,38.6,12
171,12,860.26,71.69,2025-02-14 00:00:00,2026-05-25 00:00:00,5,35,465,4,4,4,42.3,12
675,12,905.88,75.49,2025-06-11 00:00:00,2026-05-25 00:00:00,5,35,348,4,4,5,31.6,13
792,12,1091.91,90.99,2024-08-26 00:00:00,2026-05-25 00:00:00,5,35,637,4,5,5,57.9,14
981,14,943.65,67.4,2025-01-11 00:00:00,2026-05-25 00:00:00,6,35,499,4,5,5,38.4,14
759,15,1283.82,85.59,2025-04-19 00:00:00,2026-05-25 00:00:00,7,35,401,4,5,5,28.6,14
467,18,900.55,50.03,2026-01-16 00:00:00,2026-05-25 00:00:00,6,35,129,4,5,5,7.6,14
1049,20,1030.69,51.53,2025-08-03 00:00:00,2026-05-25 00:00:00,6,35,295,4,5,5,15.5,14
1852,2,68.81,34.41,2026-02-19 00:00:00,2026-05-26 00:00:00,2,34,96,4,1,1,96.0,6
1456,2,98.75,49.38,2025-07-12 00:00:00,2026-05-26 00:00:00,2,34,318,4,2,2,318.0,8
1405,2,127.66,63.83,2025-09-13 00:00:00,2026-05-26 00:00:00,1,34,255,4,2,2,255.0,8
1632,2,133.99,67.0,2026-05-02 00:00:00,2026-05-26 00:00:00,2,34,24,4,2,2,24.0,8
1439,5,222.46,44.49,2025-10-23 00:00:00,2026-05-26 00:00:00,4,34,215,4,3,3,53.8,10
1286,6,1477.24,246.21,2025-03-26 00:00:00,2026-05-26 00:00:00,4,34,426,4,3,5,85.2,12
1273,6,1640.45,273.41,2025-12-27 00:00:00,2026-05-26 00:00:00,5,34,150,4,3,5,30.0,12
601,7,649.79,92.83,2025-12-17 00:00:00,2026-05-26 00:00:00,5,34,160,4,3,4,26.7,11
1332,7,2111.05,301.58,2024-04-18 00:00:00,2026-05-26 00:00:00,4,34,768,4,3,5,128.0,12
1181,8,883.02,110.38,2024-11-13 00:00:00,2026-05-26 00:00:00,5,34,559,4,4,5,79.9,13
1303,8,2158.9,269.86,2026-04-07 00:00:00,2026-05-26 00:00:00,4,34,49,4,4,5,7.0,13
1363,9,3149.28,349.92,2026-04-28 00:00:00,2026-05-26 00:00:00,6,34,28,4,4,5,3.5,13
364,10,339.64,33.96,2025-01-13 00:00:00,2026-05-26 00:00:00,6,34,498,4,4,3,55.3,11
935,10,429.15,42.91,2024-10-28 00:00:00,2026-05-26 00:00:00,5,34,575,4,4,3,63.9,11
93,10,1130.46,113.05,2025-12-10 00:00:00,2026-05-26 00:00:00,5,34,167,4,4,5,18.6,13
424,11,455.06,41.37,2024-01-26 00:00:00,2026-05-26 00:00:00,6,34,851,4,4,4,85.1,12
1244,11,2237.89,203.44,2025-11-29 00:00:00,2026-05-26 00:00:00,5,34,178,4,4,5,17.8,13
661,13,1052.92,80.99,2025-12-07 00:00:00,2026-05-26 00:00:00,7,34,170,4,5,5,14.2,14
499,14,1150.29,82.16,2025-12-21 00:00:00,2026-05-26 00:00:00,5,34,156,4,5,5,12.0,14
482,15,865.33,57.69,2025-05-23 00:00:00,2026-05-26 00:00:00,7,34,368,4,5,5,26.3,14
819,18,637.12,35.4,2025-07-02 00:00:00,2026-05-26 00:00:00,7,34,328,4,5,4,19.3,13
165,20,1270.23,63.51,2024-10-29 00:00:00,2026-05-26 00:00:00,7,34,574,4,5,5,30.2,14
263,20,2469.8,123.49,2024-07-10 00:00:00,2026-05-26 00:00:00,7,34,685,4,5,5,36.1,14
274,22,1933.49,87.89,2025-03-27 00:00:00,2026-05-26 00:00:00,7,34,425,4,5,5,20.2,14
1127,6,1250.29,208.38,2026-04-08 00:00:00,2026-05-27 00:00:00,3,33,49,4,3,5,9.8,12
384,7,207.6,29.66,2025-02-03 00:00:00,2026-05-27 00:00:00,4,33,478,4,3,2,79.7,9
1012,7,473.5,67.64,2024-09-04 00:00:00,2026-05-27 00:00:00,4,33,630,4,3,4,105.0,11
1280,8,1328.41,166.05,2026-01-26 00:00:00,2026-05-27 00:00:00,6,33,121,4,4,5,17.3,13
519,9,289.44,32.16,2026-01-17 00:00:00,2026-05-27 00:00:00,5,33,130,4,4,3,16.3,11
739,9,417.94,46.44,2025-07-12 00:00:00,2026-05-27 00:00:00,6,33,319,4,4,3,39.9,11
852,9,552.14,61.35,2025-10-12 00:00:00,2026-05-27 00:00:00,5,33,227,4,4,4,28.4,12
964,10,692.1,69.21,2025-10-31 00:00:00,2026-05-27 00:00:00,5,33,208,4,4,4,23.1,12
931,11,610.04,55.46,2026-01-30 00:00:00,2026-05-27 00:00:00,6,33,117,4,4,4,11.7,12
766,12,521.2,43.43,2026-03-10 00:00:00,2026-05-27 00:00:00,5,33,78,4,4,4,7.1,12
925,12,974.7,81.23,2025-04-29 00:00:00,2026-05-27 00:00:00,6,33,393,4,5,5,35.7,14
691,13,445.52,34.27,2024-12-06 00:00:00,2026-05-27 00:00:00,6,33,537,4,5,3,44.8,12
1040,13,576.05,44.31,2025-05-25 00:00:00,2026-05-27 00:00:00,6,33,367,4,5,4,30.6,13
993,13,644.34,49.56,2026-04-14 00:00:00,2026-05-27 00:00:00,6,33,43,4,5,4,3.6,13
811,15,1104.65,73.64,2025-04-01 00:00:00,2026-05-27 00:00:00,6,33,421,4,5,5,30.1,14
1017,15,1359.22,90.61,2024-11-09 00:00:00,2026-05-27 00:00:00,7,33,564,4,5,5,40.3,14
333,16,1129.19,70.57,2024-08-10 00:00:00,2026-05-27 00:00:00,5,33,655,4,5,5,43.7,14
877,16,1192.51,74.53,2025-11-26 00:00:00,2026-05-27 00:00:00,5,33,182,4,5,5,12.1,14
325,19,590.95,31.1,2025-09-24 00:00:00,2026-05-27 00:00:00,6,33,245,4,5,4,13.6,13
298,19,704.23,37.06,2024-07-20 00:00:00,2026-05-27 00:00:00,7,33,676,4,5,4,37.6,13
449,19,1131.33,59.54,2025-12-15 00:00:00,2026-05-27 00:00:00,5,33,163,4,5,5,9.1,14
282,19,1201.01,63.21,2025-12-28 00:00:00,2026-05-27 00:00:00,5,33,150,4,5,5,8.3,14
594,21,1407.7,67.03,2024-08-30 00:00:00,2026-05-27 00:00:00,6,33,635,4,5,5,31.8,14
153,28,2911.46,103.98,2025-03-29 00:00:00,2026-05-27 00:00:00,6,33,424,4,5,5,15.7,14
1752,1,16.75,16.75,2026-05-28 00:00:00,2026-05-28 00:00:00,1,32,0,5,1,1,,7
1836,1,72.75,72.75,2026-05-28 00:00:00,2026-05-28 00:00:00,1,32,0,5,1,1,,7
1885,2,61.69,30.84,2026-04-10 00:00:00,2026-05-28 00:00:00,1,32,48,5,1,1,48.0,7
1435,2,73.21,36.6,2026-05-01 00:00:00,2026-05-28 00:00:00,2,32,27,5,1,1,27.0,7
1583,2,76.17,38.08,2026-03-04 00:00:00,2026-05-28 00:00:00,2,32,85,5,1,1,85.0,7
1359,2,450.6,225.3,2026-05-25 00:00:00,2026-05-28 00:00:00,2,32,3,5,2,3,3.0,10
1585,5,246.11,49.22,2026-02-18 00:00:00,2026-05-28 00:00:00,2,32,99,5,3,3,24.8,11
1345,6,1673.29,278.88,2025-12-23 00:00:00,2026-05-28 00:00:00,4,32,156,5,3,5,31.2,13
1182,6,1900.64,316.77,2024-05-22 00:00:00,2026-05-28 00:00:00,4,32,736,5,3,5,147.2,13
411,8,387.04,48.38,2025-11-23 00:00:00,2026-05-28 00:00:00,5,32,186,5,4,3,26.6,12
1039,10,529.39,52.94,2024-10-05 00:00:00,2026-05-28 00:00:00,5,32,600,5,4,4,66.7,13
1014,12,798.51,66.54,2025-12-26 00:00:00,2026-05-28 00:00:00,6,32,153,5,4,4,13.9,13
495,12,1026.79,85.57,2025-06-10 00:00:00,2026-05-28 00:00:00,5,32,352,5,5,5,32.0,15
439,13,805.23,61.94,2025-08-14 00:00:00,2026-05-28 00:00:00,6,32,287,5,5,4,23.9,14
899,14,879.22,62.8,2025-11-08 00:00:00,2026-05-28 00:00:00,6,32,201,5,5,5,15.5,15
784,15,599.19,39.95,2025-06-26 00:00:00,2026-05-28 00:00:00,6,32,336,5,5,4,24.0,14
585,15,647.97,43.2,2025-02-03 00:00:00,2026-05-28 00:00:00,6,32,479,5,5,4,34.2,14
659,15,788.26,52.55,2024-05-16 00:00:00,2026-05-28 00:00:00,7,32,742,5,5,4,53.0,14
866,16,1397.94,87.37,2025-06-02 00:00:00,2026-05-28 00:00:00,6,32,360,5,5,5,24.0,15
1030,17,1390.98,81.82,2025-01-28 00:00:00,2026-05-28 00:00:00,6,32,485,5,5,5,30.3,15
27,17,2023.18,119.01,2025-03-20 00:00:00,2026-05-28 00:00:00,6,32,434,5,5,5,27.1,15
481,18,594.75,33.04,2025-06-12 00:00:00,2026-05-28 00:00:00,7,32,350,5,5,4,20.6,14
297,20,1973.67,98.68,2024-05-17 00:00:00,2026-05-28 00:00:00,7,32,741,5,5,5,39.0,15
138,20,2185.12,109.26,2025-08-16 00:00:00,2026-05-28 00:00:00,7,32,285,5,5,5,15.0,15
216,23,2634.45,114.54,2024-07-20 00:00:00,2026-05-28 00:00:00,6,32,677,5,5,5,30.8,15
300,24,1293.09,53.88,2025-10-26 00:00:00,2026-05-28 00:00:00,6,32,214,5,5,5,9.3,15
30,25,2635.34,105.41,2024-11-13 00:00:00,2026-05-28 00:00:00,7,32,561,5,5,5,23.4,15
79,26,2231.99,85.85,2024-05-08 00:00:00,2026-05-28 00:00:00,7,32,750,5,5,5,30.0,15
71,38,3043.68,80.1,2024-01-31 00:00:00,2026-05-28 00:00:00,7,32,848,5,5,5,22.9,15
2000,1,31.74,31.74,2026-05-29 00:00:00,2026-05-29 00:00:00,1,31,0,5,1,1,,7
1795,1,60.02,60.02,2026-05-29 00:00:00,2026-05-29 00:00:00,1,31,0,5,1,1,,7
1433,2,91.41,45.7,2026-02-03 00:00:00,2026-05-29 00:00:00,2,31,115,5,1,2,115.0,8
1952,3,92.46,30.82,2025-03-07 00:00:00,2026-05-29 00:00:00,3,31,448,5,2,2,224.0,9
1168,3,614.99,205.0,2026-03-18 00:00:00,2026-05-29 00:00:00,2,31,72,5,2,4,36.0,11
1379,4,808.22,202.06,2026-04-25 00:00:00,2026-05-29 00:00:00,3,31,34,5,3,4,11.3,12
513,7,327.31,46.76,2026-04-28 00:00:00,2026-05-29 00:00:00,4,31,31,5,3,3,5.2,11
875,8,725.99,90.75,2026-01-15 00:00:00,2026-05-29 00:00:00,6,31,134,5,4,4,19.1,13
831,11,685.25,62.3,2026-03-26 00:00:00,2026-05-29 00:00:00,5,31,64,5,4,4,6.4,13
1117,11,806.94,73.36,2025-08-16 00:00:00,2026-05-29 00:00:00,5,31,286,5,4,4,28.6,13
520,11,817.34,74.3,2025-12-11 00:00:00,2026-05-29 00:00:00,5,31,169,5,4,4,16.9,13
398,11,1123.58,102.14,2026-02-04 00:00:00,2026-05-29 00:00:00,7,31,114,5,4,5,11.4,14
910,12,462.43,38.54,2024-09-17 00:00:00,2026-05-29 00:00:00,6,31,619,5,4,4,56.3,13
492,12,469.49,39.12,2025-10-15 00:00:00,2026-05-29 00:00:00,6,31,226,5,4,4,20.5,13
493,12,778.4,64.87,2025-11-16 00:00:00,2026-05-29 00:00:00,4,31,194,5,4,4,17.6,13
1148,12,1989.41,165.78,2025-07-24 00:00:00,2026-05-29 00:00:00,4,31,309,5,5,5,28.1,15
764,13,397.96,30.61,2026-03-04 00:00:00,2026-05-29 00:00:00,6,31,86,5,5,3,7.2,13
600,13,1029.9,79.22,2026-02-27 00:00:00,2026-05-29 00:00:00,6,31,91,5,5,5,7.6,15
459,14,703.17,50.23,2024-12-18 00:00:00,2026-05-29 00:00:00,5,31,527,5,5,4,40.5,14
336,16,1430.02,89.38,2025-04-08 00:00:00,2026-05-29 00:00:00,6,31,416,5,5,5,27.7,15
268,18,843.96,46.89,2024-06-10 00:00:00,2026-05-29 00:00:00,7,31,718,5,5,4,42.2,14
175,18,1499.92,83.33,2025-09-20 00:00:00,2026-05-29 00:00:00,6,31,251,5,5,5,14.8,15
427,19,1149.73,60.51,2023-12-31 00:00:00,2026-05-29 00:00:00,7,31,880,5,5,5,48.9,15
701,19,1990.62,104.77,2024-07-30 00:00:00,2026-05-29 00:00:00,7,31,668,5,5,5,37.1,15
220,21,2575.51,122.64,2025-08-29 00:00:00,2026-05-29 00:00:00,7,31,273,5,5,5,13.7,15
11,23,1206.81,52.47,2024-10-04 00:00:00,2026-05-29 00:00:00,6,31,602,5,5,5,27.4,15
133,24,1773.32,73.89,2024-08-14 00:00:00,2026-05-29 00:00:00,7,31,653,5,5,5,28.4,15
129,24,2810.83,117.12,2025-12-13 00:00:00,2026-05-29 00:00:00,7,31,167,5,5,5,7.3,15
151,28,2876.32,102.73,2024-03-16 00:00:00,2026-05-29 00:00:00,7,31,804,5,5,5,29.8,15
1935,2,96.33,48.16,2026-04-24 00:00:00,2026-05-30 00:00:00,2,30,36,5,1,2,36.0,8
1781,2,153.92,76.96,2026-02-24 00:00:00,2026-05-30 00:00:00,1,30,95,5,2,2,95.0,9
1555,2,203.55,101.78,2026-03-22 00:00:00,2026-05-30 00:00:00,2,30,69,5,2,2,69.0,9
1625,3,32.41,10.8,2026-04-27 00:00:00,2026-05-30 00:00:00,3,30,33,5,2,1,16.5,8
1763,5,320.16,64.03,2025-12-28 00:00:00,2026-05-30 00:00:00,3,30,153,5,3,3,38.3,11
1350,6,1295.31,215.88,2026-04-28 00:00:00,2026-05-30 00:00:00,5,30,32,5,3,5,6.4,13
1194,7,1605.61,229.37,2026-02-17 00:00:00,2026-05-30 00:00:00,4,30,102,5,3,5,17.0,13
1036,8,460.48,57.56,2025-12-15 00:00:00,2026-05-30 00:00:00,4,30,166,5,4,4,23.7,13
1140,8,1699.74,212.47,2025-04-18 00:00:00,2026-05-30 00:00:00,5,30,407,5,4,5,58.1,14
1091,9,354.93,39.44,2024-10-24 00:00:00,2026-05-30 00:00:00,6,30,583,5,4,3,72.9,12
638,9,522.82,58.09,2025-01-24 00:00:00,2026-05-30 00:00:00,5,30,491,5,4,4,61.4,13
810,9,612.84,68.09,2025-12-29 00:00:00,2026-05-30 00:00:00,4,30,152,5,4,4,19.0,13
1041,10,480.91,48.09,2024-12-29 00:00:00,2026-05-30 00:00:00,3,30,517,5,4,4,57.4,13
802,10,522.78,52.28,2026-02-09 00:00:00,2026-05-30 00:00:00,6,30,110,5,4,4,12.2,13
368,10,887.95,88.8,2025-01-25 00:00:00,2026-05-30 00:00:00,5,30,490,5,4,5,54.4,14
478,11,830.18,75.47,2025-11-13 00:00:00,2026-05-30 00:00:00,5,30,198,5,4,4,19.8,13
434,12,466.47,38.87,2024-08-19 00:00:00,2026-05-30 00:00:00,6,30,649,5,4,4,59.0,13
733,12,599.0,49.92,2025-06-16 00:00:00,2026-05-30 00:00:00,6,30,348,5,4,4,31.6,13
392,12,960.01,80.0,2025-01-20 00:00:00,2026-05-30 00:00:00,6,30,495,5,4,5,45.0,14
938,12,970.47,80.87,2025-01-08 00:00:00,2026-05-30 00:00:00,7,30,507,5,4,5,46.1,14
698,13,837.84,64.45,2025-08-26 00:00:00,2026-05-30 00:00:00,5,30,277,5,5,4,23.1,14
557,13,839.41,64.57,2025-11-14 00:00:00,2026-05-30 00:00:00,5,30,197,5,5,4,16.4,14
406,13,908.04,69.85,2026-01-31 00:00:00,2026-05-30 00:00:00,6,30,119,5,5,5,9.9,15
892,15,758.66,50.58,2024-09-17 00:00:00,2026-05-30 00:00:00,6,30,620,5,5,4,44.3,14
394,15,804.03,53.6,2026-01-12 00:00:00,2026-05-30 00:00:00,5,30,138,5,5,4,9.9,14
933,15,889.84,59.32,2024-06-22 00:00:00,2026-05-30 00:00:00,6,30,707,5,5,5,50.5,15
905,15,1093.44,72.9,2024-08-11 00:00:00,2026-05-30 00:00:00,7,30,657,5,5,5,46.9,15
1076,15,1155.81,77.05,2025-07-06 00:00:00,2026-05-30 00:00:00,6,30,328,5,5,5,23.4,15
515,15,1181.36,78.76,2024-11-05 00:00:00,2026-05-30 00:00:00,6,30,571,5,5,5,40.8,15
1051,16,1434.59,89.66,2025-01-29 00:00:00,2026-05-30 00:00:00,7,30,486,5,5,5,32.4,15
553,18,1238.38,68.8,2024-07-04 00:00:00,2026-05-30 00:00:00,6,30,695,5,5,5,40.9,15
285,20,1608.94,80.45,2026-01-08 00:00:00,2026-05-30 00:00:00,6,30,142,5,5,5,7.5,15
622,21,1423.23,67.77,2024-11-07 00:00:00,2026-05-30 00:00:00,7,30,569,5,5,5,28.4,15
193,22,2002.74,91.03,2026-03-05 00:00:00,2026-05-30 00:00:00,7,30,86,5,5,5,4.1,15
108,24,3297.48,137.4,2025-03-28 00:00:00,2026-05-30 00:00:00,7,30,428,5,5,5,18.6,15
14,26,1338.17,51.47,2025-07-27 00:00:00,2026-05-30 00:00:00,7,30,307,5,5,5,12.3,15
168,26,3314.63,127.49,2024-09-10 00:00:00,2026-05-30 00:00:00,7,30,627,5,5,5,25.1,15
65,27,3485.75,129.1,2024-09-18 00:00:00,2026-05-30 00:00:00,7,30,619,5,5,5,23.8,15
92,30,3188.18,106.27,2024-09-19 00:00:00,2026-05-30 00:00:00,7,30,618,5,5,5,21.3,15
1581,1,35.43,35.43,2026-05-31 00:00:00,2026-05-31 00:00:00,1,29,0,5,1,1,,7
1730,2,111.61,55.8,2026-01-11 00:00:00,2026-05-31 00:00:00,2,29,140,5,2,2,140.0,9
1807,2,139.17,69.58,2026-04-27 00:00:00,2026-05-31 00:00:00,2,29,34,5,2,2,34.0,9
1438,3,78.8,26.27,2026-05-20 00:00:00,2026-05-31 00:00:00,2,29,11,5,2,1,5.5,8
1969,3,86.93,28.98,2025-03-01 00:00:00,2026-05-31 00:00:00,2,29,456,5,2,2,228.0,9
1710,3,140.86,46.95,2025-08-25 00:00:00,2026-05-31 00:00:00,2,29,279,5,2,2,139.5,9
1468,8,345.48,43.19,2025-08-08 00:00:00,2026-05-31 00:00:00,5,29,296,5,4,3,42.3,12
359,8,619.28,77.41,2025-04-07 00:00:00,2026-05-31 00:00:00,5,29,419,5,4,4,59.9,13
977,10,352.64,35.26,2025-11-08 00:00:00,2026-05-31 00:00:00,6,29,204,5,4,3,22.7,12
854,11,238.48,21.68,2026-02-11 00:00:00,2026-05-31 00:00:00,6,29,109,5,4,3,10.9,12
1112,12,757.45,63.12,2024-11-03 00:00:00,2026-05-31 00:00:00,6,29,574,5,4,4,52.2,13
684,13,618.26,47.56,2025-11-29 00:00:00,2026-05-31 00:00:00,7,29,183,5,5,4,15.3,14
581,13,666.61,51.28,2026-04-04 00:00:00,2026-05-31 00:00:00,6,29,57,5,5,4,4.8,14
456,13,901.72,69.36,2024-03-03 00:00:00,2026-05-31 00:00:00,6,29,819,5,5,5,68.3,15
934,14,770.37,55.03,2024-09-11 00:00:00,2026-05-31 00:00:00,6,29,627,5,5,4,48.2,14
654,15,727.95,48.53,2024-11-14 00:00:00,2026-05-31 00:00:00,7,29,563,5,5,4,40.2,14
988,15,862.58,57.51,2025-10-29 00:00:00,2026-05-31 00:00:00,7,29,214,5,5,5,15.3,15
969,16,752.63,47.04,2025-06-17 00:00:00,2026-05-31 00:00:00,6,29,348,5,5,4,23.2,14
1015,17,1089.82,64.11,2026-02-21 00:00:00,2026-05-31 00:00:00,7,29,99,5,5,5,6.2,15
127,18,1868.1,103.78,2025-02-24 00:00:00,2026-05-31 00:00:00,6,29,461,5,5,5,27.1,15
580,19,1328.39,69.92,2025-08-25 00:00:00,2026-05-31 00:00:00,6,29,279,5,5,5,15.5,15
57,19,3048.89,160.47,2024-04-06 00:00:00,2026-05-31 00:00:00,7,29,785,5,5,5,43.6,15
67,23,1715.97,74.61,2024-12-16 00:00:00,2026-05-31 00:00:00,7,29,531,5,5,5,24.1,15
187,26,2402.39,92.4,2024-03-28 00:00:00,2026-05-31 00:00:00,7,29,794,5,5,5,31.8,15
1295,2,368.68,184.34,2025-03-14 00:00:00,2026-06-01 00:00:00,2,28,444,5,2,3,444.0,10
1132,4,636.82,159.21,2025-04-17 00:00:00,2026-06-01 00:00:00,2,28,410,5,3,4,136.7,12
961,7,686.74,98.11,2025-05-02 00:00:00,2026-06-01 00:00:00,3,28,395,5,3,4,65.8,12
1362,8,1608.44,201.06,2025-08-18 00:00:00,2026-06-01 00:00:00,5,28,287,5,4,5,41.0,14
1055,9,435.44,48.38,2026-02-03 00:00:00,2026-06-01 00:00:00,3,28,118,5,4,3,14.8,12
633,10,456.34,45.63,2025-06-23 00:00:00,2026-06-01 00:00:00,6,28,343,5,4,4,38.1,13
843,11,828.88,75.35,2025-09-10 00:00:00,2026-06-01 00:00:00,6,28,264,5,4,4,26.4,13
611,11,872.22,79.29,2025-09-12 00:00:00,2026-06-01 00:00:00,5,28,262,5,4,5,26.2,14
898,12,726.9,60.57,2024-08-22 00:00:00,2026-06-01 00:00:00,4,28,648,5,4,4,58.9,13
646,13,555.9,42.76,2025-02-08 00:00:00,2026-06-01 00:00:00,6,28,478,5,5,4,39.8,14
614,14,920.43,65.75,2026-03-27 00:00:00,2026-06-01 00:00:00,5,28,66,5,5,5,5.1,15
1032,15,757.61,50.51,2024-04-30 00:00:00,2026-06-01 00:00:00,7,28,762,5,5,4,54.4,14
982,16,1036.24,64.77,2026-05-10 00:00:00,2026-06-01 00:00:00,7,28,22,5,5,5,1.5,15
479,17,1062.89,62.52,2024-05-13 00:00:00,2026-06-01 00:00:00,6,28,749,5,5,5,46.8,15
555,18,928.78,51.6,2025-12-09 00:00:00,2026-06-01 00:00:00,7,28,174,5,5,5,10.2,15
159,18,2356.12,130.9,2024-12-29 00:00:00,2026-06-01 00:00:00,7,28,519,5,5,5,30.5,15
119,22,2293.28,104.24,2024-05-14 00:00:00,2026-06-01 00:00:00,7,28,748,5,5,5,35.6,15
292,23,2591.65,112.68,2025-08-12 00:00:00,2026-06-01 00:00:00,7,28,293,5,5,5,13.3,15
1668,1,7.53,7.53,2026-06-02 00:00:00,2026-06-02 00:00:00,1,27,0,5,1,1,,7
1587,2,112.5,56.25,2025-11-29 00:00:00,2026-06-02 00:00:00,2,27,185,5,2,2,185.0,9
1459,2,166.27,83.14,2026-05-23 00:00:00,2026-06-02 00:00:00,2,27,10,5,2,2,10.0,9
1671,3,140.58,46.86,2026-03-23 00:00:00,2026-06-02 00:00:00,2,27,71,5,2,2,35.5,9
1682,3,198.64,66.21,2026-04-25 00:00:00,2026-06-02 00:00:00,2,27,38,5,2,2,19.0,9
1188,6,871.32,145.22,2025-02-04 00:00:00,2026-06-02 00:00:00,5,27,483,5,3,5,96.6,13
794,7,270.87,38.7,2026-04-02 00:00:00,2026-06-02 00:00:00,5,27,61,5,3,3,10.2,11
1249,7,1809.46,258.49,2024-07-18 00:00:00,2026-06-02 00:00:00,4,27,684,5,3,5,114.0,13
599,8,668.59,83.57,2026-02-15 00:00:00,2026-06-02 00:00:00,6,27,107,5,4,4,15.3,13
408,10,704.59,70.46,2024-12-28 00:00:00,2026-06-02 00:00:00,6,27,521,5,4,4,57.9,13
505,11,584.91,53.17,2026-01-06 00:00:00,2026-06-02 00:00:00,5,27,147,5,4,4,14.7,13
817,12,1036.28,86.36,2025-10-16 00:00:00,2026-06-02 00:00:00,6,27,229,5,5,5,20.8,15
412,13,507.51,39.04,2025-12-06 00:00:00,2026-06-02 00:00:00,6,27,178,5,5,4,14.8,14
574,13,849.48,65.34,2025-10-01 00:00:00,2026-06-02 00:00:00,5,27,244,5,5,4,20.3,14
1074,13,1293.2,99.48,2024-03-01 00:00:00,2026-06-02 00:00:00,6,27,823,5,5,5,68.6,15
685,14,819.62,58.54,2025-09-05 00:00:00,2026-06-02 00:00:00,6,27,270,5,5,4,20.8,14
26,14,1481.31,105.81,2025-01-20 00:00:00,2026-06-02 00:00:00,7,27,498,5,5,5,38.3,15
966,16,621.05,38.82,2026-05-02 00:00:00,2026-06-02 00:00:00,6,27,31,5,5,4,2.1,14
918,16,1290.32,80.64,2024-10-07 00:00:00,2026-06-02 00:00:00,6,27,603,5,5,5,40.2,15
530,16,1345.07,84.07,2025-10-30 00:00:00,2026-06-02 00:00:00,6,27,215,5,5,5,14.3,15
10,23,2325.35,101.1,2025-11-29 00:00:00,2026-06-02 00:00:00,5,27,185,5,5,5,8.4,15
1748,2,122.6,61.3,2025-08-04 00:00:00,2026-06-03 00:00:00,2,26,303,5,2,2,303.0,9
1593,2,139.89,69.94,2026-05-26 00:00:00,2026-06-03 00:00:00,2,26,8,5,2,2,8.0,9
1307,2,394.54,197.27,2026-05-21 00:00:00,2026-06-03 00:00:00,2,26,13,5,2,3,13.0,10
1639,3,173.66,57.89,2026-03-25 00:00:00,2026-06-03 00:00:00,3,26,70,5,2,2,35.0,9
1832,4,235.54,58.88,2025-04-07 00:00:00,2026-06-03 00:00:00,3,26,422,5,2,3,140.7,10
1986,4,240.89,60.22,2026-05-07 00:00:00,2026-06-03 00:00:00,3,26,27,5,2,3,9.0,10
1568,5,230.99,46.2,2026-04-13 00:00:00,2026-06-03 00:00:00,4,26,51,5,3,3,12.8,11
1306,5,1364.09,272.82,2026-03-16 00:00:00,2026-06-03 00:00:00,4,26,79,5,3,5,19.8,13
1994,6,274.02,45.67,2026-01-30 00:00:00,2026-06-03 00:00:00,6,26,124,5,3,3,24.8,11
1080,6,460.45,76.74,2025-02-18 00:00:00,2026-06-03 00:00:00,3,26,470,5,3,4,94.0,12
1121,6,1432.93,238.82,2025-09-06 00:00:00,2026-06-03 00:00:00,4,26,270,5,3,5,54.0,13
1385,6,1455.3,242.55,2024-11-15 00:00:00,2026-06-03 00:00:00,5,26,565,5,3,5,113.0,13
628,8,539.52,67.44,2025-02-20 00:00:00,2026-06-03 00:00:00,5,26,468,5,4,4,66.9,13
1116,8,617.04,77.13,2025-10-23 00:00:00,2026-06-03 00:00:00,4,26,223,5,4,4,31.9,13
447,9,457.06,50.78,2024-09-01 00:00:00,2026-06-03 00:00:00,4,26,640,5,4,4,80.0,13
444,9,684.33,76.04,2025-07-29 00:00:00,2026-06-03 00:00:00,4,26,309,5,4,4,38.6,13
1327,9,1714.98,190.55,2026-02-21 00:00:00,2026-06-03 00:00:00,6,26,102,5,4,5,12.8,14
1211,10,1718.92,171.89,2025-12-18 00:00:00,2026-06-03 00:00:00,6,26,167,5,4,5,18.6,14
886,11,329.88,29.99,2025-01-21 00:00:00,2026-06-03 00:00:00,6,26,498,5,4,3,49.8,12
360,11,787.48,71.59,2025-09-10 00:00:00,2026-06-03 00:00:00,6,26,266,5,4,4,26.6,13
464,12,398.5,33.21,2025-09-22 00:00:00,2026-06-03 00:00:00,4,26,254,5,4,3,23.1,12
497,12,959.58,79.97,2024-09-19 00:00:00,2026-06-03 00:00:00,5,26,622,5,4,5,56.5,14
466,13,464.41,35.72,2025-11-22 00:00:00,2026-06-03 00:00:00,5,26,193,5,5,4,16.1,14
712,13,640.02,49.23,2026-02-27 00:00:00,2026-06-03 00:00:00,6,26,96,5,5,4,8.0,14
609,14,629.88,44.99,2024-04-09 00:00:00,2026-06-03 00:00:00,5,26,785,5,5,4,60.4,14
290,15,1135.01,75.67,2026-01-14 00:00:00,2026-06-03 00:00:00,6,26,140,5,5,5,10.0,15
745,15,1352.6,90.17,2025-11-07 00:00:00,2026-06-03 00:00:00,6,26,208,5,5,5,14.9,15
860,16,1084.06,67.75,2025-12-25 00:00:00,2026-06-03 00:00:00,7,26,160,5,5,5,10.7,15
549,17,1024.95,60.29,2025-04-04 00:00:00,2026-06-03 00:00:00,7,26,425,5,5,5,26.6,15
970,18,995.55,55.31,2026-04-04 00:00:00,2026-06-03 00:00:00,6,26,60,5,5,5,3.5,15
295,23,2999.53,130.41,2024-08-22 00:00:00,2026-06-03 00:00:00,7,26,650,5,5,5,29.5,15
306,25,1575.1,63.0,2025-08-09 00:00:00,2026-06-03 00:00:00,7,26,298,5,5,5,12.4,15
145,28,2534.97,90.53,2025-06-13 00:00:00,2026-06-03 00:00:00,7,26,355,5,5,5,13.1,15
166,31,3300.47,106.47,2025-01-01 00:00:00,2026-06-03 00:00:00,7,26,518,5,5,5,17.3,15
1940,2,88.14,44.07,2025-03-22 00:00:00,2026-06-04 00:00:00,2,25,439,5,1,2,439.0,8
1681,3,129.34,43.11,2025-11-21 00:00:00,2026-06-04 00:00:00,2,25,195,5,2,2,97.5,9
1747,3,235.7,78.57,2026-05-08 00:00:00,2026-06-04 00:00:00,3,25,27,5,2,3,13.5,10
1300,4,754.33,188.58,2025-02-12 00:00:00,2026-06-04 00:00:00,3,25,477,5,3,4,159.0,12
1349,6,1235.81,205.97,2025-06-10 00:00:00,2026-06-04 00:00:00,4,25,359,5,3,5,71.8,13
705,8,445.31,55.66,2025-11-22 00:00:00,2026-06-04 00:00:00,5,25,194,5,4,3,27.7,12
507,8,841.54,105.19,2025-09-25 00:00:00,2026-06-04 00:00:00,5,25,252,5,4,4,36.0,13
711,9,549.95,61.11,2024-11-30 00:00:00,2026-06-04 00:00:00,6,25,551,5,4,4,68.9,13
1109,10,577.64,57.76,2025-11-28 00:00:00,2026-06-04 00:00:00,6,25,188,5,4,4,20.9,13
1004,10,618.91,61.89,2026-02-03 00:00:00,2026-06-04 00:00:00,5,25,121,5,4,4,13.4,13
1155,10,1962.75,196.28,2024-08-13 00:00:00,2026-06-04 00:00:00,5,25,660,5,4,5,73.3,14
578,11,716.55,65.14,2024-03-15 00:00:00,2026-06-04 00:00:00,6,25,811,5,4,4,81.1,13
483,12,649.68,54.14,2024-08-06 00:00:00,2026-06-04 00:00:00,7,25,667,5,4,4,60.6,13
564,12,1021.86,85.16,2026-01-12 00:00:00,2026-06-04 00:00:00,5,25,143,5,5,5,13.0,15
1100,13,761.12,58.55,2024-02-06 00:00:00,2026-06-04 00:00:00,6,25,849,5,5,4,70.8,14
533,14,630.08,45.01,2024-04-03 00:00:00,2026-06-04 00:00:00,5,25,792,5,5,4,60.9,14
347,14,668.3,47.74,2024-02-23 00:00:00,2026-06-04 00:00:00,6,25,832,5,5,4,64.0,14
874,14,678.64,48.47,2026-05-03 00:00:00,2026-06-04 00:00:00,6,25,32,5,5,4,2.5,14
1045,15,911.36,60.76,2024-01-17 00:00:00,2026-06-04 00:00:00,6,25,869,5,5,5,62.1,15
13,15,1317.25,87.82,2025-09-21 00:00:00,2026-06-04 00:00:00,5,25,256,5,5,5,18.3,15
882,16,995.94,62.25,2024-01-09 00:00:00,2026-06-04 00:00:00,6,25,877,5,5,5,58.5,15
85,16,1781.29,111.33,2025-08-18 00:00:00,2026-06-04 00:00:00,5,25,290,5,5,5,19.3,15
401,17,1249.35,73.49,2024-08-17 00:00:00,2026-06-04 00:00:00,7,25,656,5,5,5,41.0,15
724,18,699.58,38.87,2024-12-29 00:00:00,2026-06-04 00:00:00,6,25,522,5,5,4,30.7,14
373,20,1306.32,65.32,2025-12-21 00:00:00,2026-06-04 00:00:00,6,25,165,5,5,5,8.7,15
28,23,2700.69,117.42,2024-09-09 00:00:00,2026-06-04 00:00:00,6,25,633,5,5,5,28.8,15
1771,1,42.17,42.17,2026-06-05 00:00:00,2026-06-05 00:00:00,1,24,0,5,1,1,,7
1929,2,90.71,45.35,2025-12-25 00:00:00,2026-06-05 00:00:00,2,24,162,5,1,2,162.0,8
1480,2,148.25,74.13,2026-06-04 00:00:00,2026-06-05 00:00:00,2,24,1,5,2,2,1.0,9
1414,3,44.26,14.75,2025-03-02 00:00:00,2026-06-05 00:00:00,3,24,460,5,2,1,230.0,8
1854,3,99.69,33.23,2026-04-01 00:00:00,2026-06-05 00:00:00,2,24,65,5,2,2,32.5,9
1909,4,141.33,35.33,2026-04-12 00:00:00,2026-06-05 00:00:00,4,24,54,5,2,2,18.0,9
1423,4,150.97,37.74,2026-05-20 00:00:00,2026-06-05 00:00:00,2,24,16,5,2,2,5.3,9
1238,6,1088.03,181.34,2026-05-18 00:00:00,2026-06-05 00:00:00,4,24,18,5,3,5,3.6,13
1035,9,584.93,64.99,2026-01-21 00:00:00,2026-06-05 00:00:00,4,24,135,5,4,4,16.9,13
1366,9,2493.23,277.03,2025-10-29 00:00:00,2026-06-05 00:00:00,6,24,219,5,4,5,27.4,14
734,11,945.09,85.92,2026-01-26 00:00:00,2026-06-05 00:00:00,4,24,130,5,4,5,13.0,14
1110,12,618.95,51.58,2026-05-10 00:00:00,2026-06-05 00:00:00,6,24,26,5,4,4,2.4,13
442,14,933.87,66.7,2026-05-11 00:00:00,2026-06-05 00:00:00,7,24,25,5,5,5,1.9,15
1099,15,905.93,60.4,2025-06-27 00:00:00,2026-06-05 00:00:00,6,24,343,5,5,5,24.5,15
308,16,1754.76,109.67,2025-08-04 00:00:00,2026-06-05 00:00:00,7,24,305,5,5,5,20.3,15
943,17,985.9,57.99,2024-11-21 00:00:00,2026-06-05 00:00:00,7,24,561,5,5,5,35.1,15
895,17,1409.44,82.91,2026-03-03 00:00:00,2026-06-05 00:00:00,6,24,94,5,5,5,5.9,15
849,18,1598.07,88.78,2025-12-09 00:00:00,2026-06-05 00:00:00,6,24,178,5,5,5,10.5,15
277,20,1332.0,66.6,2025-07-20 00:00:00,2026-06-05 00:00:00,7,24,320,5,5,5,16.8,15
696,20,1525.49,76.27,2026-03-21 00:00:00,2026-06-05 00:00:00,7,24,76,5,5,5,4.0,15
80,20,1881.21,94.06,2025-07-07 00:00:00,2026-06-05 00:00:00,7,24,333,5,5,5,17.5,15
221,23,1457.56,63.37,2025-10-02 00:00:00,2026-06-05 00:00:00,6,24,246,5,5,5,11.2,15
190,24,1129.95,47.08,2024-10-22 00:00:00,2026-06-05 00:00:00,7,24,591,5,5,5,25.7,15
204,25,2799.3,111.97,2025-04-23 00:00:00,2026-06-05 00:00:00,7,24,408,5,5,5,17.0,15
59,26,2401.64,92.37,2025-02-02 00:00:00,2026-06-05 00:00:00,7,24,488,5,5,5,19.5,15
259,28,2635.85,94.14,2025-11-24 00:00:00,2026-06-05 00:00:00,6,24,193,5,5,5,7.1,15
19,31,3903.1,125.91,2025-06-27 00:00:00,2026-06-05 00:00:00,7,24,343,5,5,5,11.4,15
1937,2,149.39,74.69,2026-05-17 00:00:00,2026-06-06 00:00:00,1,23,20,5,2,2,20.0,9
1213,3,370.02,123.34,2026-04-28 00:00:00,2026-06-06 00:00:00,3,23,39,5,2,3,19.5,10
1335,4,274.38,68.59,2026-04-01 00:00:00,2026-06-06 00:00:00,3,23,66,5,3,3,22.0,11
324,6,468.38,78.06,2026-05-06 00:00:00,2026-06-06 00:00:00,4,23,31,5,3,4,6.2,12
522,7,380.32,54.33,2026-03-20 00:00:00,2026-06-06 00:00:00,4,23,78,5,3,3,13.0,11
1226,7,1508.34,215.48,2026-01-22 00:00:00,2026-06-06 00:00:00,3,23,135,5,3,5,22.5,13
552,9,443.16,49.24,2025-12-03 00:00:00,2026-06-06 00:00:00,6,23,185,5,4,3,23.1,12
1120,10,414.7,41.47,2026-05-12 00:00:00,2026-06-06 00:00:00,6,23,25,5,4,3,2.8,12
1118,10,526.23,52.62,2024-10-19 00:00:00,2026-06-06 00:00:00,6,23,595,5,4,4,66.1,13
793,12,839.24,69.94,2026-05-13 00:00:00,2026-06-06 00:00:00,5,23,24,5,4,4,2.2,13
916,13,563.57,43.35,2026-05-25 00:00:00,2026-06-06 00:00:00,6,23,12,5,5,4,1.0,14
1064,13,585.64,45.05,2026-05-23 00:00:00,2026-06-06 00:00:00,6,23,14,5,5,4,1.2,14
429,13,669.09,51.47,2025-12-16 00:00:00,2026-06-06 00:00:00,6,23,172,5,5,4,14.3,14
703,13,785.63,60.43,2025-12-12 00:00:00,2026-06-06 00:00:00,5,23,176,5,5,4,14.7,14
579,13,1023.67,78.74,2025-03-05 00:00:00,2026-06-06 00:00:00,7,23,458,5,5,5,38.2,15
590,14,541.12,38.65,2025-11-06 00:00:00,2026-06-06 00:00:00,5,23,212,5,5,4,16.3,14
789,14,705.9,50.42,2024-08-12 00:00:00,2026-06-06 00:00:00,5,23,663,5,5,4,51.0,14
248,16,1711.81,106.99,2025-05-15 00:00:00,2026-06-06 00:00:00,7,23,387,5,5,5,25.8,15
4,18,1122.24,62.35,2024-11-16 00:00:00,2026-06-06 00:00:00,6,23,567,5,5,5,33.4,15
213,19,1608.65,84.67,2025-08-15 00:00:00,2026-06-06 00:00:00,6,23,295,5,5,5,16.4,15
48,21,2004.29,95.44,2025-06-24 00:00:00,2026-06-06 00:00:00,7,23,347,5,5,5,17.4,15
88,22,2782.38,126.47,2026-02-17 00:00:00,2026-06-06 00:00:00,5,23,109,5,5,5,5.2,15
230,23,2907.32,126.41,2024-11-14 00:00:00,2026-06-06 00:00:00,7,23,569,5,5,5,25.9,15
45,23,2951.66,128.33,2024-04-26 00:00:00,2026-06-06 00:00:00,7,23,771,5,5,5,35.0,15
163,25,1861.19,74.45,2024-09-23 00:00:00,2026-06-06 00:00:00,7,23,621,5,5,5,25.9,15
233,25,2875.0,115.0,2024-04-28 00:00:00,2026-06-06 00:00:00,7,23,769,5,5,5,32.0,15
52,27,1833.84,67.92,2024-12-19 00:00:00,2026-06-06 00:00:00,7,23,534,5,5,5,20.5,15
21,30,2706.8,90.23,2025-09-20 00:00:00,2026-06-06 00:00:00,7,23,259,5,5,5,8.9,15
1931,1,7.07,7.07,2026-06-07 00:00:00,2026-06-07 00:00:00,1,22,0,5,1,1,,7
1767,1,25.65,25.65,2026-06-07 00:00:00,2026-06-07 00:00:00,1,22,0,5,1,1,,7
1831,1,60.12,60.12,2026-06-07 00:00:00,2026-06-07 00:00:00,1,22,0,5,1,1,,7
1787,3,173.16,57.72,2026-05-07 00:00:00,2026-06-07 00:00:00,3,22,31,5,2,2,15.5,9
1966,3,185.86,61.95,2026-06-05 00:00:00,2026-06-07 00:00:00,3,22,2,5,2,2,1.0,9
1663,4,252.83,63.21,2026-03-25 00:00:00,2026-06-07 00:00:00,3,22,74,5,2,3,24.7,10
626,9,484.35,53.82,2026-03-21 00:00:00,2026-06-07 00:00:00,5,22,78,5,4,4,9.8,13
441,9,647.64,71.96,2025-10-17 00:00:00,2026-06-07 00:00:00,6,22,233,5,4,4,29.1,13
1354,10,2230.72,223.07,2026-04-20 00:00:00,2026-06-07 00:00:00,6,22,48,5,4,5,5.3,14
1119,11,635.56,57.78,2025-04-19 00:00:00,2026-06-07 00:00:00,6,22,414,5,4,4,41.4,13
396,11,877.63,79.78,2024-07-08 00:00:00,2026-06-07 00:00:00,6,22,699,5,4,5,69.9,14
716,11,969.2,88.11,2026-04-28 00:00:00,2026-06-07 00:00:00,6,22,40,5,4,5,4.0,14
288,13,1439.82,110.76,2025-04-14 00:00:00,2026-06-07 00:00:00,6,22,419,5,5,5,34.9,15
1002,14,228.36,16.31,2026-02-16 00:00:00,2026-06-07 00:00:00,6,22,111,5,5,3,8.5,13
354,14,1229.94,87.85,2026-04-16 00:00:00,2026-06-07 00:00:00,6,22,52,5,5,5,4.0,15
612,15,1078.04,71.87,2025-07-20 00:00:00,2026-06-07 00:00:00,6,22,322,5,5,5,23.0,15
986,16,859.92,53.74,2026-01-13 00:00:00,2026-06-07 00:00:00,6,22,145,5,5,4,9.7,14
316,17,1545.29,90.9,2025-11-24 00:00:00,2026-06-07 00:00:00,6,22,195,5,5,5,12.2,15
82,18,1290.01,71.67,2025-10-02 00:00:00,2026-06-07 00:00:00,7,22,248,5,5,5,14.6,15
639,18,1586.66,88.15,2025-11-06 00:00:00,2026-06-07 00:00:00,7,22,213,5,5,5,12.5,15
454,19,1290.06,67.9,2024-07-25 00:00:00,2026-06-07 00:00:00,5,22,682,5,5,5,37.9,15
1053,20,883.5,44.17,2026-05-05 00:00:00,2026-06-07 00:00:00,7,22,33,5,5,5,1.7,15
405,20,1738.63,86.93,2024-12-03 00:00:00,2026-06-07 00:00:00,7,22,551,5,5,5,29.0,15
47,21,1287.24,61.3,2025-01-28 00:00:00,2026-06-07 00:00:00,6,22,495,5,5,5,24.8,15
432,21,1390.32,66.21,2026-05-07 00:00:00,2026-06-07 00:00:00,7,22,31,5,5,5,1.6,15
62,22,2043.31,92.88,2025-11-05 00:00:00,2026-06-07 00:00:00,7,22,214,5,5,5,10.2,15
100,22,2355.26,107.06,2024-07-09 00:00:00,2026-06-07 00:00:00,6,22,698,5,5,5,33.2,15
105,24,1898.99,79.12,2024-07-05 00:00:00,2026-06-07 00:00:00,7,22,702,5,5,5,30.5,15
303,25,2126.24,85.05,2025-04-21 00:00:00,2026-06-07 00:00:00,7,22,412,5,5,5,17.2,15
183,25,2730.43,109.22,2024-06-25 00:00:00,2026-06-07 00:00:00,7,22,712,5,5,5,29.7,15
311,26,2389.69,91.91,2025-09-22 00:00:00,2026-06-07 00:00:00,7,22,258,5,5,5,10.3,15
25,30,3925.53,130.85,2025-12-16 00:00:00,2026-06-07 00:00:00,7,22,173,5,5,5,6.0,15
1805,2,85.56,42.78,2025-10-23 00:00:00,2026-06-08 00:00:00,2,21,228,5,1,2,228.0,8
1817,2,101.88,50.94,2026-05-13 00:00:00,2026-06-08 00:00:00,2,21,26,5,2,2,26.0,9
1470,2,108.63,54.31,2026-05-29 00:00:00,2026-06-08 00:00:00,2,21,10,5,2,2,10.0,9
1638,3,206.1,68.7,2026-03-27 00:00:00,2026-06-08 00:00:00,3,21,73,5,2,2,36.5,9
1135,4,798.03,199.51,2026-04-06 00:00:00,2026-06-08 00:00:00,3,21,63,5,3,4,21.0,12
695,8,399.05,49.88,2026-05-20 00:00:00,2026-06-08 00:00:00,5,21,19,5,4,3,2.7,12
375,10,424.49,42.45,2025-12-28 00:00:00,2026-06-08 00:00:00,5,21,162,5,4,3,18.0,12
1094,10,475.91,47.59,2026-02-24 00:00:00,2026-06-08 00:00:00,6,21,104,5,4,4,11.6,13
808,11,407.2,37.02,2026-04-20 00:00:00,2026-06-08 00:00:00,6,21,49,5,4,3,4.9,12
880,12,622.8,51.9,2026-01-13 00:00:00,2026-06-08 00:00:00,6,21,146,5,4,4,13.3,13
504,12,865.03,72.09,2025-12-16 00:00:00,2026-06-08 00:00:00,6,21,174,5,4,5,15.8,14
921,13,824.46,63.42,2026-05-14 00:00:00,2026-06-08 00:00:00,6,21,25,5,5,4,2.1,14
658,14,367.73,26.27,2025-11-29 00:00:00,2026-06-08 00:00:00,6,21,191,5,5,3,14.7,13
452,14,861.57,61.54,2025-09-17 00:00:00,2026-06-08 00:00:00,7,21,264,5,5,5,20.3,15
498,14,982.83,70.2,2026-03-11 00:00:00,2026-06-08 00:00:00,5,21,89,5,5,5,6.8,15
402,14,1023.39,73.1,2025-04-08 00:00:00,2026-06-08 00:00:00,6,21,426,5,5,5,32.8,15
510,16,693.88,43.37,2024-08-15 00:00:00,2026-06-08 00:00:00,5,21,662,5,5,4,44.1,14
826,16,900.06,56.25,2025-05-28 00:00:00,2026-06-08 00:00:00,5,21,376,5,5,5,25.1,15
531,16,953.96,59.62,2026-03-06 00:00:00,2026-06-08 00:00:00,7,21,94,5,5,5,6.3,15
1010,17,1374.93,80.88,2026-01-26 00:00:00,2026-06-08 00:00:00,6,21,133,5,5,5,8.3,15
214,17,1830.23,107.66,2026-01-01 00:00:00,2026-06-08 00:00:00,6,21,158,5,5,5,9.9,15
727,20,1403.52,70.18,2025-09-15 00:00:00,2026-06-08 00:00:00,6,21,266,5,5,5,14.0,15
49,20,1624.3,81.22,2025-09-30 00:00:00,2026-06-08 00:00:00,7,21,251,5,5,5,13.2,15
110,21,2326.35,110.78,2025-06-02 00:00:00,2026-06-08 00:00:00,7,21,371,5,5,5,18.6,15
954,22,943.41,42.88,2024-04-11 00:00:00,2026-06-08 00:00:00,7,21,788,5,5,5,37.5,15
32,24,2296.09,95.67,2024-03-18 00:00:00,2026-06-08 00:00:00,6,21,812,5,5,5,35.3,15
191,27,2192.96,81.22,2025-01-27 00:00:00,2026-06-08 00:00:00,7,21,497,5,5,5,19.1,15
242,35,3661.75,104.62,2024-09-23 00:00:00,2026-06-08 00:00:00,7,21,623,5,5,5,18.3,15
1507,1,56.67,56.67,2026-06-09 00:00:00,2026-06-09 00:00:00,1,20,0,5,1,1,,7
1999,2,115.65,57.83,2024-09-21 00:00:00,2026-06-09 00:00:00,2,20,626,5,2,2,626.0,9
1886,3,116.99,39.0,2026-04-10 00:00:00,2026-06-09 00:00:00,1,20,60,5,2,2,30.0,9
1695,3,165.37,55.12,2025-12-10 00:00:00,2026-06-09 00:00:00,2,20,181,5,2,2,90.5,9
1861,4,202.14,50.53,2024-09-19 00:00:00,2026-06-09 00:00:00,4,20,628,5,2,2,209.3,9
1596,4,254.31,63.58,2026-05-24 00:00:00,2026-06-09 00:00:00,4,20,16,5,2,3,5.3,10
491,11,370.78,33.71,2026-05-23 00:00:00,2026-06-09 00:00:00,4,20,17,5,4,3,1.7,12
663,11,703.73,63.98,2024-10-14 00:00:00,2026-06-09 00:00:00,6,20,603,5,4,4,60.3,13
753,11,708.98,64.45,2025-10-09 00:00:00,2026-06-09 00:00:00,6,20,243,5,4,4,24.3,13
946,11,720.12,65.47,2025-12-15 00:00:00,2026-06-09 00:00:00,5,20,176,5,4,4,17.6,13
803,13,847.68,65.21,2025-09-12 00:00:00,2026-06-09 00:00:00,5,20,270,5,5,4,22.5,14
887,13,915.23,70.4,2024-12-20 00:00:00,2026-06-09 00:00:00,7,20,536,5,5,5,44.7,15
1025,14,644.35,46.02,2024-11-21 00:00:00,2026-06-09 00:00:00,6,20,565,5,5,4,43.5,14
1084,14,742.34,53.02,2026-04-13 00:00:00,2026-06-09 00:00:00,7,20,57,5,5,4,4.4,14
656,14,849.48,60.68,2025-07-06 00:00:00,2026-06-09 00:00:00,6,20,338,5,5,4,26.0,14
664,14,865.96,61.85,2025-08-12 00:00:00,2026-06-09 00:00:00,7,20,301,5,5,5,23.2,15
1111,14,875.69,62.55,2024-12-19 00:00:00,2026-06-09 00:00:00,6,20,537,5,5,5,41.3,15
388,14,878.4,62.74,2026-02-03 00:00:00,2026-06-09 00:00:00,5,20,126,5,5,5,9.7,15
838,14,1099.82,78.56,2025-08-31 00:00:00,2026-06-09 00:00:00,5,20,282,5,5,5,21.7,15
1024,15,636.96,42.46,2026-01-14 00:00:00,2026-06-09 00:00:00,5,20,146,5,5,4,10.4,14
587,15,804.09,53.61,2025-10-23 00:00:00,2026-06-09 00:00:00,7,20,229,5,5,4,16.4,14
468,15,971.27,64.75,2025-06-30 00:00:00,2026-06-09 00:00:00,6,20,344,5,5,5,24.6,15
1082,16,1138.58,71.16,2026-03-17 00:00:00,2026-06-09 00:00:00,6,20,84,5,5,5,5.6,15
118,18,1080.11,60.01,2025-12-06 00:00:00,2026-06-09 00:00:00,6,20,185,5,5,5,10.9,15
121,18,1937.34,107.63,2024-03-24 00:00:00,2026-06-09 00:00:00,7,20,807,5,5,5,47.5,15
2,19,1099.82,57.89,2025-05-15 00:00:00,2026-06-09 00:00:00,6,20,390,5,5,5,21.7,15
189,19,1988.74,104.67,2025-07-06 00:00:00,2026-06-09 00:00:00,7,20,338,5,5,5,18.8,15
149,19,2790.66,146.88,2024-02-18 00:00:00,2026-06-09 00:00:00,7,20,842,5,5,5,46.8,15
514,22,1492.68,67.85,2026-01-17 00:00:00,2026-06-09 00:00:00,6,20,143,5,5,5,6.8,15
132,27,1633.15,60.49,2025-02-19 00:00:00,2026-06-09 00:00:00,7,20,475,5,5,5,18.3,15
240,30,2551.47,85.05,2025-10-02 00:00:00,2026-06-09 00:00:00,7,20,250,5,5,5,8.6,15
1452,1,55.5,55.5,2026-06-10 00:00:00,2026-06-10 00:00:00,1,19,0,5,1,1,,7
1592,3,104.49,34.83,2026-03-03 00:00:00,2026-06-10 00:00:00,2,19,99,5,2,2,49.5,9
1544,3,132.99,44.33,2025-09-22 00:00:00,2026-06-10 00:00:00,2,19,261,5,2,2,130.5,9
1519,3,133.88,44.63,2025-09-26 00:00:00,2026-06-10 00:00:00,2,19,257,5,2,2,128.5,9
1850,3,173.34,57.78,2026-06-03 00:00:00,2026-06-10 00:00:00,3,19,7,5,2,2,3.5,9
1955,3,217.71,72.57,2026-01-12 00:00:00,2026-06-10 00:00:00,3,19,149,5,2,3,74.5,10
592,9,643.85,71.54,2025-06-18 00:00:00,2026-06-10 00:00:00,4,19,357,5,4,4,44.6,13
608,11,628.94,57.18,2025-03-14 00:00:00,2026-06-10 00:00:00,7,19,453,5,4,4,45.3,13
751,11,681.35,61.94,2025-08-29 00:00:00,2026-06-10 00:00:00,5,19,285,5,4,4,28.5,13
629,12,607.48,50.62,2025-07-21 00:00:00,2026-06-10 00:00:00,6,19,324,5,4,4,29.5,13
742,13,559.38,43.03,2025-10-04 00:00:00,2026-06-10 00:00:00,5,19,249,5,5,4,20.8,14
765,13,1111.51,85.5,2025-11-13 00:00:00,2026-06-10 00:00:00,6,19,209,5,5,5,17.4,15
428,14,618.54,44.18,2026-01-03 00:00:00,2026-06-10 00:00:00,5,19,158,5,5,4,12.2,14
878,14,764.24,54.59,2025-10-11 00:00:00,2026-06-10 00:00:00,7,19,242,5,5,4,18.6,14
472,14,939.22,67.09,2024-04-26 00:00:00,2026-06-10 00:00:00,6,19,775,5,5,5,59.6,15
367,15,659.71,43.98,2025-04-20 00:00:00,2026-06-10 00:00:00,6,19,416,5,5,4,29.7,14
868,15,1058.49,70.57,2024-12-10 00:00:00,2026-06-10 00:00:00,5,19,547,5,5,5,39.1,15
813,16,1131.22,70.7,2025-11-22 00:00:00,2026-06-10 00:00:00,6,19,200,5,5,5,13.3,15
335,19,731.34,38.49,2025-11-22 00:00:00,2026-06-10 00:00:00,7,19,200,5,5,4,11.1,14
37,22,2042.11,92.82,2024-12-24 00:00:00,2026-06-10 00:00:00,7,19,533,5,5,5,25.4,15
106,23,1426.47,62.02,2025-04-06 00:00:00,2026-06-10 00:00:00,7,19,430,5,5,5,19.5,15
115,24,1733.19,72.22,2025-02-09 00:00:00,2026-06-10 00:00:00,7,19,486,5,5,5,21.1,15
293,26,1660.48,63.86,2025-12-14 00:00:00,2026-06-10 00:00:00,7,19,178,5,5,5,7.1,15
244,28,2997.47,107.05,2025-04-15 00:00:00,2026-06-10 00:00:00,7,19,421,5,5,5,15.6,15
39,30,2826.6,94.22,2025-04-18 00:00:00,2026-06-10 00:00:00,7,19,418,5,5,5,14.4,15
1727,1,49.38,49.38,2026-06-11 00:00:00,2026-06-11 00:00:00,1,18,0,5,1,1,,7
1561,1,59.68,59.68,2026-06-11 00:00:00,2026-06-11 00:00:00,1,18,0,5,1,1,,7
1783,2,110.45,55.22,2025-11-21 00:00:00,2026-06-11 00:00:00,2,18,202,5,2,2,202.0,9
1725,6,366.93,61.16,2026-02-16 00:00:00,2026-06-11 00:00:00,3,18,115,5,3,3,23.0,11
1285,7,1703.41,243.34,2026-03-21 00:00:00,2026-06-11 00:00:00,5,18,82,5,3,5,13.7,13
732,8,355.34,44.42,2024-11-05 00:00:00,2026-06-11 00:00:00,5,18,583,5,4,3,83.3,12
546,10,844.58,84.46,2025-08-03 00:00:00,2026-06-11 00:00:00,5,18,312,5,4,4,34.7,13
771,11,239.84,21.8,2026-01-04 00:00:00,2026-06-11 00:00:00,6,18,158,5,4,3,15.8,12
719,11,428.52,38.96,2026-01-05 00:00:00,2026-06-11 00:00:00,5,18,157,5,4,3,15.7,12
407,13,548.64,42.2,2025-01-22 00:00:00,2026-06-11 00:00:00,5,18,505,5,5,4,42.1,14
804,13,731.15,56.24,2026-01-19 00:00:00,2026-06-11 00:00:00,5,18,143,5,5,4,11.9,14
418,13,801.75,61.67,2026-02-10 00:00:00,2026-06-11 00:00:00,4,18,121,5,5,4,10.1,14
859,13,821.38,63.18,2026-03-12 00:00:00,2026-06-11 00:00:00,5,18,91,5,5,4,7.6,14
284,13,1016.56,78.2,2026-04-03 00:00:00,2026-06-11 00:00:00,5,18,69,5,5,5,5.8,15
644,14,704.63,50.33,2025-09-02 00:00:00,2026-06-11 00:00:00,7,18,282,5,5,4,21.7,14
346,14,883.43,63.1,2024-05-10 00:00:00,2026-06-11 00:00:00,6,18,762,5,5,5,58.6,15
532,15,712.23,47.48,2026-01-31 00:00:00,2026-06-11 00:00:00,6,18,131,5,5,4,9.4,14
523,15,815.72,54.38,2024-10-06 00:00:00,2026-06-11 00:00:00,7,18,613,5,5,4,43.8,14
846,15,988.82,65.92,2024-12-17 00:00:00,2026-06-11 00:00:00,4,18,541,5,5,5,38.6,15
547,15,1256.53,83.77,2025-05-24 00:00:00,2026-06-11 00:00:00,6,18,383,5,5,5,27.4,15
157,15,1605.24,107.02,2026-01-04 00:00:00,2026-06-11 00:00:00,6,18,158,5,5,5,11.3,15
252,18,1071.26,59.51,2026-02-03 00:00:00,2026-06-11 00:00:00,6,18,128,5,5,5,7.5,15
1063,18,1171.5,65.08,2025-11-29 00:00:00,2026-06-11 00:00:00,5,18,194,5,5,5,11.4,15
615,18,1536.2,85.34,2025-06-08 00:00:00,2026-06-11 00:00:00,7,18,368,5,5,5,21.6,15
655,19,651.46,34.29,2025-12-05 00:00:00,2026-06-11 00:00:00,7,18,188,5,5,4,10.4,14
250,19,1664.77,87.62,2024-07-02 00:00:00,2026-06-11 00:00:00,6,18,709,5,5,5,39.4,15
283,19,1693.94,89.15,2025-09-10 00:00:00,2026-06-11 00:00:00,7,18,274,5,5,5,15.2,15
142,20,1559.3,77.97,2025-05-07 00:00:00,2026-06-11 00:00:00,5,18,400,5,5,5,21.1,15
8,20,1788.56,89.43,2025-05-27 00:00:00,2026-06-11 00:00:00,6,18,380,5,5,5,20.0,15
262,20,1832.74,91.64,2026-04-03 00:00:00,2026-06-11 00:00:00,6,18,69,5,5,5,3.6,15
109,21,1867.4,88.92,2026-01-03 00:00:00,2026-06-11 00:00:00,5,18,159,5,5,5,8.0,15
272,21,2935.77,139.8,2024-07-19 00:00:00,2026-06-11 00:00:00,6,18,692,5,5,5,34.6,15
74,22,1764.25,80.19,2024-06-28 00:00:00,2026-06-11 00:00:00,7,18,713,5,5,5,34.0,15
243,24,2240.36,93.35,2025-11-10 00:00:00,2026-06-11 00:00:00,6,18,213,5,5,5,9.3,15
130,25,1908.81,76.35,2026-02-08 00:00:00,2026-06-11 00:00:00,6,18,123,5,5,5,5.1,15
1894,1,5.0,5.0,2026-06-12 00:00:00,2026-06-12 00:00:00,1,17,0,5,1,1,,7
1842,1,17.25,17.25,2026-06-12 00:00:00,2026-06-12 00:00:00,1,17,0,5,1,1,,7
1972,1,34.8,34.8,2026-06-12 00:00:00,2026-06-12 00:00:00,1,17,0,5,1,1,,7
1342,3,1173.41,391.14,2026-04-02 00:00:00,2026-06-12 00:00:00,2,17,71,5,2,5,35.5,12
1768,4,175.62,43.91,2026-05-09 00:00:00,2026-06-12 00:00:00,4,17,34,5,2,2,11.3,9
1877,6,307.6,51.27,2025-02-15 00:00:00,2026-06-12 00:00:00,4,17,482,5,3,3,96.4,11
783,9,571.62,63.51,2025-04-04 00:00:00,2026-06-12 00:00:00,6,17,434,5,4,4,54.3,13
1048,10,402.07,40.21,2026-02-07 00:00:00,2026-06-12 00:00:00,5,17,125,5,4,3,13.9,12
920,10,610.04,61.0,2025-06-11 00:00:00,2026-06-12 00:00:00,6,17,366,5,4,4,40.7,13
775,11,540.76,49.16,2025-11-26 00:00:00,2026-06-12 00:00:00,6,17,198,5,4,4,19.8,13
840,12,496.71,41.39,2025-11-29 00:00:00,2026-06-12 00:00:00,5,17,195,5,4,4,17.7,13
825,12,571.42,47.62,2026-02-12 00:00:00,2026-06-12 00:00:00,5,17,120,5,4,4,10.9,13
312,12,835.67,69.64,2026-01-09 00:00:00,2026-06-12 00:00:00,7,17,154,5,4,4,14.0,13
620,13,723.32,55.64,2024-11-05 00:00:00,2026-06-12 00:00:00,5,17,584,5,5,4,48.7,14
871,13,746.85,57.45,2024-12-06 00:00:00,2026-06-12 00:00:00,6,17,553,5,5,4,46.1,14
490,13,832.53,64.04,2026-03-23 00:00:00,2026-06-12 00:00:00,6,17,81,5,5,4,6.8,14
422,13,1063.4,81.8,2024-08-28 00:00:00,2026-06-12 00:00:00,5,17,653,5,5,5,54.4,15
126,13,1360.81,104.68,2025-12-08 00:00:00,2026-06-12 00:00:00,5,17,186,5,5,5,15.5,15
431,14,968.54,69.18,2025-07-01 00:00:00,2026-06-12 00:00:00,7,17,346,5,5,5,26.6,15
385,14,1194.96,85.35,2025-03-31 00:00:00,2026-06-12 00:00:00,6,17,438,5,5,5,33.7,15
767,17,900.75,52.99,2025-06-05 00:00:00,2026-06-12 00:00:00,5,17,372,5,5,5,23.3,15
345,17,1225.54,72.09,2026-03-09 00:00:00,2026-06-12 00:00:00,7,17,95,5,5,5,5.9,15
901,18,745.25,41.4,2024-03-20 00:00:00,2026-06-12 00:00:00,5,17,814,5,5,4,47.9,14
139,18,1947.1,108.17,2024-04-22 00:00:00,2026-06-12 00:00:00,7,17,781,5,5,5,45.9,15
779,19,1560.03,82.11,2024-11-04 00:00:00,2026-06-12 00:00:00,6,17,585,5,5,5,32.5,15
320,19,1980.8,104.25,2024-12-30 00:00:00,2026-06-12 00:00:00,7,17,529,5,5,5,29.4,15
58,20,2059.55,102.98,2026-01-03 00:00:00,2026-06-12 00:00:00,7,17,160,5,5,5,8.4,15
16,21,1682.76,80.13,2025-06-12 00:00:00,2026-06-12 00:00:00,7,17,365,5,5,5,18.3,15
218,22,831.79,37.81,2026-04-29 00:00:00,2026-06-12 00:00:00,7,17,44,5,5,4,2.1,14
36,23,2257.81,98.17,2026-02-22 00:00:00,2026-06-12 00:00:00,7,17,110,5,5,5,5.0,15
154,24,2184.83,91.03,2024-03-02 00:00:00,2026-06-12 00:00:00,6,17,832,5,5,5,36.2,15
307,24,2220.16,92.51,2025-01-14 00:00:00,2026-06-12 00:00:00,7,17,514,5,5,5,22.3,15
258,25,2799.14,111.97,2026-01-17 00:00:00,2026-06-12 00:00:00,7,17,146,5,5,5,6.1,15
416,27,705.49,26.13,2025-12-30 00:00:00,2026-06-12 00:00:00,7,17,164,5,5,4,6.3,14
43,28,2772.65,99.02,2025-10-16 00:00:00,2026-06-12 00:00:00,7,17,239,5,5,5,8.9,15
1982,2,48.73,24.36,2026-02-26 00:00:00,2026-06-13 00:00:00,1,16,107,5,1,1,107.0,7
1949,2,126.83,63.41,2026-03-16 00:00:00,2026-06-13 00:00:00,1,16,89,5,2,2,89.0,9
1911,2,186.54,93.27,2026-03-08 00:00:00,2026-06-13 00:00:00,2,16,97,5,2,2,97.0,9
1785,3,209.89,69.96,2026-03-11 00:00:00,2026-06-13 00:00:00,3,16,94,5,2,3,47.0,10
1819,4,169.91,42.48,2025-06-12 00:00:00,2026-06-13 00:00:00,3,16,366,5,2,2,122.0,9
1619,4,254.09,63.52,2025-12-09 00:00:00,2026-06-13 00:00:00,3,16,186,5,2,3,62.0,10
420,9,386.89,42.99,2025-11-19 00:00:00,2026-06-13 00:00:00,5,16,206,5,4,3,25.8,12
350,9,760.75,84.53,2025-01-24 00:00:00,2026-06-13 00:00:00,5,16,505,5,4,4,63.1,13
521,10,565.13,56.51,2026-02-14 00:00:00,2026-06-13 00:00:00,6,16,119,5,4,4,13.2,13
797,11,686.52,62.41,2025-04-17 00:00:00,2026-06-13 00:00:00,5,16,422,5,4,4,42.2,13
395,11,723.11,65.74,2025-12-19 00:00:00,2026-06-13 00:00:00,7,16,176,5,4,4,17.6,13
1122,11,2263.63,205.78,2026-04-09 00:00:00,2026-06-13 00:00:00,4,16,65,5,4,5,6.5,14
597,12,985.96,82.16,2025-03-07 00:00:00,2026-06-13 00:00:00,6,16,463,5,5,5,42.1,15
403,13,242.53,18.66,2025-12-05 00:00:00,2026-06-13 00:00:00,6,16,190,5,5,3,15.8,13
380,14,1290.21,92.16,2025-03-26 00:00:00,2026-06-13 00:00:00,6,16,444,5,5,5,34.2,15
735,15,519.22,34.61,2024-12-05 00:00:00,2026-06-13 00:00:00,7,16,555,5,5,4,39.6,14
341,16,562.07,35.13,2026-04-27 00:00:00,2026-06-13 00:00:00,6,16,47,5,5,4,3.1,14
177,17,1978.59,116.39,2025-06-23 00:00:00,2026-06-13 00:00:00,7,16,355,5,5,5,22.2,15
573,18,1265.17,70.29,2025-02-06 00:00:00,2026-06-13 00:00:00,7,16,492,5,5,5,28.9,15
46,21,1339.63,63.79,2025-06-27 00:00:00,2026-06-13 00:00:00,7,16,351,5,5,5,17.6,15
239,21,2149.1,102.34,2025-01-27 00:00:00,2026-06-13 00:00:00,7,16,502,5,5,5,25.1,15
227,21,3110.99,148.14,2025-12-11 00:00:00,2026-06-13 00:00:00,7,16,184,5,5,5,9.2,15
313,23,1823.25,79.27,2025-12-07 00:00:00,2026-06-13 00:00:00,6,16,188,5,5,5,8.5,15
101,27,2788.55,103.28,2024-07-20 00:00:00,2026-06-13 00:00:00,7,16,693,5,5,5,26.7,15
1753,2,52.47,26.23,2026-06-04 00:00:00,2026-06-14 00:00:00,2,15,10,5,1,1,10.0,7
1723,2,142.44,71.22,2026-04-26 00:00:00,2026-06-14 00:00:00,2,15,49,5,2,2,49.0,9
1315,5,442.41,88.48,2026-04-15 00:00:00,2026-06-14 00:00:00,4,15,60,5,3,3,15.0,11
399,8,603.14,75.39,2025-12-26 00:00:00,2026-06-14 00:00:00,5,15,170,5,4,4,24.3,13
862,9,524.86,58.32,2025-03-19 00:00:00,2026-06-14 00:00:00,3,15,452,5,4,4,56.5,13
928,10,590.25,59.02,2026-04-06 00:00:00,2026-06-14 00:00:00,6,15,69,5,4,4,7.7,13
876,12,609.45,50.79,2026-01-21 00:00:00,2026-06-14 00:00:00,6,15,144,5,4,4,13.1,13
1184,12,3021.04,251.75,2025-05-31 00:00:00,2026-06-14 00:00:00,5,15,379,5,5,5,34.5,15
1033,14,823.01,58.79,2026-01-11 00:00:00,2026-06-14 00:00:00,7,15,154,5,5,4,11.8,14
54,14,1430.98,102.21,2025-11-19 00:00:00,2026-06-14 00:00:00,5,15,207,5,5,5,15.9,15
1006,16,1034.9,64.68,2026-03-04 00:00:00,2026-06-14 00:00:00,6,15,102,5,5,5,6.8,15
473,16,1055.91,65.99,2025-07-20 00:00:00,2026-06-14 00:00:00,7,15,329,5,5,5,21.9,15
374,17,1480.55,87.09,2025-09-21 00:00:00,2026-06-14 00:00:00,7,15,266,5,5,5,16.6,15
9,18,2149.96,119.44,2025-09-04 00:00:00,2026-06-14 00:00:00,6,15,283,5,5,5,16.6,15
199,18,2495.27,138.63,2025-02-04 00:00:00,2026-06-14 00:00:00,6,15,495,5,5,5,29.1,15
323,19,366.92,19.31,2025-10-01 00:00:00,2026-06-14 00:00:00,5,15,256,5,5,3,14.2,13
170,22,1202.87,54.68,2026-01-03 00:00:00,2026-06-14 00:00:00,6,15,162,5,5,5,7.7,15
276,24,1462.48,60.94,2024-09-10 00:00:00,2026-06-14 00:00:00,7,15,642,5,5,5,27.9,15
215,25,2561.11,102.44,2026-02-24 00:00:00,2026-06-14 00:00:00,7,15,110,5,5,5,4.6,15
42,30,3068.69,102.29,2026-01-24 00:00:00,2026-06-14 00:00:00,7,15,141,5,5,5,4.9,15
1198,6,1199.73,199.96,2025-11-20 00:00:00,2026-06-15 00:00:00,5,14,207,5,3,5,41.4,13
474,7,410.87,58.7,2025-05-11 00:00:00,2026-06-15 00:00:00,3,14,400,5,3,3,66.7,11
948,7,460.36,65.77,2024-12-05 00:00:00,2026-06-15 00:00:00,5,14,557,5,3,4,92.8,12
904,7,591.23,84.46,2025-05-28 00:00:00,2026-06-15 00:00:00,3,14,383,5,3,4,63.8,12
908,8,403.9,50.49,2025-07-19 00:00:00,2026-06-15 00:00:00,5,14,331,5,4,3,47.3,12
1185,8,1766.52,220.81,2026-05-23 00:00:00,2026-06-15 00:00:00,6,14,23,5,4,5,3.3,14
995,9,724.0,80.44,2026-03-22 00:00:00,2026-06-15 00:00:00,4,14,85,5,4,4,10.6,13
1225,9,2076.0,230.67,2025-11-30 00:00:00,2026-06-15 00:00:00,5,14,197,5,4,5,24.6,14
999,11,400.92,36.45,2026-06-01 00:00:00,2026-06-15 00:00:00,6,14,14,5,4,3,1.4,12
666,11,654.07,59.46,2025-08-21 00:00:00,2026-06-15 00:00:00,6,14,298,5,4,4,29.8,13
963,11,702.77,63.89,2025-05-24 00:00:00,2026-06-15 00:00:00,7,14,387,5,4,4,38.7,13
1197,11,1626.01,147.82,2026-03-30 00:00:00,2026-06-15 00:00:00,6,14,77,5,4,5,7.7,14
486,12,576.28,48.02,2026-05-11 00:00:00,2026-06-15 00:00:00,6,14,35,5,4,4,3.2,13
376,12,653.03,54.42,2025-12-24 00:00:00,2026-06-15 00:00:00,6,14,173,5,4,4,15.7,13
152,12,1105.36,92.11,2026-03-22 00:00:00,2026-06-15 00:00:00,5,14,85,5,5,5,7.7,15
386,14,552.29,39.45,2025-04-18 00:00:00,2026-06-15 00:00:00,7,14,423,5,5,4,32.5,14
571,14,557.85,39.85,2024-09-06 00:00:00,2026-06-15 00:00:00,7,14,647,5,5,4,49.8,14
197,14,2080.88,148.63,2024-11-15 00:00:00,2026-06-15 00:00:00,7,14,577,5,5,5,44.4,15
729,15,306.94,20.46,2026-01-03 00:00:00,2026-06-15 00:00:00,6,14,163,5,5,3,11.6,13
543,16,963.76,60.23,2026-01-12 00:00:00,2026-06-15 00:00:00,6,14,154,5,5,5,10.3,15
160,16,1062.8,66.42,2026-05-05 00:00:00,2026-06-15 00:00:00,7,14,41,5,5,5,2.7,15
1095,18,965.92,53.66,2026-02-25 00:00:00,2026-06-15 00:00:00,7,14,110,5,5,5,6.5,15
179,18,1865.65,103.65,2025-03-02 00:00:00,2026-06-15 00:00:00,6,14,470,5,5,5,27.6,15
1065,19,1088.18,57.27,2026-04-27 00:00:00,2026-06-15 00:00:00,7,14,49,5,5,5,2.7,15
77,19,2030.06,106.85,2025-11-21 00:00:00,2026-06-15 00:00:00,7,14,206,5,5,5,11.4,15
86,22,2383.04,108.32,2025-07-10 00:00:00,2026-06-15 00:00:00,7,14,340,5,5,5,16.2,15
203,23,2178.91,94.74,2025-03-26 00:00:00,2026-06-15 00:00:00,6,14,446,5,5,5,20.3,15
83,23,2418.52,105.15,2025-02-05 00:00:00,2026-06-15 00:00:00,7,14,495,5,5,5,22.5,15
245,24,2938.67,122.44,2026-02-16 00:00:00,2026-06-15 00:00:00,7,14,119,5,5,5,5.2,15
273,25,2252.95,90.12,2025-10-04 00:00:00,2026-06-15 00:00:00,7,14,254,5,5,5,10.6,15
226,25,2529.42,101.18,2025-08-24 00:00:00,2026-06-15 00:00:00,7,14,295,5,5,5,12.3,15
20,26,2634.94,101.34,2025-07-26 00:00:00,2026-06-15 00:00:00,6,14,324,5,5,5,13.0,15
24,29,1221.13,42.11,2024-03-11 00:00:00,2026-06-15 00:00:00,6,14,826,5,5,5,29.5,15
305,31,3407.82,109.93,2024-08-09 00:00:00,2026-06-15 00:00:00,7,14,675,5,5,5,22.5,15
6,32,2676.16,83.63,2025-06-20 00:00:00,2026-06-15 00:00:00,6,14,360,5,5,5,11.6,15
1563,2,54.58,27.29,2025-05-21 00:00:00,2026-06-16 00:00:00,2,13,391,5,1,1,391.0,7
1404,2,81.26,40.63,2025-11-15 00:00:00,2026-06-16 00:00:00,2,13,213,5,1,1,213.0,7
1871,2,117.43,58.72,2026-04-29 00:00:00,2026-06-16 00:00:00,1,13,48,5,2,2,48.0,9
1992,2,137.05,68.53,2026-01-24 00:00:00,2026-06-16 00:00:00,1,13,143,5,2,2,143.0,9
1750,3,188.62,62.87,2026-05-27 00:00:00,2026-06-16 00:00:00,3,13,20,5,2,2,10.0,9
1499,3,230.23,76.74,2024-12-23 00:00:00,2026-06-16 00:00:00,3,13,540,5,2,3,270.0,10
1857,4,209.22,52.3,2026-03-29 00:00:00,2026-06-16 00:00:00,3,13,79,5,2,2,26.3,9
1506,6,140.56,23.43,2025-09-28 00:00:00,2026-06-16 00:00:00,3,13,261,5,3,2,52.2,10
637,10,1072.73,107.27,2026-01-31 00:00:00,2026-06-16 00:00:00,6,13,136,5,4,5,15.1,14
881,11,575.4,52.31,2025-11-24 00:00:00,2026-06-16 00:00:00,5,13,204,5,4,4,20.4,13
690,11,634.22,57.66,2024-10-14 00:00:00,2026-06-16 00:00:00,5,13,610,5,4,4,61.0,13
1047,12,775.66,64.64,2026-05-23 00:00:00,2026-06-16 00:00:00,7,13,24,5,4,4,2.2,13
702,14,731.48,52.25,2025-04-21 00:00:00,2026-06-16 00:00:00,5,13,421,5,5,4,32.4,14
1046,14,979.57,69.97,2025-06-09 00:00:00,2026-06-16 00:00:00,6,13,372,5,5,5,28.6,15
785,15,804.71,53.65,2024-05-03 00:00:00,2026-06-16 00:00:00,6,13,774,5,5,4,55.3,14
832,16,631.68,39.48,2024-12-06 00:00:00,2026-06-16 00:00:00,5,13,557,5,5,4,37.1,14
975,16,1098.99,68.69,2024-07-16 00:00:00,2026-06-16 00:00:00,6,13,700,5,5,5,46.7,15
772,16,1236.92,77.31,2025-08-21 00:00:00,2026-06-16 00:00:00,6,13,299,5,5,5,19.9,15
150,17,518.64,30.51,2026-04-28 00:00:00,2026-06-16 00:00:00,6,13,49,5,5,4,3.1,14
314,17,1092.44,64.26,2025-06-02 00:00:00,2026-06-16 00:00:00,6,13,379,5,5,5,23.7,15
44,17,1438.15,84.6,2025-02-03 00:00:00,2026-06-16 00:00:00,6,13,498,5,5,5,31.1,15
18,17,1690.02,99.41,2025-05-01 00:00:00,2026-06-16 00:00:00,6,13,411,5,5,5,25.7,15
1102,18,1037.65,57.65,2026-01-13 00:00:00,2026-06-16 00:00:00,7,13,154,5,5,5,9.1,15
959,18,1176.57,65.36,2025-04-06 00:00:00,2026-06-16 00:00:00,6,13,436,5,5,5,25.6,15
912,18,1700.17,94.45,2025-09-16 00:00:00,2026-06-16 00:00:00,5,13,273,5,5,5,16.1,15
61,20,2248.62,112.43,2026-03-10 00:00:00,2026-06-16 00:00:00,6,13,98,5,5,5,5.2,15
173,23,1240.04,53.91,2025-04-22 00:00:00,2026-06-16 00:00:00,7,13,420,5,5,5,19.1,15
69,25,2283.74,91.35,2026-04-27 00:00:00,2026-06-16 00:00:00,7,13,50,5,5,5,2.1,15
202,25,3121.83,124.87,2024-09-27 00:00:00,2026-06-16 00:00:00,7,13,627,5,5,5,26.1,15
17,28,3398.97,121.39,2026-05-19 00:00:00,2026-06-16 00:00:00,6,13,28,5,5,5,1.0,15
94,32,2992.54,93.52,2024-03-13 00:00:00,2026-06-16 00:00:00,7,13,825,5,5,5,26.6,15
107,34,2932.76,86.26,2025-08-07 00:00:00,2026-06-16 00:00:00,7,13,313,5,5,5,9.5,15
1919,1,27.55,27.55,2026-06-17 00:00:00,2026-06-17 00:00:00,1,12,0,5,1,1,,7
1670,1,71.81,71.81,2026-06-17 00:00:00,2026-06-17 00:00:00,1,12,0,5,1,1,,7
1729,1,86.64,86.64,2026-06-17 00:00:00,2026-06-17 00:00:00,1,12,0,5,1,2,,8
1640,2,114.02,57.01,2025-12-21 00:00:00,2026-06-17 00:00:00,2,12,178,5,2,2,178.0,9
1408,4,195.97,48.99,2025-04-28 00:00:00,2026-06-17 00:00:00,3,12,415,5,2,2,138.3,9
1936,4,236.32,59.08,2026-05-29 00:00:00,2026-06-17 00:00:00,4,12,19,5,2,3,6.3,10
1317,5,617.93,123.59,2026-05-25 00:00:00,2026-06-17 00:00:00,5,12,23,5,3,4,5.8,12
1192,5,1097.95,219.59,2025-07-12 00:00:00,2026-06-17 00:00:00,4,12,340,5,3,5,85.0,13
1322,7,1890.54,270.08,2026-06-01 00:00:00,2026-06-17 00:00:00,6,12,16,5,3,5,2.7,13
665,10,583.84,58.38,2026-04-09 00:00:00,2026-06-17 00:00:00,4,12,69,5,4,4,7.7,13
436,11,695.54,63.23,2025-12-16 00:00:00,2026-06-17 00:00:00,5,12,183,5,4,4,18.3,13
913,11,934.57,84.96,2026-02-05 00:00:00,2026-06-17 00:00:00,7,12,132,5,4,5,13.2,14
641,12,600.44,50.04,2026-04-19 00:00:00,2026-06-17 00:00:00,5,12,59,5,4,4,5.4,13
381,12,993.49,82.79,2025-11-02 00:00:00,2026-06-17 00:00:00,6,12,227,5,5,5,20.6,15
955,13,768.61,59.12,2025-12-14 00:00:00,2026-06-17 00:00:00,6,12,185,5,5,4,15.4,14
591,14,478.78,34.2,2026-02-01 00:00:00,2026-06-17 00:00:00,5,12,136,5,5,4,10.5,14
686,14,1198.55,85.61,2024-04-12 00:00:00,2026-06-17 00:00:00,6,12,796,5,5,5,61.2,15
393,15,868.61,57.91,2025-12-12 00:00:00,2026-06-17 00:00:00,5,12,187,5,5,5,13.4,15
950,16,1018.12,63.63,2024-03-18 00:00:00,2026-06-17 00:00:00,5,12,821,5,5,5,54.7,15
264,19,1750.5,92.13,2026-05-05 00:00:00,2026-06-17 00:00:00,7,12,43,5,5,5,2.4,15
228,19,2253.21,118.59,2026-05-30 00:00:00,2026-06-17 00:00:00,7,12,18,5,5,5,1.0,15
361,20,795.55,39.78,2024-10-08 00:00:00,2026-06-17 00:00:00,7,12,617,5,5,4,32.5,14
261,21,1809.56,86.17,2024-10-08 00:00:00,2026-06-17 00:00:00,7,12,617,5,5,5,30.9,15
205,21,2704.25,128.77,2025-02-21 00:00:00,2026-06-17 00:00:00,6,12,481,5,5,5,24.1,15
128,23,1537.95,66.87,2024-04-13 00:00:00,2026-06-17 00:00:00,7,12,795,5,5,5,36.1,15
134,25,3568.75,142.75,2025-10-04 00:00:00,2026-06-17 00:00:00,7,12,256,5,5,5,10.7,15
232,26,1975.83,75.99,2025-01-08 00:00:00,2026-06-17 00:00:00,7,12,525,5,5,5,21.0,15
309,28,2443.35,87.26,2024-05-04 00:00:00,2026-06-17 00:00:00,7,12,774,5,5,5,28.7,15
161,32,4633.26,144.79,2026-04-17 00:00:00,2026-06-17 00:00:00,7,12,61,5,5,5,2.0,15
249,34,3279.4,96.45,2025-04-22 00:00:00,2026-06-17 00:00:00,7,12,421,5,5,5,12.8,15
1684,2,111.12,55.56,2026-06-16 00:00:00,2026-06-18 00:00:00,2,11,2,5,2,2,2.0,9
1528,2,117.13,58.56,2026-06-10 00:00:00,2026-06-18 00:00:00,2,11,8,5,2,2,8.0,9
1547,3,185.53,61.84,2026-02-19 00:00:00,2026-06-18 00:00:00,2,11,119,5,2,2,59.5,9
1816,4,163.95,40.99,2025-11-12 00:00:00,2026-06-18 00:00:00,3,11,218,5,2,2,72.7,9
1183,5,694.87,138.97,2026-05-07 00:00:00,2026-06-18 00:00:00,5,11,42,5,3,4,10.5,12
1209,6,1161.28,193.55,2025-08-13 00:00:00,2026-06-18 00:00:00,4,11,309,5,3,5,61.8,13
328,8,651.89,81.49,2025-01-16 00:00:00,2026-06-18 00:00:00,6,11,518,5,4,4,74.0,13
678,9,566.79,62.98,2024-12-26 00:00:00,2026-06-18 00:00:00,5,11,539,5,4,4,67.4,13
835,11,521.39,47.4,2025-10-10 00:00:00,2026-06-18 00:00:00,6,11,251,5,4,4,25.1,13
930,12,1047.98,87.33,2024-10-13 00:00:00,2026-06-18 00:00:00,6,11,613,5,5,5,55.7,15
541,13,637.78,49.06,2024-05-06 00:00:00,2026-06-18 00:00:00,6,11,773,5,5,4,64.4,14
371,13,987.1,75.93,2025-05-22 00:00:00,2026-06-18 00:00:00,5,11,392,5,5,5,32.7,15
926,14,786.4,56.17,2026-03-21 00:00:00,2026-06-18 00:00:00,6,11,89,5,5,4,6.8,14
752,14,873.91,62.42,2025-12-22 00:00:00,2026-06-18 00:00:00,6,11,178,5,5,5,13.7,15
540,14,1015.68,72.55,2026-01-02 00:00:00,2026-06-18 00:00:00,7,11,167,5,5,5,12.8,15
998,16,1470.13,91.88,2026-05-05 00:00:00,2026-06-18 00:00:00,6,11,44,5,5,5,2.9,15
870,16,1534.11,95.88,2025-05-28 00:00:00,2026-06-18 00:00:00,7,11,386,5,5,5,25.7,15
208,16,1544.12,96.51,2026-06-03 00:00:00,2026-06-18 00:00:00,6,11,15,5,5,5,1.0,15
795,18,1246.58,69.25,2024-04-27 00:00:00,2026-06-18 00:00:00,6,11,782,5,5,5,46.0,15
196,19,2186.21,115.06,2025-11-20 00:00:00,2026-06-18 00:00:00,5,11,210,5,5,5,11.7,15
278,20,866.98,43.35,2026-01-03 00:00:00,2026-06-18 00:00:00,7,11,166,5,5,5,8.7,15
68,20,1758.8,87.94,2026-04-13 00:00:00,2026-06-18 00:00:00,6,11,66,5,5,5,3.5,15
217,22,3025.77,137.53,2024-04-30 00:00:00,2026-06-18 00:00:00,5,11,779,5,5,5,37.1,15
212,25,2856.45,114.26,2025-05-23 00:00:00,2026-06-18 00:00:00,7,11,391,5,5,5,16.3,15
169,29,2850.65,98.3,2025-12-19 00:00:00,2026-06-18 00:00:00,7,11,181,5,5,5,6.5,15
174,31,3004.88,96.93,2026-02-12 00:00:00,2026-06-18 00:00:00,7,11,126,5,5,5,4.2,15
1841,2,77.28,38.64,2026-06-17 00:00:00,2026-06-19 00:00:00,2,10,2,5,1,1,2.0,7
1934,2,79.49,39.74,2026-04-13 00:00:00,2026-06-19 00:00:00,1,10,67,5,1,1,67.0,7
1484,2,86.06,43.03,2026-01-15 00:00:00,2026-06-19 00:00:00,2,10,155,5,1,2,155.0,8
1436,2,157.81,78.91,2026-04-24 00:00:00,2026-06-19 00:00:00,1,10,56,5,2,2,56.0,9
1933,3,122.11,40.7,2025-12-23 00:00:00,2026-06-19 00:00:00,2,10,178,5,2,2,89.0,9
1717,3,135.18,45.06,2026-04-27 00:00:00,2026-06-19 00:00:00,3,10,53,5,2,2,26.5,9
1208,4,1329.83,332.46,2025-12-16 00:00:00,2026-06-19 00:00:00,4,10,185,5,3,5,61.7,13
1932,6,284.74,47.46,2026-03-16 00:00:00,2026-06-19 00:00:00,3,10,95,5,3,3,19.0,11
351,8,537.25,67.16,2026-05-26 00:00:00,2026-06-19 00:00:00,6,10,24,5,4,4,3.4,13
1128,9,1744.1,193.79,2026-03-21 00:00:00,2026-06-19 00:00:00,7,10,90,5,4,5,11.3,14
824,11,368.12,33.47,2026-05-08 00:00:00,2026-06-19 00:00:00,6,10,42,5,4,3,4.2,12
1103,13,604.86,46.53,2024-12-18 00:00:00,2026-06-19 00:00:00,6,10,548,5,5,4,45.7,14
960,13,640.15,49.24,2025-09-29 00:00:00,2026-06-19 00:00:00,5,10,263,5,5,4,21.9,14
294,17,1527.76,89.87,2025-02-12 00:00:00,2026-06-19 00:00:00,7,10,492,5,5,5,30.8,15
156,18,2216.83,123.16,2025-06-22 00:00:00,2026-06-19 00:00:00,7,10,362,5,5,5,21.3,15
1057,21,2119.01,100.91,2026-01-01 00:00:00,2026-06-19 00:00:00,6,10,169,5,5,5,8.4,15
266,22,2200.61,100.03,2026-04-12 00:00:00,2026-06-19 00:00:00,7,10,68,5,5,5,3.2,15
788,24,756.01,31.5,2025-06-20 00:00:00,2026-06-19 00:00:00,7,10,364,5,5,4,15.8,14
302,24,2948.96,122.87,2024-12-12 00:00:00,2026-06-19 00:00:00,7,10,554,5,5,5,24.1,15
56,25,2813.05,112.52,2026-04-17 00:00:00,2026-06-19 00:00:00,6,10,63,5,5,5,2.6,15
198,27,3126.17,115.78,2025-03-01 00:00:00,2026-06-19 00:00:00,6,10,475,5,5,5,18.3,15
1534,4,158.96,39.74,2025-12-16 00:00:00,2026-06-20 00:00:00,4,9,186,5,2,2,62.0,9
1525,4,255.42,63.85,2026-01-07 00:00:00,2026-06-20 00:00:00,4,9,164,5,2,3,54.7,10
1661,6,339.62,56.6,2024-03-15 00:00:00,2026-06-20 00:00:00,3,9,827,5,3,3,165.4,11
1397,8,2394.99,299.37,2025-08-27 00:00:00,2026-06-20 00:00:00,6,9,297,5,4,5,42.4,14
989,12,629.82,52.48,2026-02-27 00:00:00,2026-06-20 00:00:00,4,9,113,5,4,4,10.3,13
699,13,1261.9,97.07,2026-04-21 00:00:00,2026-06-20 00:00:00,6,9,60,5,5,5,5.0,15
397,14,594.05,42.43,2024-08-11 00:00:00,2026-06-20 00:00:00,7,9,678,5,5,4,52.2,14
598,14,828.55,59.18,2025-05-07 00:00:00,2026-06-20 00:00:00,5,9,409,5,5,4,31.5,14
453,14,877.97,62.71,2026-02-08 00:00:00,2026-06-20 00:00:00,5,9,132,5,5,5,10.2,15
417,15,552.87,36.86,2026-05-18 00:00:00,2026-06-20 00:00:00,5,9,33,5,5,4,2.4,14
589,20,1526.75,76.34,2024-07-11 00:00:00,2026-06-20 00:00:00,7,9,709,5,5,5,37.3,15
281,22,2213.86,100.63,2026-01-26 00:00:00,2026-06-20 00:00:00,7,9,145,5,5,5,6.9,15
235,22,2322.04,105.55,2024-08-22 00:00:00,2026-06-20 00:00:00,6,9,667,5,5,5,31.8,15
95,24,4058.82,169.12,2025-11-02 00:00:00,2026-06-20 00:00:00,7,9,230,5,5,5,10.0,15
201,28,1743.63,62.27,2025-08-06 00:00:00,2026-06-20 00:00:00,7,9,318,5,5,5,11.8,15
12,28,1762.07,62.93,2025-04-11 00:00:00,2026-06-20 00:00:00,7,9,435,5,5,5,16.1,15
280,31,3081.56,99.41,2025-09-24 00:00:00,2026-06-20 00:00:00,7,9,269,5,5,5,9.0,15
260,36,4245.23,117.92,2025-06-13 00:00:00,2026-06-20 00:00:00,7,9,372,5,5,5,10.6,15
269,38,3827.89,100.73,2025-02-21 00:00:00,2026-06-20 00:00:00,7,9,484,5,5,5,13.1,15
1556,4,244.06,61.02,2026-04-21 00:00:00,2026-06-21 00:00:00,3,8,61,5,2,3,20.3,10
353,7,51.93,7.42,2025-04-12 00:00:00,2026-06-21 00:00:00,6,8,435,5,3,1,72.5,9
494,9,610.97,67.89,2026-06-12 00:00:00,2026-06-21 00:00:00,5,8,9,5,4,4,1.1,13
651,11,823.34,74.85,2026-05-26 00:00:00,2026-06-21 00:00:00,6,8,26,5,4,4,2.6,13
806,11,1034.43,94.04,2026-03-01 00:00:00,2026-06-21 00:00:00,6,8,112,5,4,5,11.2,14
1114,13,835.06,64.24,2026-03-19 00:00:00,2026-06-21 00:00:00,7,8,94,5,5,4,7.8,14
649,14,492.39,35.17,2024-11-05 00:00:00,2026-06-21 00:00:00,6,8,593,5,5,4,45.6,14
668,14,1108.19,79.16,2025-08-12 00:00:00,2026-06-21 00:00:00,6,8,313,5,5,5,24.1,15
116,14,1438.94,102.78,2026-02-21 00:00:00,2026-06-21 00:00:00,5,8,120,5,5,5,9.2,15
780,15,796.16,53.08,2024-09-23 00:00:00,2026-06-21 00:00:00,5,8,636,5,5,4,45.4,14
863,15,1053.14,70.21,2025-11-13 00:00:00,2026-06-21 00:00:00,5,8,220,5,5,5,15.7,15
992,15,1163.85,77.59,2026-05-30 00:00:00,2026-06-21 00:00:00,6,8,22,5,5,5,1.6,15
7,15,2029.91,135.33,2026-04-14 00:00:00,2026-06-21 00:00:00,6,8,68,5,5,5,4.9,15
631,16,962.49,60.16,2025-11-16 00:00:00,2026-06-21 00:00:00,6,8,217,5,5,5,14.5,15
1060,19,1154.83,60.78,2025-07-19 00:00:00,2026-06-21 00:00:00,7,8,337,5,5,5,18.7,15
1029,19,1502.23,79.06,2025-08-15 00:00:00,2026-06-21 00:00:00,6,8,310,5,5,5,17.2,15
29,22,1261.91,57.36,2026-05-31 00:00:00,2026-06-21 00:00:00,7,8,21,5,5,5,1.0,15
155,23,2073.06,90.13,2025-09-07 00:00:00,2026-06-21 00:00:00,7,8,287,5,5,5,13.0,15
23,28,1290.53,46.09,2025-04-17 00:00:00,2026-06-21 00:00:00,7,8,430,5,5,5,15.9,15
807,7,333.94,47.71,2026-02-24 00:00:00,2026-06-22 00:00:00,4,7,118,5,3,3,19.7,11
206,11,869.98,79.09,2025-11-20 00:00:00,2026-06-22 00:00:00,6,7,214,5,4,5,21.4,14
275,11,1035.11,94.1,2026-06-12 00:00:00,2026-06-22 00:00:00,5,7,10,5,4,5,1.0,14
1400,11,2690.85,244.62,2026-04-27 00:00:00,2026-06-22 00:00:00,6,7,56,5,4,5,5.6,14
681,12,514.76,42.9,2025-02-23 00:00:00,2026-06-22 00:00:00,5,7,484,5,4,4,44.0,13
554,12,624.78,52.06,2025-12-16 00:00:00,2026-06-22 00:00:00,5,7,188,5,4,4,17.1,13
635,12,669.22,55.77,2024-08-02 00:00:00,2026-06-22 00:00:00,6,7,689,5,4,4,62.6,13
1020,13,581.0,44.69,2026-03-24 00:00:00,2026-06-22 00:00:00,4,7,90,5,5,4,7.5,14
828,13,760.4,58.49,2025-08-27 00:00:00,2026-06-22 00:00:00,7,7,299,5,5,4,24.9,14
508,13,990.75,76.21,2024-09-29 00:00:00,2026-06-22 00:00:00,6,7,631,5,5,5,52.6,15
983,13,1078.0,82.92,2026-01-29 00:00:00,2026-06-22 00:00:00,7,7,144,5,5,5,12.0,15
22,16,1332.71,83.29,2026-06-01 00:00:00,2026-06-22 00:00:00,7,7,21,5,5,5,1.4,15
76,16,2113.16,132.07,2026-03-23 00:00:00,2026-06-22 00:00:00,6,7,91,5,5,5,6.1,15
567,17,442.19,26.01,2025-10-31 00:00:00,2026-06-22 00:00:00,6,7,234,5,5,3,14.6,13
158,18,2141.73,118.98,2025-06-25 00:00:00,2026-06-22 00:00:00,7,7,362,5,5,5,21.3,15
103,21,1432.89,68.23,2026-04-04 00:00:00,2026-06-22 00:00:00,7,7,79,5,5,5,4.0,15
90,23,2426.03,105.48,2025-03-18 00:00:00,2026-06-22 00:00:00,6,7,461,5,5,5,21.0,15
162,24,2224.22,92.68,2024-12-01 00:00:00,2026-06-22 00:00:00,6,7,568,5,5,5,24.7,15
279,24,2543.41,105.98,2025-11-14 00:00:00,2026-06-22 00:00:00,7,7,220,5,5,5,9.6,15
75,25,1509.14,60.37,2026-02-05 00:00:00,2026-06-22 00:00:00,7,7,137,5,5,5,5.7,15
41,27,2172.61,80.47,2025-06-15 00:00:00,2026-06-22 00:00:00,7,7,372,5,5,5,14.3,15
1407,2,118.47,59.23,2025-02-19 00:00:00,2026-06-23 00:00:00,2,6,489,5,2,2,489.0,9
1608,4,201.72,50.43,2025-10-27 00:00:00,2026-06-23 00:00:00,4,6,239,5,2,2,79.7,9
1825,4,265.82,66.45,2024-12-13 00:00:00,2026-06-23 00:00:00,2,6,557,5,3,3,185.7,11
1834,4,268.99,67.25,2026-05-12 00:00:00,2026-06-23 00:00:00,3,6,42,5,3,3,14.0,11
1715,4,334.57,83.64,2024-10-09 00:00:00,2026-06-23 00:00:00,3,6,622,5,3,3,207.3,11
1346,6,1291.99,215.33,2025-02-18 00:00:00,2026-06-23 00:00:00,5,6,490,5,3,5,98.0,13
657,8,303.65,37.96,2025-03-06 00:00:00,2026-06-23 00:00:00,3,6,474,5,3,3,67.7,11
1343,8,2192.77,274.1,2026-02-23 00:00:00,2026-06-23 00:00:00,5,6,120,5,4,5,17.1,14
329,9,419.08,46.56,2025-03-29 00:00:00,2026-06-23 00:00:00,5,6,451,5,4,3,56.4,12
667,11,698.81,63.53,2024-09-01 00:00:00,2026-06-23 00:00:00,6,6,660,5,4,4,66.0,13
632,11,766.32,69.67,2025-07-13 00:00:00,2026-06-23 00:00:00,5,6,345,5,4,4,34.5,13
919,13,332.74,25.6,2025-10-08 00:00:00,2026-06-23 00:00:00,5,6,258,5,5,3,21.5,13
256,13,1643.84,126.45,2026-02-07 00:00:00,2026-06-23 00:00:00,6,6,136,5,5,5,11.3,15
768,14,1038.52,74.18,2025-11-29 00:00:00,2026-06-23 00:00:00,7,6,206,5,5,5,15.8,15
337,14,1349.65,96.4,2025-10-30 00:00:00,2026-06-23 00:00:00,6,6,236,5,5,5,18.2,15
582,15,792.78,52.85,2024-09-07 00:00:00,2026-06-23 00:00:00,4,6,654,5,5,4,46.7,14
603,16,947.64,59.23,2026-02-18 00:00:00,2026-06-23 00:00:00,7,6,125,5,5,5,8.3,15
542,16,1004.13,62.76,2025-04-21 00:00:00,2026-06-23 00:00:00,6,6,428,5,5,5,28.5,15
289,16,1425.22,89.08,2025-07-20 00:00:00,2026-06-23 00:00:00,6,6,338,5,5,5,22.5,15
914,17,975.86,57.4,2026-02-12 00:00:00,2026-06-23 00:00:00,6,6,131,5,5,5,8.2,15
254,20,1905.19,95.26,2026-02-24 00:00:00,2026-06-23 00:00:00,7,6,119,5,5,5,6.3,15
1113,21,615.75,29.32,2025-12-08 00:00:00,2026-06-23 00:00:00,7,6,197,5,5,4,9.8,14
1090,21,1134.06,54.0,2025-10-26 00:00:00,2026-06-23 00:00:00,7,6,240,5,5,5,12.0,15
270,23,2147.69,93.38,2025-11-28 00:00:00,2026-06-23 00:00:00,6,6,207,5,5,5,9.4,15
247,24,2113.52,88.06,2025-12-18 00:00:00,2026-06-23 00:00:00,7,6,187,5,5,5,8.1,15
315,24,2507.92,104.5,2025-01-09 00:00:00,2026-06-23 00:00:00,7,6,530,5,5,5,23.0,15
146,28,2897.64,103.49,2024-10-16 00:00:00,2026-06-23 00:00:00,6,6,615,5,5,5,22.8,15
1801,1,38.23,38.23,2026-06-24 00:00:00,2026-06-24 00:00:00,1,5,0,5,1,1,,7
1758,1,82.23,82.23,2026-06-24 00:00:00,2026-06-24 00:00:00,1,5,0,5,1,1,,7
1662,2,105.31,52.66,2026-03-23 00:00:00,2026-06-24 00:00:00,1,5,93,5,2,2,93.0,9
1557,4,113.19,28.3,2025-06-14 00:00:00,2026-06-24 00:00:00,4,5,375,5,2,2,125.0,9
1637,5,235.31,47.06,2026-01-17 00:00:00,2026-06-24 00:00:00,3,5,158,5,3,3,39.5,11
1344,7,1810.88,258.7,2026-05-18 00:00:00,2026-06-24 00:00:00,4,5,37,5,3,5,6.2,13
815,10,670.59,67.06,2026-06-15 00:00:00,2026-06-24 00:00:00,5,5,9,5,4,4,1.0,13
593,11,542.29,49.3,2024-04-07 00:00:00,2026-06-24 00:00:00,5,5,808,5,4,4,80.8,13
976,12,585.54,48.79,2025-11-19 00:00:00,2026-06-24 00:00:00,6,5,217,5,4,4,19.7,13
979,14,548.39,39.17,2025-05-28 00:00:00,2026-06-24 00:00:00,5,5,392,5,5,4,30.2,14
164,15,654.7,43.65,2026-05-10 00:00:00,2026-06-24 00:00:00,5,5,45,5,5,4,3.2,14
903,18,622.29,34.57,2026-03-04 00:00:00,2026-06-24 00:00:00,6,5,112,5,5,4,6.6,14
87,20,2875.67,143.78,2024-12-09 00:00:00,2026-06-24 00:00:00,7,5,562,5,5,5,29.6,15
956,21,989.87,47.14,2026-04-28 00:00:00,2026-06-24 00:00:00,6,5,57,5,5,5,2.9,15
231,22,2403.34,109.24,2026-01-26 00:00:00,2026-06-24 00:00:00,7,5,149,5,5,5,7.1,15
135,26,2983.3,114.74,2025-10-01 00:00:00,2026-06-24 00:00:00,6,5,266,5,5,5,10.6,15
287,28,2775.25,99.12,2025-02-23 00:00:00,2026-06-24 00:00:00,7,5,486,5,5,5,18.0,15
60,38,4947.16,130.19,2024-07-20 00:00:00,2026-06-24 00:00:00,7,5,704,5,5,5,19.0,15
1421,3,91.34,30.45,2026-03-23 00:00:00,2026-06-25 00:00:00,2,4,94,5,2,2,47.0,9
1257,3,546.55,182.18,2026-04-05 00:00:00,2026-06-25 00:00:00,3,4,81,5,2,4,40.5,11
1291,7,603.84,86.26,2026-02-19 00:00:00,2026-06-25 00:00:00,4,4,126,5,3,4,21.0,12
322,8,424.52,53.06,2025-06-03 00:00:00,2026-06-25 00:00:00,4,4,387,5,4,3,55.3,12
1398,8,2216.18,277.02,2026-02-06 00:00:00,2026-06-25 00:00:00,3,4,139,5,4,5,19.9,14
607,13,785.53,60.43,2025-06-03 00:00:00,2026-06-25 00:00:00,6,4,387,5,5,4,32.3,14
604,13,1402.31,107.87,2026-04-03 00:00:00,2026-06-25 00:00:00,5,4,83,5,5,5,6.9,15
572,14,640.48,45.75,2026-01-14 00:00:00,2026-06-25 00:00:00,5,4,162,5,5,4,12.5,14
833,16,1016.5,63.53,2024-04-08 00:00:00,2026-06-25 00:00:00,5,4,808,5,5,5,53.9,15
890,19,803.66,42.3,2024-06-11 00:00:00,2026-06-25 00:00:00,6,4,744,5,5,4,41.3,14
707,21,748.83,35.66,2026-04-12 00:00:00,2026-06-25 00:00:00,6,4,74,5,5,4,3.7,14
114,21,1785.85,85.04,2025-11-11 00:00:00,2026-06-25 00:00:00,7,4,226,5,5,5,11.3,15
123,23,2688.34,116.88,2024-02-07 00:00:00,2026-06-25 00:00:00,7,4,869,5,5,5,39.5,15
223,24,1546.26,64.43,2025-08-01 00:00:00,2026-06-25 00:00:00,7,4,328,5,5,5,14.3,15
211,24,2433.13,101.38,2025-04-28 00:00:00,2026-06-25 00:00:00,6,4,423,5,5,5,18.4,15
180,11,1354.27,123.12,2026-06-09 00:00:00,2026-06-26 00:00:00,6,3,17,5,4,5,1.7,14
575,12,665.32,55.44,2025-10-17 00:00:00,2026-06-26 00:00:00,5,3,252,5,4,4,22.9,13
1005,14,957.58,68.4,2025-10-14 00:00:00,2026-06-26 00:00:00,5,3,255,5,5,5,19.6,15
800,16,876.83,54.8,2025-11-18 00:00:00,2026-06-26 00:00:00,7,3,220,5,5,5,14.7,15
143,20,2338.31,116.92,2025-08-10 00:00:00,2026-06-26 00:00:00,6,3,320,5,5,5,16.8,15
319,24,2246.4,93.6,2025-11-26 00:00:00,2026-06-26 00:00:00,7,3,212,5,5,5,9.2,15
117,27,1631.61,60.43,2025-08-21 00:00:00,2026-06-26 00:00:00,7,3,309,5,5,5,11.9,15
176,27,2298.93,85.15,2024-08-08 00:00:00,2026-06-26 00:00:00,7,3,687,5,5,5,26.4,15
1688,2,109.09,54.55,2025-11-17 00:00:00,2026-06-27 00:00:00,2,2,222,5,2,2,222.0,9
856,9,680.53,75.61,2026-05-21 00:00:00,2026-06-27 00:00:00,4,2,37,5,4,4,4.6,13
987,9,861.35,95.71,2025-12-02 00:00:00,2026-06-27 00:00:00,5,2,207,5,4,4,25.9,13
851,14,948.48,67.75,2025-03-03 00:00:00,2026-06-27 00:00:00,6,2,481,5,5,5,37.0,15
650,16,449.05,28.07,2026-03-10 00:00:00,2026-06-27 00:00:00,7,2,109,5,5,3,7.3,13
136,20,1431.28,71.56,2026-01-22 00:00:00,2026-06-27 00:00:00,7,2,156,5,5,5,8.2,15
271,23,1905.32,82.84,2026-04-12 00:00:00,2026-06-27 00:00:00,7,2,76,5,5,5,3.5,15
125,31,3536.91,114.09,2025-08-13 00:00:00,2026-06-27 00:00:00,7,2,318,5,5,5,10.6,15
1377,4,947.33,236.83,2025-03-01 00:00:00,2026-06-28 00:00:00,3,1,484,5,3,5,161.3,13
344,10,571.93,57.19,2026-02-22 00:00:00,2026-06-28 00:00:00,6,1,126,5,4,4,14.0,13
769,11,492.75,44.8,2026-06-01 00:00:00,2026-06-28 00:00:00,7,1,27,5,4,4,2.7,13
848,14,1277.24,91.23,2025-01-20 00:00:00,2026-06-28 00:00:00,7,1,524,5,5,5,40.3,15
194,14,1908.37,136.31,2026-06-02 00:00:00,2026-06-28 00:00:00,5,1,26,5,5,5,2.0,15
120,15,1373.98,91.6,2026-05-18 00:00:00,2026-06-28 00:00:00,7,1,41,5,5,5,2.9,15
238,20,2033.24,101.66,2026-05-19 00:00:00,2026-06-28 00:00:00,7,1,40,5,5,5,2.1,15
340,21,980.82,46.71,2024-10-14 00:00:00,2026-06-28 00:00:00,7,1,622,5,5,5,31.1,15
97,21,1639.03,78.05,2026-03-29 00:00:00,2026-06-28 00:00:00,7,1,91,5,5,5,4.5,15
91,23,2732.06,118.79,2024-12-14 00:00:00,2026-06-28 00:00:00,6,1,561,5,5,5,25.5,15
234,25,2213.77,88.55,2024-12-09 00:00:00,2026-06-28 00:00:00,7,1,566,5,5,5,23.6,15
1447,1,58.03,58.03,2026-06-29 00:00:00,2026-06-29 00:00:00,1,0,0,5,1,1,,7
172,11,1334.05,121.28,2025-12-18 00:00:00,2026-06-29 00:00:00,6,0,193,5,4,5,19.3,14
1097,14,836.33,59.74,2025-09-05 00:00:00,2026-06-29 00:00:00,7,0,297,5,5,4,22.8,14
96,23,2702.61,117.5,2026-04-27 00:00:00,2026-06-29 00:00:00,6,0,63,5,5,5,2.9,15
81,26,2802.63,107.79,2026-03-22 00:00:00,2026-06-29 00:00:00,6,0,99,5,5,5,4.0,15
